ds,trend,yhat_lower,yhat_upper,trend_lower,trend_upper,additive_terms,additive_terms_lower,additive_terms_upper,weekly,weekly_lower,weekly_upper,yearly,yearly_lower,yearly_upper,multiplicative_terms,multiplicative_terms_lower,multiplicative_terms_upper,yhat
2015-01-03,1407.906749419236,-1125.2098687689124,4092.2773939523327,1407.906749419236,1407.906749419236,102.92004476819032,102.92004476819032,102.92004476819032,370.8670351123579,370.8670351123579,370.8670351123579,-267.94699034416755,-267.94699034416755,-267.94699034416755,0.0,0.0,0.0,1510.8267941874262
2015-01-04,1408.1554986013764,-1550.3066599362962,3931.707903187018,1408.1554986013764,1408.1554986013764,-233.64738052792225,-233.64738052792225,-233.64738052792225,130.7547662857828,130.7547662857828,130.7547662857828,-364.4021468137051,-364.4021468137051,-364.4021468137051,0.0,0.0,0.0,1174.5081180734542
2015-01-05,1408.4042477835164,-1779.0109068214379,3532.441074131484,1408.4042477835164,1408.4042477835164,-448.13296380807145,-448.13296380807145,-448.13296380807145,7.146619483113385,7.146619483113385,7.146619483113385,-455.27958329118474,-455.27958329118474,-455.27958329118474,0.0,0.0,0.0,960.2712839754449
2015-01-06,1408.6529969656567,-1666.466816871705,4070.9923287407883,1408.6529969656567,1408.6529969656567,-192.00526053424937,-192.00526053424937,-192.00526053424937,347.3575507894041,347.3575507894041,347.3575507894041,-539.3628113236535,-539.3628113236535,-539.3628113236535,0.0,0.0,0.0,1216.6477364314073
2015-01-07,1408.901746147797,-2005.989627182687,3283.354830153874,1408.901746147797,1408.901746147797,-718.390641762447,-718.390641762447,-718.390641762447,-102.82822581029113,-102.82822581029113,-102.82822581029113,-615.5624159521559,-615.5624159521559,-615.5624159521559,0.0,0.0,0.0,690.51110438535
2015-01-09,1409.3992445120773,-2048.9707122640307,3216.252556072634,1409.3992445120773,1409.3992445120773,-809.7982014109621,-809.7982014109621,-809.7982014109621,-69.05552676171364,-69.05552676171364,-69.05552676171364,-740.7426746492486,-740.7426746492486,-740.7426746492486,0.0,0.0,0.0,599.6010431011152
2015-01-10,1409.6479936942178,-1693.9455160450016,3820.957241011767,1409.6479936942178,1409.6479936942178,-417.5320631236612,-417.5320631236612,-417.5320631236612,370.8670351123548,370.8670351123548,370.8670351123548,-788.399098236016,-788.399098236016,-788.399098236016,0.0,0.0,0.0,992.1159305705567
2015-01-11,1409.8967428763578,-2155.6581294216444,3458.5357135648246,1409.8967428763578,1409.8967428763578,-694.8024334359025,-694.8024334359025,-694.8024334359025,130.7547662854402,130.7547662854402,130.7547662854402,-825.5571997213427,-825.5571997213427,-825.5571997213427,0.0,0.0,0.0,715.0943094404554
2015-01-13,1410.3942412406384,-1729.055443955645,3697.6326378934805,1410.3942412406384,1410.3942412406384,-520.7076918962604,-520.7076918962604,-520.7076918962604,347.35755078934875,347.35755078934875,347.35755078934875,-868.0652426856091,-868.0652426856091,-868.0652426856091,0.0,0.0,0.0,889.686549344378
2015-01-14,1410.6429904227787,-2297.629386408338,3217.100733821289,1410.6429904227787,1410.6429904227787,-976.6478881288102,-976.6478881288102,-976.6478881288102,-102.82822581048289,-102.82822581048289,-102.82822581048289,-873.819662318327,-873.819662318327,-873.819662318327,0.0,0.0,0.0,433.99510229396844
2015-01-15,1410.891739604919,-3050.89039226057,2624.6978393341587,1410.891739604919,1410.891739604919,-1554.1204676069553,-1554.1204676069553,-1554.1204676069553,-684.242219098964,-684.242219098964,-684.242219098964,-869.8782485079914,-869.8782485079914,-869.8782485079914,0.0,0.0,0.0,-143.2287280020364
2015-01-16,1411.1404887870592,-1989.7706381348828,3216.4806853920372,1411.1404887870592,1411.1404887870592,-926.0360102784655,-926.0360102784655,-926.0360102784655,-69.05552676094818,-69.05552676094818,-69.05552676094818,-856.9804835175173,-856.9804835175173,-856.9804835175173,0.0,0.0,0.0,485.10447850859373
2015-01-18,1411.6379871513395,-2064.208627154902,3331.107673202068,1411.6379871513395,1411.6379871513395,-677.4520099974143,-677.4520099974143,-677.4520099974143,130.75476628610576,130.75476628610576,130.75476628610576,-808.2067762835202,-808.2067762835202,-808.2067762835202,0.0,0.0,0.0,734.1859771539253
2015-01-19,1411.88673633348,-2249.595393219961,3585.5437184350026,1411.88673633348,1411.88673633348,-767.5290313391828,-767.5290313391828,-767.5290313391828,7.146619482784215,7.146619482784215,7.146619482784215,-774.675650821967,-774.675650821967,-774.675650821967,0.0,0.0,0.0,644.3577049942973
2015-01-20,1412.13548551562,-1654.884762023015,3613.1601741546647,1412.13548551562,1412.13548551562,-389.4661667936254,-389.4661667936254,-389.4661667936254,347.3575507896273,347.3575507896273,347.3575507896273,-736.8237175832527,-736.8237175832527,-736.8237175832527,0.0,0.0,0.0,1022.6693187219946
2015-01-23,1412.881733062041,-2115.2687487064286,3359.7131382526068,1412.881733062041,1412.881733062041,-681.0542118490938,-681.0542118490938,-681.0542118490938,-69.0555267621284,-69.0555267621284,-69.0555267621284,-611.9986850869653,-611.9986850869653,-611.9986850869653,0.0,0.0,0.0,731.8275212129471
2015-01-26,1413.6279806084617,-1806.4126196467928,3693.687683074139,1413.6279806084617,1413.6279806084617,-494.1788129654667,-494.1788129654667,-494.1788129654667,7.1466194830815555,7.1466194830815555,7.1466194830815555,-501.3254324485483,-501.3254324485483,-501.3254324485483,0.0,0.0,0.0,919.449167642995
2015-01-27,1413.8767297906018,-1571.790379649971,3916.2161080986857,1413.8767297906018,1413.8767297906018,-126.5864306287019,-126.5864306287019,-126.5864306287019,347.3575507892381,347.3575507892381,347.3575507892381,-473.9439814179399,-473.9439814179399,-473.9439814179399,0.0,0.0,0.0,1287.2902991618998
2015-01-28,1414.125478972742,-1740.246648815117,3527.569121415054,1414.125478972742,1414.125478972742,-556.0246781329048,-556.0246781329048,-556.0246781329048,-102.82822581053652,-102.82822581053652,-102.82822581053652,-453.19645232236826,-453.19645232236826,-453.19645232236826,0.0,0.0,0.0,858.1008008398372
2015-01-30,1414.6229773370226,-1872.9357284676464,3573.221891636177,1414.6229773370226,1414.6229773370226,-503.93402444583495,-503.93402444583495,-503.93402444583495,-69.0555267614804,-69.0555267614804,-69.0555267614804,-434.87849768435456,-434.87849768435456,-434.87849768435456,0.0,0.0,0.0,910.6889528911877
2015-01-31,1414.8717265191628,-1302.7543358779394,3995.4115099948517,1414.8717265191628,1414.8717265191628,-67.54943245224027,-67.54943245224027,-67.54943245224027,370.86703511231906,370.86703511231906,370.86703511231906,-438.4164675645593,-438.4164675645593,-438.4164675645593,0.0,0.0,0.0,1347.3222940669225
2015-02-01,1415.1204757013031,-1878.8414232002879,3755.5375254380156,1415.1204757013031,1415.1204757013031,-320.02069618428374,-320.02069618428374,-320.02069618428374,130.75476628625512,130.75476628625512,130.75476628625512,-450.77546247053886,-450.77546247053886,-450.77546247053886,0.0,0.0,0.0,1095.0997795170194
2015-02-02,1415.3692248834432,-1912.9631729444595,3629.247116589803,1415.3692248834432,1415.3692248834432,-464.77649772412553,-464.77649772412553,-464.77649772412553,7.146619482736588,7.146619482736588,7.146619482736588,-471.9231172068622,-471.9231172068622,-471.9231172068622,0.0,0.0,0.0,950.5927271593176
2015-02-03,1415.6179740655834,-1570.2069435912194,4006.7462720884578,1415.6179740655834,1415.6179740655834,-154.22757662098456,-154.22757662098456,-154.22757662098456,347.35755078945976,347.35755078945976,347.35755078945976,-501.5851274104443,-501.5851274104443,-501.5851274104443,0.0,0.0,0.0,1261.3903974445989
2015-02-04,1415.866723247724,-1935.1636507360458,3767.1808501616792,1415.866723247724,1415.866723247724,-642.0784122194727,-642.0784122194727,-642.0784122194727,-102.82822581104828,-102.82822581104828,-102.82822581104828,-539.2501864084244,-539.2501864084244,-539.2501864084244,0.0,0.0,0.0,773.7883110282512
2015-02-06,1416.3642216120043,-1956.2444857708522,3451.940443396536,1416.3642216120043,1416.3642216120043,-704.4842277689809,-704.4842277689809,-704.4842277689809,-69.05552676083244,-69.05552676083244,-69.05552676083244,-635.4287010081484,-635.4287010081484,-635.4287010081484,0.0,0.0,0.0,711.8799938430234
2015-02-07,1416.6129707941445,-1696.217586916176,3860.825145539037,1416.6129707941445,1416.6129707941445,-320.9906052502216,-320.9906052502216,-320.9906052502216,370.86703511237823,370.86703511237823,370.86703511237823,-691.8576403625999,-691.8576403625999,-691.8576403625999,0.0,0.0,0.0,1095.622365543923
2015-02-08,1416.8617199762848,-1932.688604305328,3507.6979040024853,1416.8617199762848,1416.8617199762848,-621.4130577884818,-621.4130577884818,-621.4130577884818,130.75476628657364,130.75476628657364,130.75476628657364,-752.1678240750554,-752.1678240750554,-752.1678240750554,0.0,0.0,0.0,795.448662187803
2015-02-11,1417.6079675227054,-2365.9316126553626,3119.0345161733903,1417.6079675227054,1417.6079675227054,-1044.425163987326,-1044.425163987326,-1044.425163987326,-102.82822581188002,-102.82822581188002,-102.82822581188002,-941.5969381754461,-941.5969381754461,-941.5969381754461,0.0,0.0,0.0,373.18280353537943
2015-02-12,1417.8567167048457,-2809.1823670577255,2394.623752769805,1417.8567167048457,1417.8567167048457,-1686.5319123212478,-1686.5319123212478,-1686.5319123212478,-684.2422190989295,-684.2422190989295,-684.2422190989295,-1002.2896932223183,-1002.2896932223183,-1002.2896932223183,0.0,0.0,0.0,-268.6751956164021
2015-02-14,1418.3542150691262,-1980.8134229469233,3298.4710671170483,1418.3542150691262,1418.3542150691262,-739.5082481678393,-739.5082481678393,-739.5082481678393,370.8670351123174,370.8670351123174,370.8670351123174,-1110.375283280157,-1110.375283280157,-1110.375283280157,0.0,0.0,0.0,678.8459669012869
2015-02-15,1418.6029642512665,-2390.993540349642,2953.3060135263268,1418.6029642512665,1418.6029642512665,-1023.9793211286242,-1023.9793211286242,-1023.9793211286242,130.7547662864046,130.7547662864046,130.7547662864046,-1154.7340874150286,-1154.7340874150286,-1154.7340874150286,0.0,0.0,0.0,394.6236431226423
2015-02-16,1418.8517134334068,-2523.3516050668127,2904.1854027373893,1418.8517134334068,1418.8517134334068,-1183.648019754112,-1183.648019754112,-1183.648019754112,7.14661948304977,7.14661948304977,7.14661948304977,-1190.7946392371618,-1190.7946392371618,-1190.7946392371618,0.0,0.0,0.0,235.2036936792947
2015-02-17,1419.100462615547,-2161.646241839367,3339.7148982105236,1419.100462615547,1419.100462615547,-870.0029839017668,-870.0029839017668,-870.0029839017668,347.35755078934903,347.35755078934903,347.35755078934903,-1217.3605346911158,-1217.3605346911158,-1217.3605346911158,0.0,0.0,0.0,549.0974787137802
2015-02-18,1419.349211797687,-2783.46648084189,2853.213572309546,1419.349211797687,1419.349211797687,-1336.2471393367184,-1336.2471393367184,-1336.2471393367184,-102.82822580853225,-102.82822580853225,-102.82822580853225,-1233.418913528186,-1233.418913528186,-1233.418913528186,0.0,0.0,0.0,83.10207246096866
2015-02-20,1419.8467101619676,-2719.3416413227437,2643.2784287033064,1419.8467101619676,1419.8467101619676,-1300.077690268736,-1300.077690268736,-1300.077690268736,-69.05552676136469,-69.05552676136469,-69.05552676136469,-1231.022163507371,-1231.022163507371,-1231.022163507371,0.0,0.0,0.0,119.76901989323164
2015-02-21,1420.095459344108,-1953.8821152104276,3226.3702858932197,1420.095459344108,1420.095459344108,-840.7888113393799,-840.7888113393799,-840.7888113393799,370.8670351123455,370.8670351123455,370.8670351123455,-1211.6558464517254,-1211.6558464517254,-1211.6558464517254,0.0,0.0,0.0,579.306648004728
2015-02-22,1420.3442085262482,-2253.524338853057,3215.099934583167,1420.3442085262482,1420.3442085262482,-1049.2282398898833,-1049.2282398898833,-1049.2282398898833,130.75476628623554,130.75476628623554,130.75476628623554,-1179.9830061761188,-1179.9830061761188,-1179.9830061761188,0.0,0.0,0.0,371.11596863636487
2015-02-23,1420.5929577083884,-2311.8542374757335,3234.532399348576,1420.5929577083884,1420.5929577083884,-1129.0282731402704,-1129.0282731402704,-1129.0282731402704,7.146619483065565,7.146619483065565,7.146619483065565,-1136.174892623336,-1136.174892623336,-1136.174892623336,0.0,0.0,0.0,291.5646845681181
2015-02-24,1420.8417068905287,-2147.4415649191305,3431.114900381191,1420.8417068905287,1420.8417068905287,-733.2967446001024,-733.2967446001024,-733.2967446001024,347.3575507892368,347.3575507892368,347.3575507892368,-1080.6542953893395,-1080.6542953893395,-1080.6542953893395,0.0,0.0,0.0,687.5449622904263
2015-02-27,1421.5879520328176,-2315.7158395804927,3299.638398690949,1421.5879520328176,1421.5879520328176,-920.6551599955826,-920.6551599955826,-920.6551599955826,-69.0555267607167,-69.0555267607167,-69.0555267607167,-851.5996332348659,-851.5996332348659,-851.5996332348659,0.0,0.0,0.0,500.932792037235
2015-03-01,1422.0854487943434,-1898.248439756744,3673.5579004360966,1422.0854487943434,1422.0854487943434,-527.4795852151698,-527.4795852151698,-527.4795852151698,130.754766286554,130.754766286554,130.754766286554,-658.2343515017237,-658.2343515017237,-658.2343515017237,0.0,0.0,0.0,894.6058635791736
2015-03-02,1422.334197175106,-1933.9418256317304,3655.690048800065,1422.334197175106,1422.334197175106,-546.5092113055333,-546.5092113055333,-546.5092113055333,7.146619483002142,7.146619483002142,7.146619483002142,-553.6558307885354,-553.6558307885354,-553.6558307885354,0.0,0.0,0.0,875.8249858695727
2015-03-03,1422.5829455558692,-1461.0450246717578,3914.3581413128045,1422.5829455558692,1422.5829455558692,-98.64373908076617,-98.64373908076617,-98.64373908076617,347.3575507895153,347.3575507895153,347.3575507895153,-446.0012898702814,-446.0012898702814,-446.0012898702814,0.0,0.0,0.0,1323.939206475103
2015-03-04,1422.831693936632,-2029.7783499547859,3691.192711732922,1422.831693936632,1422.831693936632,-439.8181557106439,-439.8181557106439,-439.8181557106439,-102.82822580987572,-102.82822580987572,-102.82822580987572,-336.9899299007682,-336.9899299007682,-336.9899299007682,0.0,0.0,0.0,983.0135382259882
2015-03-05,1423.080442317395,-2347.467844377307,3141.941171727801,1423.080442317395,1423.080442317395,-912.6015967719107,-912.6015967719107,-912.6015967719107,-684.2422190988548,-684.2422190988548,-684.2422190988548,-228.35937767305603,-228.35937767305603,-228.35937767305603,0.0,0.0,0.0,510.4788455454842
2015-03-07,1423.577939078921,-848.9188414443668,4653.255194968163,1423.577939078921,1423.577939078921,351.8052103516558,351.8052103516558,351.8052103516558,370.867035112286,370.867035112286,370.867035112286,-19.06182476063022,-19.06182476063022,-19.06182476063022,0.0,0.0,0.0,1775.3831494305769
2015-03-10,1424.3241842212094,-1022.9935038972899,4757.795696642253,1424.3241842212094,1424.3241842212094,598.9025296633324,598.9025296633324,598.9025296633324,347.3575507894599,347.3575507894599,347.3575507894599,251.5449788738725,251.5449788738725,251.5449788738725,0.0,0.0,0.0,2023.2267138845418
2015-03-11,1424.5729326019723,-1328.3182734823083,4460.553351195564,1424.5729326019723,1424.5729326019723,222.0375746256719,222.0375746256719,222.0375746256719,-102.82822581070745,-102.82822581070745,-102.82822581070745,324.86580043637935,324.86580043637935,324.86580043637935,0.0,0.0,0.0,1646.6105072276441
2015-03-14,1425.3191777442612,-409.85146639714935,5165.259736051249,1425.3191777442612,1425.3191777442612,852.1325407540776,852.1325407540776,852.1325407540776,370.86703511231406,370.86703511231406,370.86703511231406,481.2655056417636,481.2655056417636,481.2655056417636,0.0,0.0,0.0,2277.451718498339
2015-03-15,1425.5679261250239,-671.0901357220754,4943.7243241473725,1425.5679261250239,1425.5679261250239,641.3200401223269,641.3200401223269,641.3200401223269,130.75476628604235,130.75476628604235,130.75476628604235,510.5652738362846,510.5652738362846,510.5652738362846,0.0,0.0,0.0,2066.887966247351
2015-03-16,1425.816674505787,-743.2344619815959,4745.830473553247,1425.816674505787,1425.816674505787,535.3407526067493,535.3407526067493,535.3407526067493,7.146619483033729,7.146619483033729,7.146619483033729,528.1941331237156,528.1941331237156,528.1941331237156,0.0,0.0,0.0,1961.1574271125364
2015-03-17,1426.0654228865499,-557.5468447520138,5117.697485533468,1426.0654228865499,1426.0654228865499,881.6951101572555,881.6951101572555,881.6951101572555,347.35755078929094,347.35755078929094,347.35755078929094,534.3375593679646,534.3375593679646,534.3375593679646,0.0,0.0,0.0,2307.7605330438055
2015-03-18,1426.3141712673128,-876.5279877103261,4577.028813137868,1426.3141712673128,1426.3141712673128,426.5663470353126,426.5663470353126,426.5663470353126,-102.82822580960942,-102.82822580960942,-102.82822580960942,529.3945728449221,529.3945728449221,529.3945728449221,0.0,0.0,0.0,1852.8805183026254
2015-03-19,1426.5629196480756,-1463.480876482947,3996.746566683552,1426.5629196480756,1426.5629196480756,-170.27926940324872,-170.27926940324872,-170.27926940324872,-684.2422190989588,-684.2422190989588,-684.2422190989588,513.9629496957101,513.9629496957101,513.9629496957101,0.0,0.0,0.0,1256.283650244827
2015-03-21,1427.0604164096014,-427.5578664358734,4811.718173090981,1427.0604164096014,1427.0604164096014,825.767832640572,825.767832640572,825.767832640572,370.86703511234214,370.86703511234214,370.86703511234214,454.90079752822993,454.90079752822993,454.90079752822993,0.0,0.0,0.0,2252.8282490501733
2015-03-22,1427.3091647903643,-598.0751818678575,4616.688587943544,1427.3091647903643,1427.3091647903643,544.0252400125972,544.0252400125972,544.0252400125972,130.75476628587333,130.75476628587333,130.75476628587333,413.27047372672394,413.27047372672394,413.27047372672394,0.0,0.0,0.0,1971.3344048029617
2015-03-23,1427.5579131711272,-972.9328651749668,4674.8063732378605,1427.5579131711272,1427.5579131711272,372.2445836348271,372.2445836348271,372.2445836348271,7.146619482970318,7.146619482970318,7.146619482970318,365.0979641518569,365.0979641518569,365.0979641518569,0.0,0.0,0.0,1799.8024968059544
2015-03-24,1427.80666155189,-677.3925493288027,4710.401192935864,1427.80666155189,1427.80666155189,658.9828052718882,658.9828052718882,658.9828052718882,347.3575507889018,347.3575507889018,347.3575507889018,311.62525448298635,311.62525448298635,311.62525448298635,0.0,0.0,0.0,2086.789466823778
2015-03-25,1428.0554099326532,-1235.8265035959846,4431.443785433252,1428.0554099326532,1428.0554099326532,151.3086847870142,151.3086847870142,151.3086847870142,-102.82822581012114,-102.82822581012114,-102.82822581012114,254.13691059713534,254.13691059713534,254.13691059713534,0.0,0.0,0.0,1579.3640947196675
2015-03-26,1428.304158313416,-1844.2467936365463,3653.363789199345,1428.304158313416,1428.304158313416,-490.3128900230476,-490.3128900230476,-490.3128900230476,-684.2422190990225,-684.2422190990225,-684.2422190990225,193.92932907597495,193.92932907597495,193.92932907597495,0.0,0.0,0.0,937.9912682903685
2015-03-28,1428.8016550749417,-1010.1517589167169,4422.442029747483,1428.8016550749417,1428.8016550749417,441.2891781672134,441.2891781672134,441.2891781672134,370.8670351122812,370.8670351122812,370.8670351122812,70.42214305493205,70.42214305493205,70.42214305493205,0.0,0.0,0.0,1870.090833242155
2015-03-29,1429.0504034557048,-1086.6517216242307,4389.612199353757,1429.0504034557048,1429.0504034557048,140.26626908978255,140.26626908978255,140.26626908978255,130.7547662863653,130.7547662863653,130.7547662863653,9.511502803417223,9.511502803417223,9.511502803417223,0.0,0.0,0.0,1569.3166725454873
2015-03-30,1429.2991518364677,-1202.5967580279937,4061.7048953100775,1429.2991518364677,1429.2991518364677,-42.24430953012575,-42.24430953012575,-42.24430953012575,7.146619482986105,7.146619482986105,7.146619482986105,-49.390929013111865,-49.390929013111865,-49.390929013111865,0.0,0.0,0.0,1387.054842306342
2015-03-31,1429.5479002172306,-1079.8836372572414,4400.582694832469,1429.5479002172306,1429.5479002172306,242.01466112192549,242.01466112192549,242.01466112192549,347.35755078918027,347.35755078918027,347.35755078918027,-105.34288966725477,-105.34288966725477,-105.34288966725477,0.0,0.0,0.0,1671.562561339156
2015-04-01,1429.7966485979935,-1537.7034214149362,3780.3049974541104,1429.7966485979935,1429.7966485979935,-260.36541637989626,-260.36541637989626,-260.36541637989626,-102.82822581063289,-102.82822581063289,-102.82822581063289,-157.53719056926346,-157.53719056926346,-157.53719056926346,0.0,0.0,0.0,1169.4312322180972
2015-04-02,1430.0453969787563,-2269.9987091599137,3422.297382176074,1430.0453969787563,1430.0453969787563,-889.5569492221978,-889.5569492221978,-889.5569492221978,-684.2422190988435,-684.2422190988435,-684.2422190988435,-205.31473012335425,-205.31473012335425,-205.31473012335425,0.0,0.0,0.0,540.4884477565586
2015-04-04,1430.5428937402821,-1202.6882506378654,4127.1661788016745,1430.5428937402821,1430.5428937402821,85.09502182779956,85.09502182779956,85.09502182779956,370.86703511234043,370.86703511234043,370.86703511234043,-285.7720132845409,-285.7720132845409,-285.7720132845409,0.0,0.0,0.0,1515.6379155680818
2015-04-05,1430.791642121045,-1466.6254136557927,3996.584231451902,1430.791642121045,1430.791642121045,-187.17678713250666,-187.17678713250666,-187.17678713250666,130.7547662860228,130.7547662860228,130.7547662860228,-317.9315534185294,-317.9315534185294,-317.9315534185294,0.0,0.0,0.0,1243.6148549885384
2015-04-06,1431.040390501808,-1653.0012639449299,3903.952106630041,1431.040390501808,1431.040390501808,-337.4834246464291,-337.4834246464291,-337.4834246464291,7.146619483283441,7.146619483283441,7.146619483283441,-344.63004412971264,-344.63004412971264,-344.63004412971264,0.0,0.0,0.0,1093.5569658553788
2015-04-07,1431.289138882571,-1411.1693927523615,4097.382035488944,1431.289138882571,1431.289138882571,-18.637535852648934,-18.637535852648934,-18.637535852648934,347.3575507891249,347.3575507891249,347.3575507891249,-365.9950866417738,-365.9950866417738,-365.9950866417738,0.0,0.0,0.0,1412.6516030299222
2015-04-08,1431.537887263334,-1805.1807056510772,3617.5126438261505,1431.537887263334,1431.537887263334,-485.1203241103891,-485.1203241103891,-485.1203241103891,-102.82822580985487,-102.82822580985487,-102.82822580985487,-382.29209830053435,-382.29209830053435,-382.29209830053435,0.0,0.0,0.0,946.4175631529448
2015-04-11,1432.2841324056226,-1384.4248725706325,4302.410888723008,1432.2841324056226,1432.2841324056226,-34.298184202612106,-34.298184202612106,-34.298184202612106,370.8670351123374,370.8670351123374,370.8670351123374,-405.16521931494947,-405.16521931494947,-405.16521931494947,0.0,0.0,0.0,1397.9859482030106
2015-04-12,1432.5328807863855,-1494.2709038564808,3862.513029675619,1432.5328807863855,1432.5328807863855,-275.2713444839182,-275.2713444839182,-275.2713444839182,130.7547662856802,130.7547662856802,130.7547662856802,-406.0261107695984,-406.0261107695984,-406.0261107695984,0.0,0.0,0.0,1157.2615363024672
2015-04-13,1432.7816291671484,-1665.6816274218415,3802.520657800142,1432.7816291671484,1432.7816291671484,-397.4618015926381,-397.4618015926381,-397.4618015926381,7.146619483299325,7.146619483299325,7.146619483299325,-404.60842107593743,-404.60842107593743,-404.60842107593743,0.0,0.0,0.0,1035.3198275745103
2015-04-15,1433.2791259286741,-1772.8234646700446,3843.2554079183183,1433.2791259286741,1433.2791259286741,-500.5782469653266,-500.5782469653266,-500.5782469653266,-102.82822581004663,-102.82822581004663,-102.82822581004663,-397.75002115527997,-397.75002115527997,-397.75002115527997,0.0,0.0,0.0,932.7008789633476
2015-04-16,1433.527874309437,-2221.888517098679,3085.8176542836954,1433.527874309437,1433.527874309437,-1077.9279407037984,-1077.9279407037984,-1077.9279407037984,-684.2422190989477,-684.2422190989477,-684.2422190989477,-393.6857216048511,-393.6857216048511,-393.6857216048511,0.0,0.0,0.0,355.5999336056386
2015-04-18,1434.0253710709628,-1222.959960415563,4397.437375574534,1434.0253710709628,1434.0253710709628,-16.556072559716625,-16.556072559716625,-16.556072559716625,370.8670351123655,370.8670351123655,370.8670351123655,-387.4231076720821,-387.4231076720821,-387.4231076720821,0.0,0.0,0.0,1417.4692985112463
2015-04-19,1434.2741194517257,-1560.5339399672819,3918.56663033862,1434.2741194517257,1434.2741194517257,-255.52719316365707,-255.52719316365707,-255.52719316365707,130.75476628634573,130.75476628634573,130.75476628634573,-386.2819594500028,-386.2819594500028,-386.2819594500028,0.0,0.0,0.0,1178.7469262880686
2015-04-20,1434.5228678324886,-1607.1928366616962,3759.483847843634,1434.5228678324886,1434.5228678324886,-379.8819331588751,-379.8819331588751,-379.8819331588751,7.146619482593526,7.146619482593526,7.146619482593526,-387.0285526414686,-387.0285526414686,-387.0285526414686,0.0,0.0,0.0,1054.6409346736136
2015-04-21,1434.771616095181,-1361.2621286395763,4230.15996644192,1434.771616095181,1434.771616095181,-42.602054445986305,-42.602054445986305,-42.602054445986305,347.357550789625,347.357550789625,347.357550789625,-389.9596052356113,-389.9596052356113,-389.9596052356113,0.0,0.0,0.0,1392.1695616491945
2015-04-22,1435.0203643578734,-1855.3061767892527,3425.103935451151,1435.0203643578734,1435.0203643578734,-498.09244057038103,-498.09244057038103,-498.09244057038103,-102.82822581087837,-102.82822581087837,-102.82822581087837,-395.26421475950275,-395.26421475950275,-395.26421475950275,0.0,0.0,0.0,936.9279237874923
2015-04-23,1435.2691126205655,-2595.1125908810204,3124.4886384093716,1435.2691126205655,1435.2691126205655,-1087.262984504527,-1087.262984504527,-1087.262984504527,-684.2422190990113,-684.2422190990113,-684.2422190990113,-403.02076540551553,-403.02076540551553,-403.02076540551553,0.0,0.0,0.0,348.00612811603855
2015-04-25,1435.7666091459503,-1485.322180989837,4055.8829287739172,1435.7666091459503,1435.7666091459503,-54.787595092754884,-54.787595092754884,-54.787595092754884,370.8670351123047,370.8670351123047,370.8670351123047,-425.6546302050595,-425.6546302050595,-425.6546302050595,0.0,0.0,0.0,1380.9790140531954
2015-04-26,1436.0153574086428,-1794.3382442041284,3852.6338293825743,1436.0153574086428,1436.0153574086428,-309.3991411868976,-309.3991411868976,-309.3991411868976,130.75476628582962,130.75476628582962,130.75476628582962,-440.15390747272727,-440.15390747272727,-440.15390747272727,0.0,0.0,0.0,1126.6162162217452
2015-04-28,1436.5128539340274,-1535.9545724069371,4053.416317805071,1436.5128539340274,1436.5128539340274,-126.52248897074831,-126.52248897074831,-126.52248897074831,347.3575507892358,347.3575507892358,347.3575507892358,-473.8800397599842,-473.8800397599842,-473.8800397599842,0.0,0.0,0.0,1309.990364963279
2015-04-29,1436.7616021967197,-1764.3030895014226,3515.1434025285134,1436.7616021967197,1436.7616021967197,-595.0534782557444,-595.0534782557444,-595.0534782557444,-102.82822581139008,-102.82822581139008,-102.82822581139008,-492.2252524443544,-492.2252524443544,-492.2252524443544,0.0,0.0,0.0,841.7081239409753
2015-04-30,1437.0103504594117,-2463.977104083433,3123.2494193450502,1437.0103504594117,1437.0103504594117,-1195.1211147900603,-1195.1211147900603,-1195.1211147900603,-684.2422190990285,-684.2422190990285,-684.2422190990285,-510.87889569103197,-510.87889569103197,-510.87889569103197,0.0,0.0,0.0,241.88923566935136
2015-05-02,1437.5078469847965,-1595.3344303297358,3931.0631041287797,1437.5078469847965,1437.5078469847965,-176.01457527878168,-176.01457527878168,-176.01457527878168,370.8670351123016,370.8670351123016,370.8670351123016,-546.8816103910833,-546.8816103910833,-546.8816103910833,0.0,0.0,0.0,1261.4932717060149
2015-05-03,1437.756595247489,-1777.8946506189761,3636.213093131404,1437.756595247489,1437.756595247489,-432.3428524755438,-432.3428524755438,-432.3428524755438,130.75476628566054,130.75476628566054,130.75476628566054,-563.0976187612043,-563.0976187612043,-563.0976187612043,0.0,0.0,0.0,1005.4137427719452
2015-05-04,1438.005343510181,-1656.8634779839008,3582.448184347761,1438.005343510181,1438.005343510181,-570.2443874238127,-570.2443874238127,-570.2443874238127,7.146619483188197,7.146619483188197,7.146619483188197,-577.3910069070008,-577.3910069070008,-577.3910069070008,0.0,0.0,0.0,867.7609560863684
2015-05-05,1438.2540917728736,-1429.9868675041923,3907.253354976636,1438.2540917728736,1438.2540917728736,-241.89735123659815,-241.89735123659815,-241.89735123659815,347.35755078945743,347.35755078945743,347.35755078945743,-589.2549020260556,-589.2549020260556,-589.2549020260556,0.0,0.0,0.0,1196.3567405362755
2015-05-06,1438.502840035566,-2039.9917270775688,3308.6370114724523,1438.502840035566,1438.502840035566,-701.0630833132137,-701.0630833132137,-701.0630833132137,-102.82822581061204,-102.82822581061204,-102.82822581061204,-598.2348575026017,-598.2348575026017,-598.2348575026017,0.0,0.0,0.0,737.4397567223522
2015-05-07,1438.7515882982582,-2603.43566118802,2714.724857748453,1438.7515882982582,1438.7515882982582,-1288.1845487938322,-1288.1845487938322,-1288.1845487938322,-684.2422190990922,-684.2422190990922,-684.2422190990922,-603.94232969474,-603.94232969474,-603.94232969474,0.0,0.0,0.0,150.56703950442602
2015-05-08,1439.0003365609505,-2028.4507194972732,3386.9953940868954,1439.0003365609505,1439.0003365609505,-675.1216159102011,-675.1216159102011,-675.1216159102011,-69.05552676131468,-69.05552676131468,-69.05552676131468,-606.0660891488864,-606.0660891488864,-606.0660891488864,0.0,0.0,0.0,763.8787206507494
2015-05-09,1439.2490848236428,-1474.6974013791175,3900.094457401412,1439.2490848236428,1439.2490848236428,-233.51424610792756,-233.51424610792756,-233.51424610792756,370.8670351123608,370.8670351123608,370.8670351123608,-604.3812812202883,-604.3812812202883,-604.3812812202883,0.0,0.0,0.0,1205.7348387157151
2015-05-10,1439.4978330863353,-1696.7543150424538,3684.1705569751425,1439.4978330863353,1439.4978330863353,-468.0011568910658,-468.0011568910658,-468.0011568910658,130.75476628531803,130.75476628531803,130.75476628531803,-598.7559231763838,-598.7559231763838,-598.7559231763838,0.0,0.0,0.0,971.4966761952694
2015-05-11,1439.7465813490273,-1923.622150605723,3533.5622191649363,1439.7465813490273,1439.7465813490273,-582.0080819771076,-582.0080819771076,-582.0080819771076,7.146619482561652,7.146619482561652,7.146619482561652,-589.1547014596694,-589.1547014596694,-589.1547014596694,0.0,0.0,0.0,857.7384993719197
2015-05-12,1439.9953296117199,-1527.862291979056,3707.5905532609627,1439.9953296117199,1439.9953296117199,-228.28246086599273,-228.28246086599273,-228.28246086599273,347.3575507894021,347.3575507894021,347.3575507894021,-575.6400116553948,-575.6400116553948,-575.6400116553948,0.0,0.0,0.0,1211.712868745727
2015-05-13,1440.2440778744121,-1903.8759160989455,3707.1686447523703,1440.2440778744121,1440.2440778744121,-661.1984883796308,-661.1984883796308,-661.1984883796308,-102.82822581144376,-102.82822581144376,-102.82822581144376,-558.3702625681872,-558.3702625681872,-558.3702625681872,0.0,0.0,0.0,779.0455894947813
2015-05-14,1440.4928261371047,-2485.981609110106,2892.7268573557794,1440.4928261371047,1440.4928261371047,-1221.837761536466,-1221.837761536466,-1221.837761536466,-684.2422190989131,-684.2422190989131,-684.2422190989131,-537.5955424375527,-537.5955424375527,-537.5955424375527,0.0,0.0,0.0,218.65506460063875
2015-05-16,1440.9903226624892,-1326.5503447777687,4073.5453353702787,1440.9903226624892,1440.9903226624892,-116.0798646800492,-116.0798646800492,-116.0798646800492,370.86703511229996,370.86703511229996,370.86703511229996,-486.94689979234914,-486.94689979234914,-486.94689979234914,0.0,0.0,0.0,1324.91045798244
2015-05-17,1441.2390709251815,-1516.8686121659844,3841.3289318189086,1441.2390709251815,1441.2390709251815,-327.204710139769,-327.204710139769,-327.204710139769,130.75476628664458,130.75476628664458,130.75476628664458,-457.9594764264136,-457.9594764264136,-457.9594764264136,0.0,0.0,0.0,1114.0343607854124
2015-05-18,1441.4878191878738,-1578.1896207741781,3856.3892296280596,1441.4878191878738,1441.4878191878738,-420.0699265543032,-420.0699265543032,-420.0699265543032,7.146619482859027,7.146619482859027,7.146619482859027,-427.21654603716223,-427.21654603716223,-427.21654603716223,0.0,0.0,0.0,1021.4178926335705
2015-05-19,1441.736567450566,-1334.0812036345585,4228.734038055483,1441.736567450566,1441.736567450566,-47.927088558268565,-47.927088558268565,-47.927088558268565,347.3575507893467,347.3575507893467,347.3575507893467,-395.28463934761527,-395.28463934761527,-395.28463934761527,0.0,0.0,0.0,1393.8094788922976
2015-05-20,1441.9853157132584,-1765.5750155425974,3683.81410198318,1441.9853157132584,1441.9853157132584,-465.58245777679923,-465.58245777679923,-465.58245777679923,-102.82822581163552,-102.82822581163552,-102.82822581163552,-362.7542319651637,-362.7542319651637,-362.7542319651637,0.0,0.0,0.0,976.4028579364592
2015-05-21,1442.234063975951,-2394.272919031144,3188.8842973113797,1442.234063975951,1442.234063975951,-1014.4669880430927,-1014.4669880430927,-1014.4669880430927,-684.2422190991963,-684.2422190991963,-684.2422190991963,-330.2247689438962,-330.2247689438962,-330.2247689438962,0.0,0.0,0.0,427.76707593285823
2015-05-22,1442.482812238643,-1541.7289559448652,3971.298795416228,1442.482812238643,1442.482812238643,-367.34524988296573,-367.34524988296573,-367.34524988296573,-69.05552676184689,-69.05552676184689,-69.05552676184689,-298.28972312111875,-298.28972312111875,-298.28972312111875,0.0,0.0,0.0,1075.1375623556773
2015-05-23,1442.7315605013355,-1135.3581395767371,4062.5429999469193,1442.7315605013355,1442.7315605013355,103.3449362571275,103.3449362571275,103.3449362571275,370.8670351123281,370.8670351123281,370.8670351123281,-267.52209885520057,-267.52209885520057,-267.52209885520057,0.0,0.0,0.0,1546.076496758463
2015-05-24,1442.9803087640278,-1438.1412039959328,4151.54348642404,1442.9803087640278,1442.9803087640278,-107.70600472596914,-107.70600472596914,-107.70600472596914,130.75476628630202,130.75476628630202,130.75476628630202,-238.46077101227115,-238.46077101227115,-238.46077101227115,0.0,0.0,0.0,1335.2743040380587
2015-05-25,1443.2290570267203,-1485.9398317457194,3861.226817729241,1443.2290570267203,1443.2290570267203,-204.45139716173495,-204.45139716173495,-204.45139716173495,7.146619482874826,7.146619482874826,7.146619482874826,-211.59801664460977,-211.59801664460977,-211.59801664460977,0.0,0.0,0.0,1238.7776598649853
2015-05-26,1443.4778052894123,-1073.0938083701365,4156.527616119794,1443.4778052894123,1443.4778052894123,159.98899586471106,159.98899586471106,159.98899586471106,347.3575507892914,347.3575507892914,347.3575507892914,-187.3685549245803,-187.3685549245803,-187.3685549245803,0.0,0.0,0.0,1603.4668011541235
2015-05-27,1443.7265535521049,-1435.0006426821449,3700.6856173665556,1443.7265535521049,1443.7265535521049,-268.96858675322915,-268.96858675322915,-268.96858675322915,-102.82822581085748,-102.82822581085748,-102.82822581085748,-166.14036094237164,-166.14036094237164,-166.14036094237164,0.0,0.0,0.0,1174.7579667988757
2015-05-28,1443.9753018147971,-2041.9669991202927,3395.8331686429683,1443.9753018147971,1443.9753018147971,-832.449681659608,-832.449681659608,-832.449681659608,-684.2422190990172,-684.2422190990172,-684.2422190990172,-148.20746256059076,-148.20746256059076,-148.20746256059076,0.0,0.0,0.0,611.5256201551891
2015-05-30,1444.4727983401817,-987.6225623954239,4284.119756197095,1444.4727983401817,1444.4727983401817,247.86132403640806,247.86132403640806,247.86132403640806,370.8670351123562,370.8670351123562,370.8670351123562,-123.00571107594811,-123.00571107594811,-123.00571107594811,0.0,0.0,0.0,1692.3341223765897
2015-05-31,1444.721546602874,-1332.9791851696789,4321.041859850336,1444.721546602874,1444.721546602874,14.834141361741564,14.834141361741564,14.834141361741564,130.75476628595942,130.75476628595942,130.75476628595942,-115.92062492421788,-115.92062492421788,-115.92062492421788,0.0,0.0,0.0,1459.5556879646156
2015-06-01,1444.9702948655665,-1373.3519658214757,4023.4136834598016,1444.9702948655665,1444.9702948655665,-105.35269406878103,-105.35269406878103,-105.35269406878103,7.146619482811366,7.146619482811366,7.146619482811366,-112.4993135515924,-112.4993135515924,-112.4993135515924,0.0,0.0,0.0,1339.6176007967856
2015-06-02,1445.2190431282586,-854.6611587105912,4504.479061009441,1445.2190431282586,1445.2190431282586,234.72334934083258,234.72334934083258,234.72334934083258,347.35755078951297,347.35755078951297,347.35755078951297,-112.6342014486804,-112.6342014486804,-112.6342014486804,0.0,0.0,0.0,1679.9423924690911
2015-06-03,1445.467791390951,-1555.2380152679152,3911.354229867918,1445.467791390951,1445.467791390951,-218.97423313817876,-218.97423313817876,-218.97423313817876,-102.82822580943947,-102.82822580943947,-102.82822580943947,-116.14600732873929,-116.14600732873929,-116.14600732873929,0.0,0.0,0.0,1226.4935582527723
2015-06-04,1445.716539092873,-2320.3668959887304,3431.085764281786,1445.716539092873,1445.716539092873,-807.033245456795,-807.033245456795,-807.033245456795,-684.242219099081,-684.242219099081,-684.242219099081,-122.79102635771407,-122.79102635771407,-122.79102635771407,0.0,0.0,0.0,638.683293636078
2015-06-06,1446.2140344967177,-1007.1970876716316,4453.89117204764,1446.2140344967177,1446.2140344967177,226.62969465920386,226.62969465920386,226.62969465920386,370.86703511238426,370.86703511238426,370.86703511238426,-144.2373404531804,-144.2373404531804,-144.2373404531804,0.0,0.0,0.0,1672.8437291559214
2015-06-07,1446.4627821986396,-1271.9818364220937,3919.01806539249,1446.4627821986396,1446.4627821986396,-27.558455241123085,-27.558455241123085,-27.558455241123085,130.75476628645143,130.75476628645143,130.75476628645143,-158.3132215275745,-158.3132215275745,-158.3132215275745,0.0,0.0,0.0,1418.9043269575166
2015-06-08,1446.7115299005618,-1524.7188635307034,3911.4770966924693,1446.7115299005618,1446.7115299005618,-166.9468727165801,-166.9468727165801,-166.9468727165801,7.146619482827203,7.146619482827203,7.146619482827203,-174.0934921994073,-174.0934921994073,-174.0934921994073,0.0,0.0,0.0,1279.7646571839816
2015-06-09,1446.9602776024842,-920.2657944713726,4294.019623517545,1446.9602776024842,1446.9602776024842,156.19576167723116,156.19576167723116,156.19576167723116,347.3575507894576,347.3575507894576,347.3575507894576,-191.1617891122265,-191.1617891122265,-191.1617891122265,0.0,0.0,0.0,1603.1560392797153
2015-06-10,1447.2090253044062,-1570.7406143410253,3804.7536955672354,1447.2090253044062,1447.2090253044062,-311.92891460967076,-311.92891460967076,-311.92891460967076,-102.82822581027119,-102.82822581027119,-102.82822581027119,-209.1006887993996,-209.1006887993996,-209.1006887993996,0.0,0.0,0.0,1135.2801106947354
2015-06-13,1447.9552684101727,-1310.9613563652508,4388.930694806713,1447.9552684101727,1447.9552684101727,106.69461079384415,106.69461079384415,106.69461079384415,370.8670351122966,370.8670351122966,370.8670351122966,-264.1724243184525,-264.1724243184525,-264.1724243184525,0.0,0.0,0.0,1554.6498792040168
2015-06-14,1448.204016112095,-1370.0966817339154,4160.66479845769,1448.204016112095,1448.204016112095,-151.00430678370483,-151.00430678370483,-151.00430678370483,130.75476628628235,130.75476628628235,130.75476628628235,-281.7590730699872,-281.7590730699872,-281.7590730699872,0.0,0.0,0.0,1297.19970932839
2015-06-15,1448.452763814017,-1558.6892621274524,3786.3249011246257,1448.452763814017,1448.452763814017,-291.313338329694,-291.313338329694,-291.313338329694,7.146619483124495,7.146619483124495,7.146619483124495,-298.4599578128185,-298.4599578128185,-298.4599578128185,0.0,0.0,0.0,1157.139425484323
2015-06-16,1448.7015115159393,-1031.9371881539178,4205.177250734122,1448.7015115159393,1448.7015115159393,33.31414550144705,33.31414550144705,33.31414550144705,347.3575507897361,347.3575507897361,347.3575507897361,-314.043405288289,-314.043405288289,-314.043405288289,0.0,0.0,0.0,1482.0156570173863
2015-06-17,1448.9502592178615,-1854.0167073975267,3791.782563226826,1448.9502592178615,1448.9502592178615,-431.15687488944104,-431.15687488944104,-431.15687488944104,-102.82822580917316,-102.82822580917316,-102.82822580917316,-328.32864908026795,-328.32864908026795,-328.32864908026795,0.0,0.0,0.0,1017.7933843284204
2015-06-18,1449.1990069197836,-2141.9896421928115,3265.778277674713,1449.1990069197836,1449.1990069197836,-1025.4295300625117,-1025.4295300625117,-1025.4295300625117,-684.2422190991851,-684.2422190991851,-684.2422190991851,-341.18731096332647,-341.18731096332647,-341.18731096332647,0.0,0.0,0.0,423.7694768572719
2015-06-20,1449.696502323628,-1203.5615410883345,4117.317986904386,1449.696502323628,1449.696502323628,8.496268400815854,8.496268400815854,8.496268400815854,370.8670351123247,370.8670351123247,370.8670351123247,-362.37076671150885,-362.37076671150885,-362.37076671150885,0.0,0.0,0.0,1458.1927707244438
2015-06-21,1449.9452500255502,-1565.1958478255765,3754.709167003549,1449.9452500255502,1449.9452500255502,-239.9367724299112,-239.9367724299112,-239.9367724299112,130.7547662861133,130.7547662861133,130.7547662861133,-370.6915387160245,-370.6915387160245,-370.6915387160245,0.0,0.0,0.0,1210.008477595639
2015-06-22,1450.1939977274724,-1773.1641084923062,3640.8148256126583,1450.1939977274724,1450.1939977274724,-370.4233994680182,-370.4233994680182,-370.4233994680182,7.146619483421921,7.146619483421921,7.146619483421921,-377.5700189514401,-377.5700189514401,-377.5700189514401,0.0,0.0,0.0,1079.7705982594541
2015-06-23,1450.4427454293946,-1444.2665411563914,3923.8052684689424,1450.4427454293946,1450.4427454293946,-35.75036968104331,-35.75036968104331,-35.75036968104331,347.35755078929014,347.35755078929014,347.35755078929014,-383.10792047033345,-383.10792047033345,-383.10792047033345,0.0,0.0,0.0,1414.6923757483512
2015-06-24,1450.6914931313167,-1957.3895326365762,3907.410226616623,1450.6914931313167,1450.6914931313167,-490.26597930473474,-490.26597930473474,-490.26597930473474,-102.8282258096849,-102.8282258096849,-102.8282258096849,-387.4377534950497,-387.4377534950497,-387.4377534950497,0.0,0.0,0.0,960.425513826582
2015-06-25,1450.940240833239,-2291.146427578404,3213.3087660440337,1450.940240833239,1450.940240833239,-1074.9579629724578,-1074.9579629724578,-1074.9579629724578,-684.2422190990062,-684.2422190990062,-684.2422190990062,-390.7157438734516,-390.7157438734516,-390.7157438734516,0.0,0.0,0.0,375.9822778607811
2015-06-27,1451.4377362370833,-1125.6145097434385,4243.724109151451,1451.4377362370833,1451.4377362370833,-23.947785594342296,-23.947785594342296,-23.947785594342296,370.8670351123216,370.8670351123216,370.8670351123216,-394.81482070666397,-394.81482070666397,-394.81482070666397,0.0,0.0,0.0,1427.489950642741
2015-06-28,1451.6864839390055,-1443.8384750779715,3949.3059592682484,1451.6864839390055,1451.6864839390055,-265.2447328592828,-265.2447328592828,-265.2447328592828,130.7547662866053,130.7547662866053,130.7547662866053,-395.9994991458881,-395.9994991458881,-395.9994991458881,0.0,0.0,0.0,1186.4417510797227
2015-06-29,1451.9352316409274,-1869.6791438030077,3750.278013558174,1451.9352316409274,1451.9352316409274,-389.6984115461711,-389.6984115461711,-389.6984115461711,7.146619483076869,7.146619483076869,7.146619483076869,-396.84503102924805,-396.84503102924805,-396.84503102924805,0.0,0.0,0.0,1062.2368200947562
2015-06-30,1452.1839793428499,-1200.004095898245,4160.872389485071,1452.1839793428499,1452.1839793428499,-50.158232460384035,-50.158232460384035,-50.158232460384035,347.35755078917794,347.35755078917794,347.35755078917794,-397.51578324956205,-397.51578324956205,-397.51578324956205,0.0,0.0,0.0,1402.025746882466
2015-07-01,1452.432727044772,-1757.5600551924024,3517.5283141791556,1452.432727044772,1452.432727044772,-500.9864439562866,-500.9864439562866,-500.9864439562866,-102.82822581019666,-102.82822581019666,-102.82822581019666,-398.15821814609,-398.15821814609,-398.15821814609,0.0,0.0,0.0,951.4462830884854
2015-07-02,1452.681474746694,-2185.5828703069315,3128.6792052738656,1452.681474746694,1452.681474746694,-1083.138422462151,-1083.138422462151,-1083.138422462151,-684.242219098827,-684.242219098827,-684.242219098827,-398.89620336332416,-398.89620336332416,-398.89620336332416,0.0,0.0,0.0,369.5430522845429
2015-07-04,1453.1789701505386,-1274.4032488581588,4190.053898201417,1453.1789701505386,1453.1789701505386,-30.153848298320263,-30.153848298320263,-30.153848298320263,370.867035112323,370.867035112323,370.867035112323,-401.02088341064325,-401.02088341064325,-401.02088341064325,0.0,0.0,0.0,1423.0251218522183
2015-07-05,1453.4277178524605,-1536.2250243684618,3893.678878757877,1453.4277178524605,1453.4277178524605,-271.76106922526264,-271.76106922526264,-271.76106922526264,130.75476628626276,130.75476628626276,130.75476628626276,-402.5158355115255,-402.5158355115255,-402.5158355115255,0.0,0.0,0.0,1181.666648627198
2015-07-06,1453.676465554383,-1573.9525548335946,3938.5899549571354,1453.676465554383,1453.676465554383,-397.17503178797807,-397.17503178797807,-397.17503178797807,7.146619483092802,7.146619483092802,7.146619483092802,-404.3216512710707,-404.3216512710707,-404.3216512710707,0.0,0.0,0.0,1056.501433766405
2015-07-07,1453.9252132563051,-1481.505464789956,4099.623145434557,1453.9252132563051,1453.9252132563051,-59.06152599159068,-59.06152599159068,-59.06152599159068,347.3575507891226,347.3575507891226,347.3575507891226,-406.4190767807133,-406.4190767807133,-406.4190767807133,0.0,0.0,0.0,1394.8636872647144
2015-07-08,1454.173960958227,-1782.0972055817977,3682.7962914365403,1454.173960958227,1454.173960958227,-511.5907288542412,-511.5907288542412,-511.5907288542412,-102.82822581102839,-102.82822581102839,-102.82822581102839,-408.7625030432129,-408.7625030432129,-408.7625030432129,0.0,0.0,0.0,942.5832321039859
2015-07-09,1454.4227086601493,-2185.0301012405525,2926.8599600870893,1454.4227086601493,1454.4227086601493,-1095.525448907159,-1095.525448907159,-1095.525448907159,-684.2422190988674,-684.2422190988674,-684.2422190988674,-411.28322980829154,-411.28322980829154,-411.28322980829154,0.0,0.0,0.0,358.8972597529903
2015-07-11,1454.9202040639937,-1292.073575886487,4057.445556609302,1454.9202040639937,1454.9202040639937,-45.624512825043254,-45.624512825043254,-45.624512825043254,370.86703511232,370.86703511232,370.86703511232,-416.49154793736324,-416.49154793736324,-416.49154793736324,0.0,0.0,0.0,1409.2956912389504
2015-07-12,1455.1689517659158,-1703.4750025395804,3955.4309186209875,1455.1689517659158,1455.1689517659158,-288.2114417119382,-288.2114417119382,-288.2114417119382,130.75476628592014,130.75476628592014,130.75476628592014,-418.9662079978584,-418.9662079978584,-418.9662079978584,0.0,0.0,0.0,1166.9575100539776
2015-07-13,1455.417699467838,-1612.546738218377,3730.0957749837066,1455.417699467838,1455.417699467838,-414.0563500416722,-414.0563500416722,-414.0563500416722,7.14661948310855,7.14661948310855,7.14661948310855,-421.2029695247807,-421.2029695247807,-421.2029695247807,0.0,0.0,0.0,1041.3613494261658
2015-07-14,1455.6664471697602,-1396.6465307101673,3876.7691796409717,1455.6664471697602,1455.6664471697602,-75.73161605106445,-75.73161605106445,-75.73161605106445,347.35755078934426,347.35755078934426,347.35755078934426,-423.0891668404087,-423.0891668404087,-423.0891668404087,0.0,0.0,0.0,1379.9348311186957
2015-07-15,1455.9151948716824,-1836.4273682383446,3640.9192091870723,1455.9151948716824,1455.9151948716824,-527.347572710513,-527.347572710513,-527.347572710513,-102.82822580961033,-102.82822580961033,-102.82822580961033,-424.51934690090246,-424.51934690090246,-424.51934690090246,0.0,0.0,0.0,928.5676221611694
2015-07-18,1456.661437977449,-1460.0150037633516,4082.749227238378,1456.661437977449,1456.661437977449,-54.35950180823297,-54.35950180823297,-54.35950180823297,370.8670351123481,370.8670351123481,370.8670351123481,-425.22653692058105,-425.22653692058105,-425.22653692058105,0.0,0.0,0.0,1402.3019361692159
2015-07-19,1456.9101856793711,-1654.1067189656712,3823.993042314814,1456.9101856793711,1456.9101856793711,-293.3264791669274,-293.3264791669274,-293.3264791669274,130.7547662857511,130.7547662857511,130.7547662857511,-424.08124545267856,-424.08124545267856,-424.08124545267856,0.0,0.0,0.0,1163.5837065124438
2015-07-20,1457.1589333812933,-1865.0551127023919,3758.849123011297,1457.1589333812933,1457.1589333812933,-415.06280321986753,-415.06280321986753,-415.06280321986753,7.14661948276354,7.14661948276354,7.14661948276354,-422.20942270263106,-422.20942270263106,-422.20942270263106,0.0,0.0,0.0,1042.0961301614257
2015-07-21,1457.4076810832155,-1319.0089383057282,4246.889764623676,1457.4076810832155,1457.4076810832155,-72.26905696731198,-72.26905696731198,-72.26905696731198,347.3575507892889,347.3575507892889,347.3575507892889,-419.62660775660083,-419.62660775660083,-419.62660775660083,0.0,0.0,0.0,1385.1386241159034
2015-07-22,1457.6564287186077,-1675.5600255525915,3886.3084830348457,1457.6564287186077,1457.6564287186077,-519.2011623875521,-519.2011623875521,-519.2011623875521,-102.8282258104421,-102.8282258104421,-102.8282258104421,-416.37293657710995,-416.37293657710995,-416.37293657710995,0.0,0.0,0.0,938.4552663310556
2015-07-23,1457.9051763539997,-2183.7436352663244,2970.955694042859,1457.9051763539997,1457.9051763539997,-1096.7537575309707,-1096.7537575309707,-1096.7537575309707,-684.242219098995,-684.242219098995,-684.242219098995,-412.51153843197557,-412.51153843197557,-412.51153843197557,0.0,0.0,0.0,361.15141882302896
2015-07-25,1458.4026716247838,-1464.503001855295,4013.677665503834,1458.4026716247838,1458.4026716247838,-32.44897122984512,-32.44897122984512,-32.44897122984512,370.8670351122872,370.8670351122872,370.8670351122872,-403.31600634213237,-403.31600634213237,-403.31600634213237,0.0,0.0,0.0,1425.9537003949388
2015-07-26,1458.6514192601758,-1477.389570160032,3969.368323409065,1458.6514192601758,1458.6514192601758,-267.43941660288806,-267.43941660288806,-267.43941660288806,130.75476628606955,130.75476628606955,130.75476628606955,-398.1941828889576,-398.1941828889576,-398.1941828889576,0.0,0.0,0.0,1191.2120026572877
2015-07-27,1458.9001668955682,-1544.760406468552,3740.332494466069,1458.9001668955682,1458.9001668955682,-385.7328158839277,-385.7328158839277,-385.7328158839277,7.146619482981671,7.146619482981671,7.146619482981671,-392.8794353669093,-392.8794353669093,-392.8794353669093,0.0,0.0,0.0,1073.1673510116404
2015-07-28,1459.1489145309602,-1317.178385303132,4106.727863091043,1459.1489145309602,1459.1489145309602,-40.13425985717714,-40.13425985717714,-40.13425985717714,347.3575507892335,347.3575507892335,347.3575507892335,-387.4918106464106,-387.4918106464106,-387.4918106464106,0.0,0.0,0.0,1419.014654673783
2015-07-30,1459.646409801744,-2422.94143287669,3093.5236049421833,1459.646409801744,1459.646409801744,-1061.1880341647723,-1061.1880341647723,-1061.1880341647723,-684.242219098816,-684.242219098816,-684.242219098816,-376.9458150659562,-376.9458150659562,-376.9458150659562,0.0,0.0,0.0,398.4583756369718
2015-08-01,1460.1439050725285,-1277.910786053022,4343.042609225551,1460.1439050725285,1460.1439050725285,3.5677988776648757,3.5677988776648757,3.5677988776648757,370.8670351123153,370.8670351123153,370.8670351123153,-367.29923623465044,-367.29923623465044,-367.29923623465044,0.0,0.0,0.0,1463.7117039501934
2015-08-02,1460.3926527079204,-1496.3920376334056,3968.9134189817605,1460.3926527079204,1460.3926527079204,-232.19238192026978,-232.19238192026978,-232.19238192026978,130.7547662859005,130.7547662859005,130.7547662859005,-362.9471482061703,-362.9471482061703,-362.9471482061703,0.0,0.0,0.0,1228.2002707876507
2015-08-03,1460.6414003433126,-1737.3961259666412,3782.9731999275205,1460.6414003433126,1460.6414003433126,-351.7717800888612,-351.7717800888612,-351.7717800888612,7.146619482997458,7.146619482997458,7.146619482997458,-358.9183995718587,-358.9183995718587,-358.9183995718587,0.0,0.0,0.0,1108.8696202544515
2015-08-04,1460.8901479787046,-1454.1761089374693,4164.320924054234,1460.8901479787046,1460.8901479787046,-7.815930838525441,-7.815930838525441,-7.815930838525441,347.3575507891781,347.3575507891781,347.3575507891781,-355.1734816277036,-355.1734816277036,-355.1734816277036,0.0,0.0,0.0,1453.0742171401791
2015-08-05,1461.1388956140968,-1997.6943392188396,3675.793105569527,1461.1388956140968,1461.1388956140968,-454.46040825271746,-454.46040825271746,-454.46040825271746,-102.82822581017578,-102.82822581017578,-102.82822581017578,-351.6321824425417,-351.6321824425417,-351.6321824425417,0.0,0.0,0.0,1006.6784873613793
2015-08-06,1461.387643249489,-2486.8441316607887,2958.6136267998604,1461.387643249489,1461.387643249489,-1032.4142019373144,-1032.4142019373144,-1032.4142019373144,-684.242219099099,-684.242219099099,-684.242219099099,-348.17198283821523,-348.17198283821523,-348.17198283821523,0.0,0.0,0.0,428.9734413121746
2015-08-08,1461.885138520273,-1400.9418707324971,4250.65450352082,1461.885138520273,1461.885138520273,30.07425607544213,30.07425607544213,30.07425607544213,370.86703511234344,370.86703511234344,370.86703511234344,-340.79277903690127,-340.79277903690127,-340.79277903690127,0.0,0.0,0.0,1491.9593945957151
2015-08-09,1462.133886155665,-1419.7895475772957,3822.5934316858265,1462.133886155665,1462.133886155665,-205.66647505086868,-205.66647505086868,-205.66647505086868,130.75476628555802,130.75476628555802,130.75476628555802,-336.42124133642665,-336.42124133642665,-336.42124133642665,0.0,0.0,0.0,1256.4674111047964
2015-08-11,1462.6313814264493,-1312.1273791350625,4332.0542850977345,1462.6313814264493,1462.6313814264493,22.44402100651959,22.44402100651959,22.44402100651959,347.35755078939985,347.35755078939985,347.35755078939985,-324.91352978288023,-324.91352978288023,-324.91352978288023,0.0,0.0,0.0,1485.0754024329688
2015-08-12,1462.8801290618412,-1801.8567699757166,3614.7962098246167,1462.8801290618412,1462.8801290618412,-419.9588280697216,-419.9588280697216,-419.9588280697216,-102.82822581068753,-102.82822581068753,-102.82822581068753,-317.13060225903416,-317.13060225903416,-317.13060225903416,0.0,0.0,0.0,1042.9213009921195
2015-08-15,1463.6263719680176,-1226.9420557583408,4421.357172094279,1463.6263719680176,1463.6263719680176,89.42332683292871,89.42332683292871,89.42332683292871,370.86703511237147,370.86703511237147,370.86703511237147,-281.4437082794428,-281.4437082794428,-281.4437082794428,0.0,0.0,0.0,1553.0496988009463
2015-08-16,1463.8751196034098,-1330.3463828639253,3967.5804792166577,1463.8751196034098,1463.8751196034098,-133.49214105290244,-133.49214105290244,-133.49214105290244,130.75476628622346,130.75476628622346,130.75476628622346,-264.2469073391259,-264.2469073391259,-264.2469073391259,0.0,0.0,0.0,1330.3829785505072
2015-08-17,1464.1238672388017,-1354.5941313815183,3824.73940025074,1464.1238672388017,1464.1238672388017,-236.68930680567937,-236.68930680567937,-236.68930680567937,7.146619482668294,7.146619482668294,7.146619482668294,-243.83592628834765,-243.83592628834765,-243.83592628834765,0.0,0.0,0.0,1227.4345604331224
2015-08-19,1464.6213625095859,-1642.2071254062687,3723.72003081005,1464.6213625095859,1464.6213625095859,-295.0415690544715,-295.0415690544715,-295.0415690544715,-102.82822581119927,-102.82822581119927,-102.82822581119927,-192.21334324327222,-192.21334324327222,-192.21334324327222,0.0,0.0,0.0,1169.5797934551144
2015-08-20,1464.870110144978,-2150.387793833381,3423.5070931945866,1464.870110144978,1464.870110144978,-844.7722392678616,-844.7722392678616,-844.7722392678616,-684.2422190992033,-684.2422190992033,-684.2422190992033,-160.53002016865815,-160.53002016865815,-160.53002016865815,0.0,0.0,0.0,620.0978708771165
2015-08-22,1465.3676054157622,-954.5603606663699,4490.900490210629,1465.3676054157622,1465.3676054157622,286.2154382421914,286.2154382421914,286.2154382421914,370.86703511231065,370.86703511231065,370.86703511231065,-84.65159687011925,-84.65159687011925,-84.65159687011925,0.0,0.0,0.0,1751.5830436579536
2015-08-23,1465.6163530511542,-1081.0215616190521,4372.8657505032525,1465.6163530511542,1465.6163530511542,90.40999192491468,90.40999192491468,90.40999192491468,130.75476628588092,130.75476628588092,130.75476628588092,-40.34477436096622,-40.34477436096622,-40.34477436096622,0.0,0.0,0.0,1556.026344976069
2015-08-24,1465.8651006865462,-1154.3675891591515,4159.302502685296,1465.8651006865462,1465.8651006865462,15.306266075655317,15.306266075655317,15.306266075655317,7.146619482684093,7.146619482684093,7.146619482684093,8.159646592971216,8.159646592971216,8.159646592971216,0.0,0.0,0.0,1481.1713667622014
2015-08-25,1466.1138483219383,-789.3897839184326,4654.966563821255,1466.1138483219383,1466.1138483219383,408.0862880627859,408.0862880627859,408.0862880627859,347.3575507892891,347.3575507892891,347.3575507892891,60.72873727349679,60.72873727349679,60.72873727349679,0.0,0.0,0.0,1874.2001363847244
2015-08-26,1466.3625959573305,-1392.6347457364045,4182.8775155186395,1466.3625959573305,1466.3625959573305,14.32096993579973,14.32096993579973,14.32096993579973,-102.82822581171104,-102.82822581171104,-102.82822581171104,117.14919574751072,117.14919574751072,117.14919574751072,0.0,0.0,0.0,1480.6835658931302
2015-08-27,1466.6113435927225,-1651.9036965433495,3705.26981410788,1466.6113435927225,1466.6113435927225,-507.11505512878557,-507.11505512878557,-507.11505512878557,-684.2422190990009,-684.2422190990009,-684.2422190990009,177.1271639702153,177.1271639702153,177.1271639702153,0.0,0.0,0.0,959.4962884639369
2015-08-29,1467.1088388635067,-555.0988590078958,4795.8354661383455,1467.1088388635067,1467.1088388635067,677.0551157298203,677.0551157298203,677.0551157298203,370.8670351123698,370.8670351123698,370.8670351123698,306.1880806174504,306.1880806174504,306.1880806174504,0.0,0.0,0.0,2144.1639545933267
2015-08-30,1467.3575864988989,-931.8272337418962,4583.044896997166,1467.3575864988989,1467.3575864988989,505.0571011889524,505.0571011889524,505.0571011889524,130.7547662861994,130.7547662861994,130.7547662861994,374.302334902753,374.302334902753,374.302334902753,0.0,0.0,0.0,1972.4146876878513
2015-08-31,1467.6063341342908,-830.9340638854615,4537.499041935588,1467.6063341342908,1467.6063341342908,451.194462066767,451.194462066767,451.194462066767,7.1466194832630245,7.1466194832630245,7.1466194832630245,444.0478425835041,444.0478425835041,444.0478425835041,0.0,0.0,0.0,1918.800796201058
2015-09-01,1467.855081769683,-302.8503070944845,5006.086592417032,1467.855081769683,1467.855081769683,862.1405079860822,862.1405079860822,862.1405079860822,347.3575507895107,347.3575507895107,347.3575507895107,514.7829571965715,514.7829571965715,514.7829571965715,0.0,0.0,0.0,2329.995589755765
2015-09-02,1468.103829405075,-615.5554508687976,4750.0007459689905,1468.103829405075,1468.103829405075,482.98982759020583,482.98982759020583,482.98982759020583,-102.82822581093296,-102.82822581093296,-102.82822581093296,585.8180534011389,585.8180534011389,585.8180534011389,0.0,0.0,0.0,1951.0936569952808
2015-09-03,1468.352577040467,-1393.1985864765684,4265.69507011199,1468.352577040467,1468.352577040467,-27.81658423268734,-27.81658423268734,-27.81658423268734,-684.2422190990646,-684.2422190990646,-684.2422190990646,656.4256348663773,656.4256348663773,656.4256348663773,0.0,0.0,0.0,1440.5359928077796
2015-09-05,1468.8500723112513,141.99763200843984,5412.994931219114,1468.8500723112513,1468.8500723112513,1164.1925679977358,1164.1925679977358,1164.1925679977358,370.8670351123668,370.8670351123668,370.8670351123668,793.3255328853691,793.3255328853691,793.3255328853691,0.0,0.0,0.0,2633.042640308987
2015-09-06,1469.0988199466433,-271.84339033342087,4972.064294545296,1469.0988199466433,1469.0988199466433,988.8302936278814,988.8302936278814,988.8302936278814,130.7547662866914,130.7547662866914,130.7547662866914,858.0755273411903,858.0755273411903,858.0755273411903,0.0,0.0,0.0,2457.9291135745248
2015-09-07,1469.3475675820353,-188.93136833653438,5227.508231716942,1469.3475675820353,1469.3475675820353,926.4843612183253,926.4843612183253,926.4843612183253,7.146619482636464,7.146619482636464,7.146619482636464,919.3377417356886,919.3377417356886,919.3377417356886,0.0,0.0,0.0,2395.8319288003604
2015-09-08,1469.5963152174274,211.27608352699096,5518.732927189991,1469.5963152174274,1469.5963152174274,1323.727563327871,1323.727563327871,1323.727563327871,347.3575507894554,347.3575507894554,347.3575507894554,976.3700125384156,976.3700125384156,976.3700125384156,0.0,0.0,0.0,2793.3238785452986
2015-09-09,1469.8450628528196,-402.31762176600125,4960.731465397199,1469.8450628528196,1469.8450628528196,925.6353298207904,925.6353298207904,925.6353298207904,-102.82822580951496,-102.82822580951496,-102.82822580951496,1028.463555630305,1028.463555630305,1028.463555630305,0.0,0.0,0.0,2395.48039267361
2015-09-10,1470.093810293991,-885.0161655422635,4551.790280559773,1470.093810293991,1470.093810293991,390.71222813761256,390.71222813761256,390.71222813761256,-684.2422190991283,-684.2422190991283,-684.2422190991283,1074.9544472367409,1074.9544472367409,1074.9544472367409,0.0,0.0,0.0,1860.8060384316036
2015-09-11,1470.3425577351625,-88.68930395881705,5220.712435924556,1470.3425577351625,1470.3425577351625,1046.1788786581003,1046.1788786581003,1046.1788786581003,-69.05552676038516,-69.05552676038516,-69.05552676038516,1115.2344054184855,1115.2344054184855,1115.2344054184855,0.0,0.0,0.0,2516.521436393263
2015-09-12,1470.5913051763341,437.6461805325574,5608.25101395806,1470.5913051763341,1470.5913051763341,1519.627721034435,1519.627721034435,1519.627721034435,370.8670351123059,370.8670351123059,370.8670351123059,1148.7606859221294,1148.7606859221294,1148.7606859221294,0.0,0.0,0.0,2990.219026210769
2015-09-13,1470.8400526175055,-182.38770447646465,5601.201136601539,1470.8400526175055,1470.8400526175055,1305.8196955329668,1305.8196955329668,1305.8196955329668,130.7547662865224,130.7547662865224,130.7547662865224,1175.0649292464445,1175.0649292464445,1175.0649292464445,0.0,0.0,0.0,2776.6597481504723
2015-09-14,1471.088800058677,153.20848960812125,5375.717097057934,1471.088800058677,1471.088800058677,1200.9074410400233,1200.9074410400233,1200.9074410400233,7.146619482933805,7.146619482933805,7.146619482933805,1193.7608215570897,1193.7608215570897,1193.7608215570897,0.0,0.0,0.0,2671.9962410987
2015-09-15,1471.3375474998484,252.60610056562822,5897.06149740241,1471.3375474998484,1471.3375474998484,1551.9080105648907,1551.9080105648907,1551.9080105648907,347.3575507897338,347.3575507897338,347.3575507897338,1204.550459775157,1204.550459775157,1204.550459775157,0.0,0.0,0.0,3023.2455580647393
2015-09-16,1471.58629494102,-107.70661180269438,5500.104189709154,1471.58629494102,1471.58629494102,1104.4011141478836,1104.4011141478836,1104.4011141478836,-102.82822581034668,-102.82822581034668,-102.82822581034668,1207.2293399582304,1207.2293399582304,1207.2293399582304,0.0,0.0,0.0,2575.9874090889034
2015-09-17,1471.8350423821914,-689.932070805717,4825.217316502342,1471.8350423821914,1471.8350423821914,517.4476980631873,517.4476980631873,517.4476980631873,-684.2422190991687,-684.2422190991687,-684.2422190991687,1201.689917162356,1201.689917162356,1201.689917162356,0.0,0.0,0.0,1989.2827404453787
2015-09-19,1472.3325372645343,356.6264528677095,5795.398918755066,1472.3325372645343,1472.3325372645343,1536.8890139567313,1536.8890139567313,1536.8890139567313,370.867035112334,370.867035112334,370.867035112334,1166.0219788443972,1166.0219788443972,1166.0219788443972,0.0,0.0,0.0,3009.2215512212656
2015-09-20,1472.5812847057057,85.972188231629,5257.771427563995,1472.5812847057057,1472.5812847057057,1266.929699061405,1266.929699061405,1266.929699061405,130.75476628617977,130.75476628617977,130.75476628617977,1136.1749327752254,1136.1749327752254,1136.1749327752254,0.0,0.0,0.0,2739.5109837671107
2015-09-21,1472.830032146877,-392.6820601780042,5255.614491455407,1472.830032146877,1472.830032146877,1105.8162615956235,1105.8162615956235,1105.8162615956235,7.1466194832311825,7.1466194832311825,7.1466194832311825,1098.6696421123925,1098.6696421123925,1098.6696421123925,0.0,0.0,0.0,2578.6462937425003
2015-09-22,1473.0787795880487,147.62505274978707,5648.655637858704,1473.0787795880487,1473.0787795880487,1401.2441560445718,1401.2441560445718,1401.2441560445718,347.35755078934466,347.35755078934466,347.35755078934466,1053.886605255227,1053.886605255227,1053.886605255227,0.0,0.0,0.0,2874.3229356326206
2015-09-23,1473.3275270292202,-481.527469621384,5006.483692829776,1473.3275270292202,1473.3275270292202,899.4669084662904,899.4669084662904,899.4669084662904,-102.82822580892865,-102.82822580892865,-102.82822580892865,1002.2951342752192,1002.2951342752192,1002.2951342752192,0.0,0.0,0.0,2372.7944354955107
2015-09-24,1473.5762744703916,-1003.405364955501,4484.152412307511,1473.5762744703916,1473.5762744703916,260.205418965563,260.205418965563,260.205418965563,-684.2422190989897,-684.2422190989897,-684.2422190989897,944.4476380645528,944.4476380645528,944.4476380645528,0.0,0.0,0.0,1733.7816934359546
2015-09-25,1473.825021911563,-430.72893897307836,5031.146932222578,1473.825021911563,1473.825021911563,811.9173937371227,811.9173937371227,811.9173937371227,-69.05552676091743,-69.05552676091743,-69.05552676091743,880.97292049804,880.97292049804,880.97292049804,0.0,0.0,0.0,2285.742415648686
2015-09-26,1474.0737693527346,64.90883449442896,5620.302953449763,1474.0737693527346,1474.0737693527346,1183.4356495350305,1183.4356495350305,1183.4356495350305,370.8670351123043,370.8670351123043,370.8670351123043,812.5686144227262,812.5686144227262,812.5686144227262,0.0,0.0,0.0,2657.509418887765
2015-09-27,1474.322516793906,-152.18666951822766,4992.324526664419,1474.322516793906,1474.322516793906,870.747642295637,870.747642295637,870.747642295637,130.75476628601072,130.75476628601072,130.75476628601072,739.992876009626,739.992876009626,739.992876009626,0.0,0.0,0.0,2345.0701590895433
2015-09-28,1474.5712642350775,-546.8173742683146,5013.073479712914,1474.5712642350775,1474.5712642350775,671.2020842923595,671.2020842923595,671.2020842923595,7.146619482886183,7.146619482886183,7.146619482886183,664.0554648094732,664.0554648094732,664.0554648094732,0.0,0.0,0.0,2145.773348527437
2015-09-29,1474.8200116762491,-264.332195384109,5221.760066858069,1474.8200116762491,1474.8200116762491,932.965883895482,932.965883895482,932.965883895482,347.35755078956635,347.35755078956635,347.35755078956635,585.6083331059158,585.6083331059158,585.6083331059158,0.0,0.0,0.0,2407.785895571731
2015-09-30,1475.0687591174205,-1036.3432702956563,4560.8287008329935,1475.0687591174205,1475.0687591174205,402.7076184960631,402.7076184960631,402.7076184960631,-102.82822580976038,-102.82822580976038,-102.82822580976038,505.53584430582345,505.53584430582345,505.53584430582345,0.0,0.0,0.0,1877.7763776134836
2015-10-01,1475.317506558592,-1393.6186764012361,4017.370591784326,1475.317506558592,1475.317506558592,-259.4974844921668,-259.4974844921668,-259.4974844921668,-684.2422190990535,-684.2422190990535,-684.2422190990535,424.7447346068867,424.7447346068867,424.7447346068867,0.0,0.0,0.0,1215.8200220664253
2015-10-02,1475.5662539997636,-1111.9108461517537,4450.542292453765,1475.5662539997636,1475.5662539997636,275.098398803143,275.098398803143,275.098398803143,-69.05552676026946,-69.05552676026946,-69.05552676026946,344.1539255634125,344.1539255634125,344.1539255634125,0.0,0.0,0.0,1750.6646528029066
2015-10-03,1475.815001440935,-536.6527926352095,4767.353879208319,1475.815001440935,1475.815001440935,635.5513230363451,635.5513230363451,635.5513230363451,370.8670351123056,370.8670351123056,370.8670351123056,264.6842879240396,264.6842879240396,264.6842879240396,0.0,0.0,0.0,2111.36632447728
2015-10-04,1476.0637488821064,-969.9770610978961,4508.4743419647875,1476.0637488821064,1476.0637488821064,318.00321603590606,318.00321603590606,318.00321603590606,130.7547662863292,130.7547662863292,130.7547662863292,187.24844974957685,187.24844974957685,187.24844974957685,0.0,0.0,0.0,1794.0669649180124
2015-10-05,1476.3124963232779,-1112.5555507680367,4207.919334639202,1476.3124963232779,1476.3124963232779,119.88735425567829,119.88735425567829,119.88735425567829,7.146619482902067,7.146619482902067,7.146619482902067,112.74073477277624,112.74073477277624,112.74073477277624,0.0,0.0,0.0,1596.199850578956
2015-10-06,1476.5612437644493,-975.1491123214103,4509.875546881937,1476.5612437644493,1476.5612437644493,389.3848614164305,389.3848614164305,389.3848614164305,347.3575507895109,347.3575507895109,347.3575507895109,42.02731062691958,42.02731062691958,42.02731062691958,0.0,0.0,0.0,1865.9461051808798
2015-10-07,1476.8099912056207,-1436.058512739219,4170.695708044966,1476.8099912056207,1476.8099912056207,-126.89160453627969,-126.89160453627969,-126.89160453627969,-102.8282258105921,-102.8282258105921,-102.8282258105921,-24.063378725687592,-24.063378725687592,-24.063378725687592,0.0,0.0,0.0,1349.918386669341
2015-10-08,1477.058738646792,-2038.2533018565339,3539.4277276865896,1477.058738646792,1477.058738646792,-768.9920451801942,-768.9920451801942,-768.9920451801942,-684.2422190988744,-684.2422190988744,-684.2422190988744,-84.74982608131974,-84.74982608131974,-84.74982608131974,0.0,0.0,0.0,708.0666934665979
2015-10-09,1477.3074860879638,-1502.2572781471272,4073.134405718528,1477.3074860879638,1477.3074860879638,-208.3617787370431,-208.3617787370431,-208.3617787370431,-69.05552676133217,-69.05552676133217,-69.05552676133217,-139.30625197571092,-139.30625197571092,-139.30625197571092,0.0,0.0,0.0,1268.9457073509207
2015-10-10,1477.5562335291352,-1123.0990704885926,4417.301408852502,1477.5562335291352,1477.5562335291352,183.7961279130934,183.7961279130934,183.7961279130934,370.86703511230263,370.86703511230263,370.86703511230263,-187.0709071992092,-187.0709071992092,-187.0709071992092,0.0,0.0,0.0,1661.3523614422286
2015-10-11,1477.8049809703066,-1385.5082281322475,3982.3817415884278,1477.8049809703066,1477.8049809703066,-96.6990541364333,-96.6990541364333,-96.6990541364333,130.75476628616013,130.75476628616013,130.75476628616013,-227.45382042259348,-227.45382042259348,-227.45382042259348,0.0,0.0,0.0,1381.1059268338734
2015-10-12,1478.0537284114782,-1383.4486013026456,4006.260719352886,1478.0537284114782,1478.0537284114782,-252.7973038444021,-252.7973038444021,-252.7973038444021,7.146619483199359,7.146619483199359,7.146619483199359,-259.94392332760145,-259.94392332760145,-259.94392332760145,0.0,0.0,0.0,1225.256424567076
2015-10-13,1478.3024758526496,-1252.9766468737225,4287.923403286792,1478.3024758526496,1478.3024758526496,63.2420671898289,63.2420671898289,63.2420671898289,347.35755078939883,347.35755078939883,347.35755078939883,-284.1154835995699,-284.1154835995699,-284.1154835995699,0.0,0.0,0.0,1541.5445430424786
2015-10-14,1478.551223293821,-1832.2003894104093,3788.576652303241,1478.551223293821,1478.551223293821,-402.4619994352793,-402.4619994352793,-402.4619994352793,-102.82822580917406,-102.82822580917406,-102.82822580917406,-299.63377362610527,-299.63377362610527,-299.63377362610527,0.0,0.0,0.0,1076.0892238585418
2015-10-15,1478.7999707349925,-2179.4888079369357,3170.1193108072166,1478.7999707349925,1478.7999707349925,-990.5021192829506,-990.5021192829506,-990.5021192829506,-684.2422190991576,-684.2422190991576,-684.2422190991576,-306.2599001837929,-306.2599001837929,-306.2599001837929,0.0,0.0,0.0,488.29785145204187
2015-10-16,1479.0487181761641,-1510.562973712071,3810.0907329501224,1479.0487181761641,1479.0487181761641,-372.9102450376371,-372.9102450376371,-372.9102450376371,-69.05552676080164,-69.05552676080164,-69.05552676080164,-303.85471827683534,-303.85471827683534,-303.85471827683534,0.0,0.0,0.0,1106.138473138527
2015-10-17,1479.2974656173355,-1088.0648630878693,4476.219332943865,1479.2974656173355,1479.2974656173355,78.48528399351692,78.48528399351692,78.48528399351692,370.86703511233065,370.86703511233065,370.86703511233065,-292.3817511188138,-292.3817511188138,-292.3817511188138,0.0,0.0,0.0,1557.7827496108525
2015-10-18,1479.546213058507,-1360.3464284001623,3985.201633101801,1479.546213058507,1479.546213058507,-141.15427225451003,-141.15427225451003,-141.15427225451003,130.75476628599114,130.75476628599114,130.75476628599114,-271.9090385405011,-271.9090385405011,-271.9090385405011,0.0,0.0,0.0,1338.391940803997
2015-10-19,1479.7949604996786,-1435.3918998989955,4037.3248231656144,1479.7949604996786,1479.7949604996786,-235.4632188813754,-235.4632188813754,-235.4632188813754,7.14661948321519,7.14661948321519,7.14661948321519,-242.60983836459064,-242.60983836459064,-242.60983836459064,0.0,0.0,0.0,1244.331741618303
2015-10-20,1480.0437079408498,-1089.0675089091928,4341.799509760873,1480.0437079408498,1480.0437079408498,142.59544083437848,142.59544083437848,142.59544083437848,347.3575507892866,347.3575507892866,347.3575507892866,-204.7621099549081,-204.7621099549081,-204.7621099549081,0.0,0.0,0.0,1622.6391487752283
2015-10-21,1480.292455732458,-1712.7663649956091,3986.323387919616,1480.292455732458,1480.292455732458,-261.57494242583687,-261.57494242583687,-261.57494242583687,-102.82822581000582,-102.82822581000582,-102.82822581000582,-158.746716615831,-158.746716615831,-158.746716615831,0.0,0.0,0.0,1218.7175133066212
2015-10-22,1480.541203524066,-2155.7839055858253,3142.4519878557517,1480.541203524066,1480.541203524066,-789.2865131809452,-789.2865131809452,-789.2865131809452,-684.2422190989787,-684.2422190989787,-684.2422190989787,-105.04429408196648,-105.04429408196648,-105.04429408196648,0.0,0.0,0.0,691.2546903431208
2015-10-24,1481.0386991072821,-747.9002302381106,4562.748535384036,1481.0386991072821,1481.0386991072821,393.8956891615517,393.8956891615517,393.8956891615517,370.86703511232764,370.86703511232764,370.86703511232764,23.028654049224098,23.028654049224098,23.028654049224098,0.0,0.0,0.0,1874.9343882688338
2015-10-25,1481.2874468988903,-1045.1514712210565,4386.8298898685025,1481.2874468988903,1481.2874468988903,226.74132533823087,226.74132533823087,226.74132533823087,130.75476628630955,130.75476628630955,130.75476628630955,95.98655905192128,95.98655905192128,95.98655905192128,0.0,0.0,0.0,1708.028772237121
2015-10-26,1481.5361946904984,-1106.8363595329345,4717.4236353614415,1481.5361946904984,1481.5361946904984,180.9688344410882,180.9688344410882,180.9688344410882,7.146619483151732,7.146619483151732,7.146619483151732,173.8222149579364,173.8222149579364,173.8222149579364,0.0,0.0,0.0,1662.5050291315865
2015-10-27,1481.7849424821065,-474.03493988768275,4935.090875893657,1481.7849424821065,1481.7849424821065,603.0090055993793,603.0090055993793,603.0090055993793,347.3575507892312,347.3575507892312,347.3575507892312,255.65145481014804,255.65145481014804,255.65145481014804,0.0,0.0,0.0,2084.7939480814857
2015-10-28,1482.0336902737145,-1370.9457180863178,4313.853449607354,1482.0336902737145,1482.0336902737145,237.70971403722623,237.70971403722623,237.70971403722623,-102.82822581051757,-102.82822581051757,-102.82822581051757,340.53793984774376,340.53793984774376,340.53793984774376,0.0,0.0,0.0,1719.7434043109406
2015-10-29,1482.2824380653226,-1529.322092772645,4012.4108249213023,1482.2824380653226,1482.2824380653226,-256.7366772070552,-256.7366772070552,-256.7366772070552,-684.2422190987995,-684.2422190987995,-684.2422190987995,427.50554189174443,427.50554189174443,427.50554189174443,0.0,0.0,0.0,1225.5457608582674
2015-10-31,1482.7799336485389,-249.35056689933077,5053.2006758561865,1482.7799336485389,1482.7799336485389,974.5288212770619,974.5288212770619,974.5288212770619,370.8670351122979,370.8670351122979,370.8670351122979,603.6617861647641,603.6617861647641,603.6617861647641,0.0,0.0,0.0,2457.3087549256006
2015-11-01,1483.028681440147,-443.106812336682,5160.987056813527,1483.028681440147,1483.028681440147,821.5784378843857,821.5784378843857,821.5784378843857,130.75476628614055,130.75476628614055,130.75476628614055,690.8236715982451,690.8236715982451,690.8236715982451,0.0,0.0,0.0,2304.6071193245325
2015-11-02,1483.277429231755,-431.09765380947533,5077.850863953926,1483.277429231755,1483.277429231755,783.1899035606599,783.1899035606599,783.1899035606599,7.14661948316753,7.14661948316753,7.14661948316753,776.0432840774924,776.0432840774924,776.0432840774924,0.0,0.0,0.0,2266.4673327924147
2015-11-03,1483.526177023363,-132.55484849526715,5483.421888718347,1483.526177023363,1483.526177023363,1205.7174391625454,1205.7174391625454,1205.7174391625454,347.3575507891759,347.3575507891759,347.3575507891759,858.3598883733692,858.3598883733692,858.3598883733692,0.0,0.0,0.0,2689.2436161859086
2015-11-04,1483.7749248149712,-367.80459145477363,5031.5903384773455,1483.7749248149712,1483.7749248149712,834.0332017799101,834.0332017799101,834.0332017799101,-102.8282258113493,-102.8282258113493,-102.8282258113493,936.8614275912593,936.8614275912593,936.8614275912593,0.0,0.0,0.0,2317.8081265948813
2015-11-05,1484.0236726065793,-990.0715719601262,4651.607127703508,1484.0236726065793,1484.0236726065793,326.45721461191306,326.45721461191306,326.45721461191306,-684.2422190990827,-684.2422190990827,-684.2422190990827,1010.6994337109958,1010.6994337109958,1010.6994337109958,0.0,0.0,0.0,1810.4808872184924
2015-11-07,1484.5211681897954,314.194848540837,5777.583121360027,1484.5211681897954,1484.5211681897954,1512.2602110913292,1512.2602110913292,1512.2602110913292,370.867035112326,370.867035112326,370.867035112326,1141.3931759790032,1141.3931759790032,1141.3931759790032,0.0,0.0,0.0,2996.781379281125
2015-11-08,1484.7699159814035,-81.19229791048889,5679.5965019303,1484.7699159814035,1484.7699159814035,1327.7472616266455,1327.7472616266455,1327.7472616266455,130.75476628579798,130.75476628579798,130.75476628579798,1196.9924953408474,1196.9924953408474,1196.9924953408474,0.0,0.0,0.0,2812.5171776080488
2015-11-09,1485.0186637730117,-86.79796718967019,5348.637940268383,1485.0186637730117,1485.0186637730117,1252.58428429142,1252.58428429142,1252.58428429142,7.14661948310411,7.14661948310411,7.14661948310411,1245.437664808316,1245.437664808316,1245.437664808316,0.0,0.0,0.0,2737.602948064432
2015-11-10,1485.2674115646198,488.20558199017546,6029.13622231426,1485.2674115646198,1485.2674115646198,1633.7443775129261,1633.7443775129261,1633.7443775129261,347.3575507893976,347.3575507893976,347.3575507893976,1286.3868267235284,1286.3868267235284,1286.3868267235284,0.0,0.0,0.0,3119.011789077546
2015-11-11,1485.516159356228,-213.19645690800232,5330.5177318337755,1485.516159356228,1485.516159356228,1216.7979154713262,1216.7979154713262,1216.7979154713262,-102.8282258102513,-102.8282258102513,-102.8282258102513,1319.6261412815775,1319.6261412815775,1319.6261412815775,0.0,0.0,0.0,2702.314074827554
2015-11-12,1485.7649071478359,-585.5523746092701,4930.085651428258,1485.7649071478359,1485.7649071478359,660.8315955759334,660.8315955759334,660.8315955759334,-684.2422190989035,-684.2422190989035,-684.2422190989035,1345.073814674837,1345.073814674837,1345.073814674837,0.0,0.0,0.0,2146.5965027237694
2015-11-14,1486.2624027310521,618.4053700814192,6146.256776967247,1486.2624027310521,1486.2624027310521,1743.8009734329535,1743.8009734329535,1743.8009734329535,370.8670351123541,370.8670351123541,370.8670351123541,1372.933938320599,1372.933938320599,1372.933938320599,0.0,0.0,0.0,3230.0633761640056
2015-11-15,1486.5111505226603,399.14091990248545,5677.130317128536,1486.5111505226603,1486.5111505226603,1506.598569070414,1506.598569070414,1506.598569070414,130.75476628562888,130.75476628562888,130.75476628562888,1375.8438027847853,1375.8438027847853,1375.8438027847853,0.0,0.0,0.0,2993.1097195930743
2015-11-16,1486.7598983142682,266.90385302022685,5752.495294498644,1486.7598983142682,1486.7598983142682,1379.0933007855865,1379.0933007855865,1379.0933007855865,7.1466194824775675,7.1466194824775675,7.1466194824775675,1371.9466813031088,1371.9466813031088,1371.9466813031088,0.0,0.0,0.0,2865.8531990998545
2015-11-17,1487.0086461058763,685.1481822457089,5975.8423193328945,1487.0086461058763,1487.0086461058763,1709.1488510499685,1709.1488510499685,1709.1488510499685,347.3575507890084,347.3575507890084,347.3575507890084,1361.79130026096,1361.79130026096,1361.79130026096,0.0,0.0,0.0,3196.157497155845
2015-11-18,1487.2573938974845,76.49097093591645,5591.994188107147,1487.2573938974845,1487.2573938974845,1243.1998435721828,1243.1998435721828,1243.1998435721828,-102.82822581076302,-102.82822581076302,-102.82822581076302,1346.028069382946,1346.028069382946,1346.028069382946,0.0,0.0,0.0,2730.4572374696672
2015-11-19,1487.5061416890926,-549.6137006196407,4797.842345718295,1487.5061416890926,1487.5061416890926,641.1529140812327,641.1529140812327,641.1529140812327,-684.2422190989674,-684.2422190989674,-684.2422190989674,1325.3951331802002,1325.3951331802002,1325.3951331802002,0.0,0.0,0.0,2128.6590557703253
2015-11-20,1487.7548894807007,-25.19120932512459,5471.9449371865785,1487.7548894807007,1487.7548894807007,1231.6467798253889,1231.6467798253889,1231.6467798253889,-69.05552676098314,-69.05552676098314,-69.05552676098314,1300.7023065863723,1300.7023065863723,1300.7023065863723,0.0,0.0,0.0,2719.4016693060894
2015-11-21,1488.0036372723087,315.63152419347887,5933.945421191587,1488.0036372723087,1488.0036372723087,1643.6802245521947,1643.6802245521947,1643.6802245521947,370.8670351122932,370.8670351122932,370.8670351122932,1272.8131894399014,1272.8131894399014,1272.8131894399014,0.0,0.0,0.0,3131.6838618245033
2015-11-22,1488.2523850639168,236.8253664476062,5614.528756871088,1488.2523850639168,1488.2523850639168,1373.3805744213562,1373.3805744213562,1373.3805744213562,130.7547662861209,130.7547662861209,130.7547662861209,1242.6258081352353,1242.6258081352353,1242.6258081352353,0.0,0.0,0.0,2861.632959485273
2015-11-23,1488.501132855525,-113.21656210333872,5628.052763200578,1488.501132855525,1488.501132855525,1218.1987995680267,1218.1987995680267,1218.1987995680267,7.146619482493398,7.146619482493398,7.146619482493398,1211.0521800855333,1211.0521800855333,1211.0521800855333,0.0,0.0,0.0,2706.6999324235517
2015-11-24,1488.749880647133,322.7178585223362,5688.820518319715,1488.749880647133,1488.749880647133,1526.3547869060435,1526.3547869060435,1526.3547869060435,347.35755078928685,347.35755078928685,347.35755078928685,1178.9972361167568,1178.9972361167568,1178.9972361167568,0.0,0.0,0.0,3015.1046675531766
2015-11-25,1488.998628438741,-264.4081261718332,5276.233055410407,1488.998628438741,1488.998628438741,1044.5093403669193,1044.5093403669193,1044.5093403669193,-102.82822581127476,-102.82822581127476,-102.82822581127476,1147.337566178194,1147.337566178194,1147.337566178194,0.0,0.0,0.0,2533.5079688056603
2015-11-26,1489.2473762303491,-765.867752260661,4520.561441306897,1489.2473762303491,1489.2473762303491,432.6582545508264,432.6582545508264,432.6582545508264,-684.2422190989845,-684.2422190989845,-684.2422190989845,1116.900473649811,1116.900473649811,1116.900473649811,0.0,0.0,0.0,1921.9056307811757
2015-11-27,1489.4961240219573,-264.66350693777594,5128.357290620504,1489.4961240219573,1489.4961240219573,1019.3883053613972,1019.3883053613972,1019.3883053613972,-69.05552676216335,-69.05552676216335,-69.05552676216335,1088.4438321235607,1088.4438321235607,1088.4438321235607,0.0,0.0,0.0,2508.8844293833545
2015-11-28,1489.7448718135654,323.48970219136254,5604.2587014917435,1489.7448718135654,1489.7448718135654,1433.504270282857,1433.504270282857,1433.504270282857,370.8670351123524,370.8670351123524,370.8670351123524,1062.637235170505,1062.637235170505,1062.637235170505,0.0,0.0,0.0,2923.2491420964225
2015-11-29,1489.9936196051735,6.124070828809987,5418.675009958134,1489.9936196051735,1489.9936196051735,1170.7996801984484,1170.7996801984484,1170.7996801984484,130.7547662857783,130.7547662857783,130.7547662857783,1040.0449139126702,1040.0449139126702,1040.0449139126702,0.0,0.0,0.0,2660.793299803622
2015-11-30,1490.2423673967814,-187.13309394254296,5422.07257392851,1490.2423673967814,1490.2423673967814,1028.257488644263,1028.257488644263,1028.257488644263,7.146619483072281,7.146619483072281,7.146619483072281,1021.1108691611909,1021.1108691611909,1021.1108691611909,0.0,0.0,0.0,2518.4998560410445
2015-12-01,1490.4911151883896,206.65646304755643,5705.577003585681,1490.4911151883896,1490.4911151883896,1353.5041755249256,1353.5041755249256,1353.5041755249256,347.3575507892314,347.3575507892314,347.3575507892314,1006.1466247356941,1006.1466247356941,1006.1466247356941,0.0,0.0,0.0,2843.995290713315
2015-12-02,1490.7398629799977,-185.80066490614584,5007.224375175261,1490.7398629799977,1490.7398629799977,892.4937311559086,892.4937311559086,892.4937311559086,-102.82822581049669,-102.82822581049669,-102.82822581049669,995.3219569664053,995.3219569664053,995.3219569664053,0.0,0.0,0.0,2383.233594135906
2015-12-03,1490.9886119505713,-856.2767414807338,4578.0594648681,1490.9886119505713,1490.9886119505713,304.4166741446873,304.4166741446873,304.4166741446873,-684.2422190990483,-684.2422190990483,-684.2422190990483,988.6588932437355,988.6588932437355,988.6588932437355,0.0,0.0,0.0,1795.4052860952586
2015-12-04,1491.2373609211452,-294.5911241809987,5221.383717594279,1491.2373609211452,1491.2373609211452,916.9736743192035,916.9736743192035,916.9736743192035,-69.05552676163285,-69.05552676163285,-69.05552676163285,986.0292010808363,986.0292010808363,986.0292010808363,0.0,0.0,0.0,2408.211035240349
2015-12-05,1491.486109891719,301.0765310667751,5761.208421055732,1491.486109891719,1491.486109891719,1358.022545144987,1358.022545144987,1358.022545144987,370.86703511234936,370.86703511234936,370.86703511234936,987.1555100326376,987.1555100326376,987.1555100326376,0.0,0.0,0.0,2849.508655036706
2015-12-06,1491.7348588622926,-55.59546168174107,5379.073858870527,1491.7348588622926,1491.7348588622926,1122.370890058671,1122.370890058671,1122.370890058671,130.75476628609684,130.75476628609684,130.75476628609684,991.6161237725742,991.6161237725742,991.6161237725742,0.0,0.0,0.0,2614.1057489209634
2015-12-07,1491.9836078328663,-189.99206612369105,5197.733119478974,1491.9836078328663,1491.9836078328663,1006.0001101580614,1006.0001101580614,1006.0001101580614,7.146619482445774,7.146619482445774,7.146619482445774,998.8534906756157,998.8534906756157,998.8534906756157,0.0,0.0,0.0,2497.9837179909277
2015-12-08,1492.23235680344,156.04177275327817,5523.809925775822,1492.23235680344,1492.23235680344,1355.543761362477,1355.543761362477,1355.543761362477,347.35755078945306,347.35755078945306,347.35755078945306,1008.186210573024,1008.186210573024,1008.186210573024,0.0,0.0,0.0,2847.776118165917
2015-12-09,1492.481105774014,-356.3697173845048,5246.366876653879,1492.481105774014,1492.481105774014,915.9961393967626,915.9961393967626,915.9961393967626,-102.82822581068845,-102.82822581068845,-102.82822581068845,1018.8243652074513,1018.8243652074513,1018.8243652074513,0.0,0.0,0.0,2408.4772451707768
2015-12-10,1492.7298547445876,-883.2680337891107,4501.115534528563,1492.7298547445876,1492.7298547445876,345.6456535817263,345.6456535817263,345.6456535817263,-684.2422190991119,-684.2422190991119,-684.2422190991119,1029.8878726808382,1029.8878726808382,1029.8878726808382,0.0,0.0,0.0,1838.3755083263138
2015-12-12,1493.227352685735,416.14045416182324,5580.734840859505,1493.227352685735,1493.227352685735,1420.315001646951,1420.315001646951,1420.315001646951,370.8670351123775,370.8670351123775,370.8670351123775,1049.4479665345737,1049.4479665345737,1049.4479665345737,0.0,0.0,0.0,2913.542354332686
2015-12-13,1493.4761016563086,-122.07609651933491,5446.183952586444,1493.4761016563086,1493.4761016563086,1186.6877161021077,1186.6877161021077,1186.6877161021077,130.75476628676233,130.75476628676233,130.75476628676233,1055.9329498153452,1055.9329498153452,1055.9329498153452,0.0,0.0,0.0,2680.1638177584164
2015-12-14,1493.7248506268825,-203.28339071646357,5136.641533078605,1493.7248506268825,1493.7248506268825,1066.0174839636952,1066.0174839636952,1066.0174839636952,7.1466194827430725,7.1466194827430725,7.1466194827430725,1058.8708644809522,1058.8708644809522,1058.8708644809522,0.0,0.0,0.0,2559.7423345905777
2015-12-15,1493.973599597456,381.4644555687426,5572.061450863021,1493.973599597456,1493.973599597456,1404.6389046338536,1404.6389046338536,1404.6389046338536,347.3575507897316,347.3575507897316,347.3575507897316,1057.2813538441221,1057.2813538441221,1057.2813538441221,0.0,0.0,0.0,2898.6125042313097
2015-12-16,1494.22234856803,-554.0683899509447,5092.954822599494,1494.22234856803,1494.22234856803,947.4132948282643,947.4132948282643,947.4132948282643,-102.8282258115202,-102.8282258115202,-102.8282258115202,1050.2415206397843,1050.2415206397843,1050.2415206397843,0.0,0.0,0.0,2441.635643396294
2015-12-17,1494.4710975386035,-1062.2353676932466,4544.615003433788,1494.4710975386035,1494.4710975386035,352.66913779975926,352.66913779975926,352.66913779975926,-684.2422190991756,-684.2422190991756,-684.2422190991756,1036.911356898935,1036.911356898935,1036.911356898935,0.0,0.0,0.0,1847.1402353383628
2015-12-19,1494.9685954797512,197.54174456954075,5371.685391114937,1494.9685954797512,1494.9685954797512,1359.4432123790375,1359.4432123790375,1359.4432123790375,370.86703511231667,370.86703511231667,370.86703511231667,988.5761772667211,988.5761772667211,988.5761772667211,0.0,0.0,0.0,2854.411807858789
2015-12-20,1495.2173444503248,-115.40969089837684,5434.201805757163,1495.2173444503248,1495.2173444503248,1083.2650665432172,1083.2650665432172,1083.2650665432172,130.7547662864197,130.7547662864197,130.7547662864197,952.5103002567978,952.5103002567978,952.5103002567978,0.0,0.0,0.0,2578.482410993542
2015-12-21,1495.4660934208985,-405.4752984717212,5191.754701964185,1495.4660934208985,1495.4660934208985,915.2142231383033,915.2142231383033,915.2142231383033,7.146619483040496,7.146619483040496,7.146619483040496,908.0676036552629,908.0676036552629,908.0676036552629,0.0,0.0,0.0,2410.680316559202
2015-12-22,1495.7148423914723,294.8503312256761,5375.673421603237,1495.7148423914723,1495.7148423914723,1202.4894936268292,1202.4894936268292,1202.4894936268292,347.3575507893424,347.3575507893424,347.3575507893424,855.1319428374867,855.1319428374867,855.1319428374867,0.0,0.0,0.0,2698.2043360183015
2015-12-23,1495.9635913620461,-727.4709698245762,4971.64401347326,1495.9635913620461,1495.9635913620461,690.9435997068551,690.9435997068551,690.9435997068551,-102.82822580849239,-102.82822580849239,-102.82822580849239,793.7718255153476,793.7718255153476,793.7718255153476,0.0,0.0,0.0,2186.9071910689013
2015-12-24,1496.2123403326198,-1238.0179544827026,4279.20550820495,1496.2123403326198,1496.2123403326198,40.002186940722325,40.002186940722325,40.002186940722325,-684.2422190989734,-684.2422190989734,-684.2422190989734,724.2444060396957,724.2444060396957,724.2444060396957,0.0,0.0,0.0,1536.2145272733421
2015-12-26,1496.7098382737672,-322.2280742732383,5015.2758078715315,1496.7098382737672,1496.7098382737672,933.5188690687836,933.5188690687836,933.5188690687836,370.8670351123136,370.8670351123136,370.8670351123136,562.6518339564699,562.6518339564699,562.6518339564699,0.0,0.0,0.0,2430.228707342551
2015-12-27,1496.9585872443408,-671.7687262132564,4655.441288199096,1496.9585872443408,1496.9585872443408,602.7714618859552,602.7714618859552,602.7714618859552,130.75476628625069,130.75476628625069,130.75476628625069,472.0166955997046,472.0166955997046,472.0166955997046,0.0,0.0,0.0,2099.730049130296
2015-12-28,1497.2073362149147,-883.9339950615142,4615.859492339108,1497.2073362149147,1497.2073362149147,383.1972074633576,383.1972074633576,383.1972074633576,7.146619483337788,7.146619483337788,7.146619483337788,376.0505879800198,376.0505879800198,376.0505879800198,0.0,0.0,0.0,1880.4045436782721
2015-12-29,1497.4560851854883,-589.1114740679199,4754.992783930483,1497.4560851854883,1497.4560851854883,623.213248800192,623.213248800192,623.213248800192,347.357550789564,347.357550789564,347.357550789564,275.8556980106279,275.8556980106279,275.8556980106279,0.0,0.0,0.0,2120.66933398568
2015-12-30,1497.7048341560621,-1279.1596186916968,4302.439093179883,1497.7048341560621,1497.7048341560621,69.82519566380925,69.82519566380925,69.82519566380925,-102.82822580932412,-102.82822580932412,-102.82822580932412,172.65342147313336,172.65342147313336,172.65342147313336,0.0,0.0,0.0,1567.5300298198713
2015-12-31,1497.9535831266357,-1918.1187744736997,3497.9264913685065,1497.9535831266357,1497.9535831266357,-616.4830944868389,-616.4830944868389,-616.4830944868389,-684.2422190990371,-684.2422190990371,-684.2422190990371,67.75912461219828,67.75912461219828,67.75912461219828,0.0,0.0,0.0,881.4704886397968
2016-01-02,1498.4510810677834,-1079.9149588934647,4585.789014980475,1498.4510810677834,1498.4510810677834,229.3229008407489,229.3229008407489,229.3229008407489,370.86703511237283,370.86703511237283,370.86703511237283,-141.54413427162393,-141.54413427162393,-141.54413427162393,0.0,0.0,0.0,1727.7739819085323
2016-01-03,1498.699830038357,-1449.734902992101,4120.61999690984,1498.699830038357,1498.699830038357,-112.35925854495522,-112.35925854495522,-112.35925854495522,130.75476628656918,130.75476628656918,130.75476628656918,-243.11402483152446,-243.11402483152446,-243.11402483152446,0.0,0.0,0.0,1386.3405714934017
2016-01-04,1498.9485790089307,-1400.9498188398518,3943.794962328891,1498.9485790089307,1498.9485790089307,-333.61474127302216,-333.61474127302216,-333.61474127302216,7.146619482711292,7.146619482711292,7.146619482711292,-340.7613607557334,-340.7613607557334,-340.7613607557334,0.0,0.0,0.0,1165.3338377359084
2016-01-05,1499.1973279795045,-1503.6366692692288,3890.345403174876,1499.1973279795045,1499.1973279795045,-85.79406914206784,-85.79406914206784,-85.79406914206784,347.3575507895087,347.3575507895087,347.3575507895087,-433.15161993157653,-433.15161993157653,-433.15161993157653,0.0,0.0,0.0,1413.4032588374366
2016-01-06,1499.4460769500783,-2059.756057670058,3626.6914241977815,1499.4460769500783,1499.4460769500783,-621.8691934379682,-621.8691934379682,-621.8691934379682,-102.82822580983583,-102.82822580983583,-102.82822580983583,-519.0409676281323,-519.0409676281323,-519.0409676281323,0.0,0.0,0.0,877.5768835121102
2016-01-09,1500.1923238617994,-1614.158028283971,3783.680191037921,1500.1923238617994,1500.1923238617994,-356.35798725903516,-356.35798725903516,-356.35798725903516,370.86703511231633,370.86703511231633,370.86703511231633,-727.2250223713514,-727.2250223713514,-727.2250223713514,0.0,0.0,0.0,1143.8343366027643
2016-01-10,1500.441072832373,-1918.6003044748684,3646.1570354073765,1500.441072832373,1500.441072832373,-646.7043010626668,-646.7043010626668,-646.7043010626668,130.75476628640016,130.75476628640016,130.75476628640016,-777.4590673490668,-777.4590673490668,-777.4590673490668,0.0,0.0,0.0,853.7367717697063
2016-01-12,1500.9385707735207,-1717.7815781964323,3726.732568177899,1500.9385707735207,1500.9385707735207,-499.08938112849535,-499.08938112849535,-499.08938112849535,347.3575507894533,347.3575507894533,347.3575507894533,-846.4469319179485,-846.4469319179485,-846.4469319179485,0.0,0.0,0.0,1001.8491896450254
2016-01-13,1501.1873197440943,-2225.3175194699843,3259.896550941785,1501.1873197440943,1501.1873197440943,-967.8727606227162,-967.8727606227162,-967.8727606227162,-102.8282258103476,-102.8282258103476,-102.8282258103476,-865.0445348123686,-865.0445348123686,-865.0445348123686,0.0,0.0,0.0,533.3145591213781
2016-01-17,1502.1823156263893,-1950.581572512511,3512.8448135753556,1502.1823156263893,1502.1823156263893,-711.2277899865834,-711.2277899865834,-711.2277899865834,130.75476628605756,130.75476628605756,130.75476628605756,-841.9825562726409,-841.9825562726409,-841.9825562726409,0.0,0.0,0.0,790.9545256398059
2016-01-19,1502.6798135675367,-1540.5817119009475,3782.567861980302,1502.6798135675367,1502.6798135675367,-436.1607877015098,-436.1607877015098,-436.1607877015098,347.35755078928435,347.35755078928435,347.35755078928435,-783.518338490794,-783.518338490794,-783.518338490794,0.0,0.0,0.0,1066.5190258660268
2016-01-23,1503.6748094498316,-1512.7664285386447,4061.7540251136584,1503.6748094498316,1503.6748094498316,-251.53432069572088,-251.53432069572088,-251.53432069572088,370.86703511231025,370.86703511231025,370.86703511231025,-622.4013558080312,-622.4013558080312,-622.4013558080312,0.0,0.0,0.0,1252.1404887541107
2016-01-24,1503.9235584204055,-1706.5911797357937,3797.2207687868645,1503.9235584204055,1503.9235584204055,-450.73262585070796,-450.73262585070796,-450.73262585070796,130.754766285715,130.754766285715,130.754766285715,-581.4873921364231,-581.4873921364231,-581.4873921364231,0.0,0.0,0.0,1053.1909325696975
2016-01-26,1504.4210579571418,-1460.9043698590667,3898.4200374830757,1504.4210579571418,1504.4210579571418,-161.73010436245968,-161.73010436245968,-161.73010436245968,347.35755078922904,347.35755078922904,347.35755078922904,-509.08765515168864,-509.08765515168864,-509.08765515168864,0.0,0.0,0.0,1342.690953594682
2016-01-27,1504.6698077255098,-1661.1892972339476,3751.090470822977,1504.6698077255098,1504.6698077255098,-583.0338237743493,-583.0338237743493,-583.0338237743493,-102.82822581008128,-102.82822581008128,-102.82822581008128,-480.205597964268,-480.205597964268,-480.205597964268,0.0,0.0,0.0,921.6359839511605
2016-01-28,1504.918557493878,-2581.7027700313047,3096.036973293916,1504.918557493878,1504.918557493878,-1141.952701024466,-1141.952701024466,-1141.952701024466,-684.242219099026,-684.242219099026,-684.242219099026,-457.71048192544004,-457.71048192544004,-457.71048192544004,0.0,0.0,0.0,362.9658564694121
2016-01-30,1505.4160570306142,-1172.2379790018297,4174.764500275646,1505.4160570306142,1505.4160570306142,-64.48602449302398,-64.48602449302398,-64.48602449302398,370.8670351122805,370.8670351122805,370.8670351122805,-435.35305960530445,-435.35305960530445,-435.35305960530445,0.0,0.0,0.0,1440.9300325375903
2016-01-31,1505.6648067989825,-1728.0977089094042,3804.882941844783,1505.6648067989825,1505.6648067989825,-305.95430113246687,-305.95430113246687,-305.95430113246687,130.75476628620706,130.75476628620706,130.75476628620706,-436.70906741867384,-436.70906741867384,-436.70906741867384,0.0,0.0,0.0,1199.7105056665155
2016-02-03,1506.4110561040868,-2032.4187338284505,3645.7185512832616,1506.4110561040868,1506.4110561040868,-596.2236219807938,-596.2236219807938,-596.2236219807938,-102.82822581091303,-102.82822581091303,-102.82822581091303,-493.3953961698808,-493.3953961698808,-493.3953961698808,0.0,0.0,0.0,910.187434123293
2016-02-06,1507.1573054091912,-1615.129195154601,3882.7115987277675,1507.1573054091912,1507.1573054091912,-251.21654319516284,-251.21654319516284,-251.21654319516284,370.86703511230854,370.86703511230854,370.86703511230854,-622.0835783074714,-622.0835783074714,-622.0835783074714,0.0,0.0,0.0,1255.9407622140284
2016-02-07,1507.4060551775592,-1842.3776031414652,3562.864628234455,1507.4060551775592,1507.4060551775592,-546.5784892043138,-546.5784892043138,-546.5784892043138,130.75476628603795,130.75476628603795,130.75476628603795,-677.3332554903517,-677.3332554903517,-677.3332554903517,0.0,0.0,0.0,960.8275659732454
2016-02-08,1507.6548049459273,-2152.408369803788,3593.763430126439,1507.6548049459273,1507.6548049459273,-729.6561687098001,-729.6561687098001,-729.6561687098001,7.146619483274171,7.146619483274171,7.146619483274171,-736.8027881930742,-736.8027881930742,-736.8027881930742,0.0,0.0,0.0,777.9986362361271
2016-02-09,1507.9035547142955,-1620.2702066004754,3820.072693689571,1507.9035547142955,1507.9035547142955,-451.7322412815606,-451.7322412815606,-451.7322412815606,347.3575507894521,347.3575507894521,347.3575507894521,-799.0897920710127,-799.0897920710127,-799.0897920710127,0.0,0.0,0.0,1056.171313432735
2016-02-10,1508.1523044826636,-2137.634830347668,3274.6469705992945,1508.1523044826636,1508.1523044826636,-965.5118237352979,-965.5118237352979,-965.5118237352979,-102.828225809815,-102.828225809815,-102.828225809815,-862.6835979254828,-862.6835979254828,-862.6835979254828,0.0,0.0,0.0,542.6404807473657
2016-02-14,1509.147303556136,-2341.0010215377524,3234.0848216380755,1509.147303556136,1509.147303556136,-967.3895978719095,-967.3895978719095,-967.3895978719095,130.75476628586884,130.75476628586884,130.75476628586884,-1098.1443641577785,-1098.1443641577785,-1098.1443641577785,0.0,0.0,0.0,541.7577056842265
2016-02-15,1509.3960533245042,-2415.7685596869255,3201.823588455788,1509.3960533245042,1509.3960533245042,-1137.2253564002538,-1137.2253564002538,-1137.2253564002538,7.146619483571512,7.146619483571512,7.146619483571512,-1144.3719758838256,-1144.3719758838256,-1144.3719758838256,0.0,0.0,0.0,372.1706969242505
2016-02-16,1509.6448030928723,-2074.2673984185694,3404.73308113944,1509.6448030928723,1509.6448030928723,-835.2682688640825,-835.2682688640825,-835.2682688640825,347.3575507890061,347.3575507890061,347.3575507890061,-1182.6258196530887,-1182.6258196530887,-1182.6258196530887,0.0,0.0,0.0,674.3765342287898
2016-02-18,1510.1423026296086,-3106.3737356319907,2420.9909861666024,1510.1423026296086,1510.1423026296086,-1914.6793866356868,-1914.6793866356868,-1914.6793866356868,-684.2422190989511,-684.2422190989511,-684.2422190989511,-1230.437167536736,-1230.437167536736,-1230.437167536736,0.0,0.0,0.0,-404.5370840060782
2016-02-20,1510.6398021663447,-1909.6420084534225,3289.462166405859,1510.6398021663447,1510.6398021663447,-863.0779821486784,-863.0779821486784,-863.0779821486784,370.8670351123336,370.8670351123336,370.8670351123336,-1233.945017261012,-1233.945017261012,-1233.945017261012,0.0,0.0,0.0,647.5618200176663
2016-02-21,1510.888551934713,-2402.964641984352,3223.8557601499406,1510.888551934713,1510.888551934713,-1086.897493877117,-1086.897493877117,-1086.897493877117,130.75476628636088,130.75476628636088,130.75476628636088,-1217.6522601634776,-1217.6522601634776,-1217.6522601634776,0.0,0.0,0.0,423.99105805759586
2016-02-22,1511.137301703081,-2671.015642273508,3137.847790343045,1511.137301703081,1511.137301703081,-1181.9033090981522,-1181.9033090981522,-1181.9033090981522,7.146619482584201,7.146619482584201,7.146619482584201,-1189.0499285807366,-1189.0499285807366,-1189.0499285807366,0.0,0.0,0.0,329.23399260492874
2016-02-23,1511.386051471449,-1966.9875087882895,3476.3137854106544,1511.386051471449,1511.386051471449,-800.8881688559912,-800.8881688559912,-800.8881688559912,347.3575507892845,347.3575507892845,347.3575507892845,-1148.2457196452758,-1148.2457196452758,-1148.2457196452758,0.0,0.0,0.0,710.4978826154578
2016-02-25,1511.8835510081853,-2998.0882571566804,2499.154384756775,1511.8835510081853,1511.8835510081853,-1715.961464931538,-1715.961464931538,-1715.961464931538,-684.242219098772,-684.242219098772,-684.242219098772,-1031.719245832766,-1031.719245832766,-1031.719245832766,0.0,0.0,0.0,-204.07791392335275
2016-02-27,1512.3810505449217,-1701.3201523588457,3751.7684558353685,1512.3810505449217,1512.3810505449217,-502.9552120169285,-502.9552120169285,-502.9552120169285,370.867035112335,370.867035112335,370.867035112335,-873.8222471292636,-873.8222471292636,-873.8222471292636,0.0,0.0,0.0,1009.4258385279932
2016-02-28,1512.62980031329,-1986.2635939026118,3611.088233783556,1512.62980031329,1512.62980031329,-651.3506150174287,-651.3506150174287,-651.3506150174287,130.7547662860183,130.7547662860183,130.7547662860183,-782.1053813034471,-782.1053813034471,-782.1053813034471,0.0,0.0,0.0,861.2791852958612
2016-03-01,1513.1272998500262,-1432.7270337849616,4121.106961376897,1513.1272998500262,1513.1272998500262,-232.7975077286305,-232.7975077286305,-232.7975077286305,347.35755078922915,347.35755078922915,347.35755078922915,-580.1550585178596,-580.1550585178596,-580.1550585178596,0.0,0.0,0.0,1280.3297921213957
2016-03-02,1513.3760496183943,-1758.913524186408,3494.131992590773,1513.3760496183943,1513.3760496183943,-575.9381100139676,-575.9381100139676,-575.9381100139676,-102.82822581167021,-102.82822581167021,-102.82822581167021,-473.10988420229745,-473.10988420229745,-473.10988420229745,0.0,0.0,0.0,937.4379396044267
2016-03-05,1514.1222989234986,-1074.6337525422957,4442.772956206238,1514.1222989234986,1514.1222989234986,222.694850479521,222.694850479521,222.694850479521,370.867035112332,370.867035112332,370.867035112332,-148.17218463281102,-148.17218463281102,-148.17218463281102,0.0,0.0,0.0,1736.8171494030196
2016-03-06,1514.3710486918667,-1222.03054147884,4304.184244054565,1514.3710486918667,1514.3710486918667,86.44206472213072,86.44206472213072,86.44206472213072,130.75476628567571,130.75476628567571,130.75476628567571,-44.31270156354501,-44.31270156354501,-44.31270156354501,0.0,0.0,0.0,1600.8131134139974
2016-03-07,1514.619798460235,-916.9545715096049,4446.487652146695,1514.619798460235,1514.619798460235,61.73826224807432,61.73826224807432,61.73826224807432,7.146619483178877,7.146619483178877,7.146619483178877,54.591642764895425,54.591642764895425,54.591642764895425,0.0,0.0,0.0,1576.3580607083093
2016-03-08,1514.868548228603,-757.5251569039846,4732.1280497625585,1514.868548228603,1514.868548228603,494.4120509313192,494.4120509313192,494.4120509313192,347.35755078945084,347.35755078945084,347.35755078945084,147.0545001418684,147.0545001418684,147.0545001418684,0.0,0.0,0.0,2009.280599159922
2016-03-09,1515.117297996971,-1012.5176300622484,4269.92792778032,1515.117297996971,1515.117297996971,128.90490468987957,128.90490468987957,128.90490468987957,-102.82822581025219,-102.82822581025219,-102.82822581025219,231.73313050013175,231.73313050013175,231.73313050013175,0.0,0.0,0.0,1644.0222026868505
2016-03-10,1515.3660477653393,-1557.7769228468817,3844.383317188756,1515.3660477653393,1515.3660477653393,-376.78770632168914,-376.78770632168914,-376.78770632168914,-684.2422190993384,-684.2422190993384,-684.2422190993384,307.45451277764926,307.45451277764926,307.45451277764926,0.0,0.0,0.0,1138.57834144365
2016-03-12,1515.8635473020754,-442.4344285289939,5106.610753672323,1515.8635473020754,1515.8635473020754,799.1755163809491,799.1755163809491,799.1755163809491,370.8670351123601,370.8670351123601,370.8670351123601,428.3084812685891,428.3084812685891,428.3084812685891,0.0,0.0,0.0,2315.0390636830243
2016-03-13,1516.1122970704437,-563.1441472582172,4719.138822708627,1516.1122970704437,1516.1122970704437,602.8712149770557,602.8712149770557,602.8712149770557,130.7547662855067,130.7547662855067,130.7547662855067,472.11644869154895,472.11644869154895,472.11644869154895,0.0,0.0,0.0,2118.9835120474995
2016-03-14,1516.3610468388117,-746.9812678503479,4822.626153319662,1516.3610468388117,1516.3610468388117,511.4834872760111,511.4834872760111,511.4834872760111,7.146619482552378,7.146619482552378,7.146619482552378,504.3368677934588,504.3368677934588,504.3368677934588,0.0,0.0,0.0,2027.8445341148229
2016-03-15,1516.6097966071798,-405.06734859426183,5121.409374242955,1516.6097966071798,1516.6097966071798,872.2322178635017,872.2322178635017,872.2322178635017,347.3575507893955,347.3575507893955,347.3575507893955,524.8746670741061,524.8746670741061,524.8746670741061,0.0,0.0,0.0,2388.8420144706815
2016-03-16,1516.858546375548,-750.7408516032443,4580.158004897855,1516.858546375548,1516.858546375548,431.0319411257334,431.0319411257334,431.0319411257334,-102.82822581108393,-102.82822581108393,-102.82822581108393,533.8601669368172,533.8601669368172,533.8601669368172,0.0,0.0,0.0,1947.8904875012813
2016-03-17,1517.107296143916,-1322.2430530007598,4086.4377318816887,1517.107296143916,1517.107296143916,-152.6020074894867,-152.6020074894867,-152.6020074894867,-684.2422190991593,-684.2422190991593,-684.2422190991593,531.6402116096726,531.6402116096726,531.6402116096726,0.0,0.0,0.0,1364.5052886544295
2016-03-19,1517.6047956806524,-293.9012312762186,4964.255158180123,1517.6047956806524,1517.6047956806524,866.8346796229716,866.8346796229716,866.8346796229716,370.8670351122993,370.8670351122993,370.8670351122993,495.9676445106725,495.9676445106725,495.9676445106725,0.0,0.0,0.0,2384.439475303624
2016-03-20,1517.8535454490204,-484.0775705340287,4955.196985187328,1517.8535454490204,1517.8535454490204,594.901925573999,594.901925573999,594.901925573999,130.75476628665973,130.75476628665973,130.75476628665973,464.1471592873394,464.1471592873394,464.1471592873394,0.0,0.0,0.0,2112.7554710230197
2016-03-21,1518.1022952173885,-620.6963383931106,4754.538998629688,1518.1022952173885,1518.1022952173885,431.48514330490656,431.48514330490656,431.48514330490656,7.146619483131299,7.146619483131299,7.146619483131299,424.3385238217752,424.3385238217752,424.3385238217752,0.0,0.0,0.0,1949.587438522295
2016-03-22,1518.3510449857565,-337.6602537487988,5003.816063497177,1518.3510449857565,1518.3510449857565,725.0450162229812,725.0450162229812,725.0450162229812,347.3575507893401,347.3575507893401,347.3575507893401,377.68746543364114,377.68746543364114,377.68746543364114,0.0,0.0,0.0,2243.3960612087376
2016-03-23,1518.5997954069032,-1131.4521255594534,4409.323260312372,1518.5997954069032,1518.5997954069032,222.59228766675338,222.59228766675338,222.59228766675338,-102.82822581159569,-102.82822581159569,-102.82822581159569,325.42051347834905,325.42051347834905,325.42051347834905,0.0,0.0,0.0,1741.1920830736567
2016-03-24,1518.84854582805,-1636.0585840581782,3864.9326994981625,1518.84854582805,1518.84854582805,-415.4277378047303,-415.4277378047303,-415.4277378047303,-684.242219098957,-684.242219098957,-684.242219098957,268.81448129422677,268.81448129422677,268.81448129422677,0.0,0.0,0.0,1103.4208080233198
2016-03-26,1519.3460466703432,-636.2681828130607,4930.743354110648,1519.3460466703432,1519.3460466703432,518.6265719508895,518.6265719508895,518.6265719508895,370.8670351123273,370.8670351123273,370.8670351123273,147.7595368385621,147.7595368385621,147.7595368385621,0.0,0.0,0.0,2037.9726186212326
2016-03-27,1519.59479709149,-1033.437138085844,4218.151387355061,1519.59479709149,1519.59479709149,216.5964078350097,216.5964078350097,216.5964078350097,130.7547662864907,130.7547662864907,130.7547662864907,85.84164154851901,85.84164154851901,85.84164154851901,0.0,0.0,0.0,1736.1912049264997
2016-03-28,1519.8435475126364,-1087.9592406197223,4377.129020262509,1519.8435475126364,1519.8435475126364,31.73706087997813,31.73706087997813,31.73706087997813,7.146619483147047,7.146619483147047,7.146619483147047,24.59044139683109,24.59044139683109,24.59044139683109,0.0,0.0,0.0,1551.5806083926145
2016-03-29,1520.0922979337831,-785.1434486339208,4519.045445782413,1520.0922979337831,1520.0922979337831,312.450238973252,312.450238973252,312.450238973252,347.3575507892847,347.3575507892847,347.3575507892847,-34.90731181603272,-34.90731181603272,-34.90731181603272,0.0,0.0,0.0,1832.5425369070351
2016-03-30,1520.3410483549296,-1654.1603115923667,4099.837523504692,1520.3410483549296,1520.3410483549296,-194.5063204045763,-194.5063204045763,-194.5063204045763,-102.82822581081763,-102.82822581081763,-102.82822581081763,-91.67809459375864,-91.67809459375864,-91.67809459375864,0.0,0.0,0.0,1325.8347279503532
2016-03-31,1520.5897987760761,-1997.4831360029475,3453.049704792135,1520.5897987760761,1520.5897987760761,-829.1217882858571,-829.1217882858571,-829.1217882858571,-684.2422190990206,-684.2422190990206,-684.2422190990206,-144.8795691868363,-144.8795691868363,-144.8795691868363,0.0,0.0,0.0,691.4680104902191
2016-04-02,1521.0872996183696,-1151.452950290765,4245.877944631547,1521.0872996183696,1521.0872996183696,132.92581527340712,132.92581527340712,132.92581527340712,370.8670351123553,370.8670351123553,370.8670351123553,-237.94121983894829,-237.94121983894829,-237.94121983894829,0.0,0.0,0.0,1654.0131148917767
2016-04-04,1521.5848004606628,-1533.7605476272895,3971.9970153533554,1521.5848004606628,1521.5848004606628,-303.2587975289315,-303.2587975289315,-303.2587975289315,7.146619482520591,7.146619482520591,7.146619482520591,-310.4054170114521,-310.4054170114521,-310.4054170114521,0.0,0.0,0.0,1218.3260029317312
2016-04-05,1521.8335508818095,-1180.4315721051466,4335.507822430044,1521.8335508818095,1521.8335508818095,8.894677154925596,8.894677154925596,8.894677154925596,347.3575507895064,347.3575507895064,347.3575507895064,-338.4628736345808,-338.4628736345808,-338.4628736345808,0.0,0.0,0.0,1530.7282280367351
2016-04-06,1522.0823013029562,-1535.7116757658175,3789.3009205356666,1522.0823013029562,1522.0823013029562,-463.96977346726385,-463.96977346726385,-463.96977346726385,-102.82822580939958,-102.82822580939958,-102.82822580939958,-361.1415476578642,-361.1415476578642,-361.1415476578642,0.0,0.0,0.0,1058.1125278356924
2016-04-07,1522.3310517241025,-2345.144287693419,3409.3201062348485,1522.3310517241025,1522.3310517241025,-1062.9158983494472,-1062.9158983494472,-1062.9158983494472,-684.2422190988417,-684.2422190988417,-684.2422190988417,-378.6736792506055,-378.6736792506055,-378.6736792506055,0.0,0.0,0.0,459.41515337465535
2016-04-09,1522.828552566396,-1180.7270771217127,4491.610754017649,1522.828552566396,1522.828552566396,-28.977914210637593,-28.977914210637593,-28.977914210637593,370.86703511238346,370.86703511238346,370.86703511238346,-399.84494932302107,-399.84494932302107,-399.84494932302107,0.0,0.0,0.0,1493.8506383557583
2016-04-10,1523.0773029875425,-1309.6884745696418,4094.3735766549453,1523.0773029875425,1523.0773029875425,-273.75818597538904,-273.75818597538904,-273.75818597538904,130.75476628664012,130.75476628664012,130.75476628664012,-404.5129522620291,-404.5129522620291,-404.5129522620291,0.0,0.0,0.0,1249.3191170121534
2016-04-11,1523.3260534086892,-1561.6089922790125,3829.308229774187,1523.3260534086892,1523.3260534086892,-398.90514288449043,-398.90514288449043,-398.90514288449043,7.146619482817883,7.146619482817883,7.146619482817883,-406.05176236730836,-406.05176236730836,-406.05176236730836,0.0,0.0,0.0,1124.4209105241987
2016-04-13,1523.8235542509824,-1945.8999566482,3537.2206067378106,1523.8235542509824,1523.8235542509824,-505.30149666624413,-505.30149666624413,-505.30149666624413,-102.82822580991134,-102.82822580991134,-102.82822580991134,-402.4732708563329,-402.4732708563329,-402.4732708563329,0.0,0.0,0.0,1018.5220575847383
2016-04-14,1524.0723046721291,-2239.7512692681466,3183.923715473053,1524.0723046721291,1524.0723046721291,-1083.003132270533,-1083.003132270533,-1083.003132270533,-684.2422190991482,-684.2422190991482,-684.2422190991482,-398.76091317138463,-398.76091317138463,-398.76091317138463,0.0,0.0,0.0,441.06917240159623
2016-04-16,1524.5698055144221,-1452.648948364829,4319.591128253442,1524.5698055144221,1524.5698055144221,-20.02213449149974,-20.02213449149974,-20.02213449149974,370.8670351123226,370.8670351123226,370.8670351123226,-390.8891696038223,-390.8891696038223,-390.8891696038223,0.0,0.0,0.0,1504.5476710229223
2016-04-17,1524.8185559355688,-1373.673035733811,4085.851357224227,1524.8185559355688,1524.8185559355688,-257.20405905436627,-257.20405905436627,-257.20405905436627,130.75476628629752,130.75476628629752,130.75476628629752,-387.9588253406638,-387.9588253406638,-387.9588253406638,0.0,0.0,0.0,1267.6144968812025
2016-04-18,1525.0673063567156,-1884.47631070974,3841.300871465833,1525.0673063567156,1525.0673063567156,-379.2575280648096,-379.2575280648096,-379.2575280648096,7.146619482833731,7.146619482833731,7.146619482833731,-386.4041475476433,-386.4041475476433,-386.4041475476433,0.0,0.0,0.0,1145.809778291906
2016-04-19,1525.316056777862,-1215.567964981303,4268.043894143188,1525.316056777862,1525.316056777862,-39.289349734671354,-39.289349734671354,-39.289349734671354,347.3575507893957,347.3575507893957,347.3575507893957,-386.646900524067,-386.646900524067,-386.646900524067,0.0,0.0,0.0,1486.0267070431908
2016-04-20,1525.5648071990088,-1746.2582290509974,3821.8623008305854,1525.5648071990088,1525.5648071990088,-491.83805330423706,-491.83805330423706,-491.83805330423706,-102.82822580881329,-102.82822580881329,-102.82822580881329,-389.00982749542374,-389.00982749542374,-389.00982749542374,0.0,0.0,0.0,1033.7267538947717
2016-04-21,1525.8135576201555,-2220.6066497238126,3124.398378004142,1525.8135576201555,1525.8135576201555,-1077.9515726604357,-1077.9515726604357,-1077.9515726604357,-684.2422190989458,-684.2422190989458,-684.2422190989458,-393.7093535614899,-393.7093535614899,-393.7093535614899,0.0,0.0,0.0,447.86198495971985
2016-04-22,1526.062308041302,-1804.0342343652756,3648.9685870027474,1526.062308041302,1526.062308041302,-469.9071725763868,-469.9071725763868,-469.9071725763868,-69.05552676111812,-69.05552676111812,-69.05552676111812,-400.8516458152687,-400.8516458152687,-400.8516458152687,0.0,0.0,0.0,1056.1551354649152
2016-04-24,1526.5598088835952,-1239.3325499170946,4130.797057678833,1526.5598088835952,1526.5598088835952,-291.58311144198973,-291.58311144198973,-291.58311144198973,130.75476628595496,130.75476628595496,130.75476628595496,-422.3378777279447,-422.3378777279447,-422.3378777279447,0.0,0.0,0.0,1234.9766974416054
2016-04-25,1526.8085593047417,-1595.4714514679297,3876.676179740893,1526.8085593047417,1526.8085593047417,-429.20763644445185,-429.20763644445185,-429.20763644445185,7.146619483412647,7.146619483412647,7.146619483412647,-436.35425592786453,-436.35425592786453,-436.35425592786453,0.0,0.0,0.0,1097.6009228602898
2016-04-26,1527.0573097258884,-1201.4686699643182,4198.309615390808,1527.0573097258884,1527.0573097258884,-104.81545874962153,-104.81545874962153,-104.81545874962153,347.35755078961733,347.35755078961733,347.35755078961733,-452.17300953923893,-452.17300953923893,-452.17300953923893,0.0,0.0,0.0,1422.241850976267
2016-04-27,1527.3060601470352,-1966.1936580331105,3805.6031301550033,1527.3060601470352,1527.3060601470352,-572.2322690168056,-572.2322690168056,-572.2322690168056,-102.82822580964502,-102.82822580964502,-102.82822580964502,-469.4040432071606,-469.4040432071606,-469.4040432071606,0.0,0.0,0.0,955.0737911302296
2016-04-28,1527.5548105681817,-2547.938518347505,3117.5449333886645,1527.5548105681817,1527.5548105681817,-1171.8311851187746,-1171.8311851187746,-1171.8311851187746,-684.2422190990095,-684.2422190990095,-684.2422190990095,-487.588966019765,-487.588966019765,-487.588966019765,0.0,0.0,0.0,355.7236254494071
2016-04-29,1527.8035609893284,-1625.5552214052557,3749.439959957285,1527.8035609893284,1527.8035609893284,-575.2720050021389,-575.2720050021389,-575.2720050021389,-69.0555267605876,-69.0555267605876,-69.0555267605876,-506.2164782415514,-506.2164782415514,-506.2164782415514,0.0,0.0,0.0,952.5315559871894
2016-04-30,1528.052311410475,-1281.1753656171265,4181.761931479784,1528.052311410475,1528.052311410475,-153.87201297912222,-153.87201297912222,-153.87201297912222,370.86703511232093,370.86703511232093,370.86703511232093,-524.7390480914431,-524.7390480914431,-524.7390480914431,0.0,0.0,0.0,1374.1802984313529
2016-05-01,1528.3010618316216,-1679.5452477249046,3777.6179870036894,1528.3010618316216,1528.3010618316216,-411.835608332666,-411.835608332666,-411.835608332666,130.754766286447,130.754766286447,130.754766286447,-542.590374619113,-542.590374619113,-542.590374619113,0.0,0.0,0.0,1116.4654534989556
2016-05-02,1528.5498122527683,-1827.016103743244,3671.4960364306153,1528.5498122527683,1528.5498122527683,-552.0565019857266,-552.0565019857266,-552.0565019857266,7.146619482786055,7.146619482786055,7.146619482786055,-559.2031214685126,-559.2031214685126,-559.2031214685126,0.0,0.0,0.0,976.4933102670417
2016-05-03,1528.7985626739148,-1573.2204844214527,4107.419787793713,1528.7985626739148,1528.7985626739148,-226.66885887583726,-226.66885887583726,-226.66885887583726,347.35755078917134,347.35755078917134,347.35755078917134,-574.0264096650086,-574.0264096650086,-574.0264096650086,0.0,0.0,0.0,1302.1297037980776
2016-05-04,1529.0473130950613,-1792.5025020383412,3323.2180210916104,1529.0473130950613,1529.0473130950613,-689.3708009607984,-689.3708009607984,-689.3708009607984,-102.82822581015677,-102.82822581015677,-102.82822581015677,-586.5425751506416,-586.5425751506416,-586.5425751506416,0.0,0.0,0.0,839.6765121342629
2016-05-07,1529.7935643585013,-1605.1319111081868,4024.8865972982694,1529.7935643585013,1529.7935643585013,-235.01793053488362,-235.01793053488362,-235.01793053488362,370.86703511232224,370.86703511232224,370.86703511232224,-605.8849656472058,-605.8849656472058,-605.8849656472058,0.0,0.0,0.0,1294.7756338236177
2016-05-08,1530.042314779648,-1702.6708395895405,3908.247908637844,1530.042314779648,1530.042314779648,-474.4136204582071,-474.4136204582071,-474.4136204582071,130.75476628627789,130.75476628627789,130.75476628627789,-605.1683867444849,-605.1683867444849,-605.1683867444849,0.0,0.0,0.0,1055.628694321441
2016-05-09,1530.2910652007947,-1754.9853156066843,3553.0833890671506,1530.2910652007947,1530.2910652007947,-593.3886725623294,-593.3886725623294,-593.3886725623294,7.14661948308348,7.14661948308348,7.14661948308348,-600.5352920454128,-600.5352920454128,-600.5352920454128,0.0,0.0,0.0,936.9023926384654
2016-05-10,1530.5428506943208,-1355.9604581434348,4051.215856932279,1530.5428506943208,1530.5428506943208,-244.5684444691193,-244.5684444691193,-244.5684444691193,347.3575507894498,347.3575507894498,347.3575507894498,-591.9259952585691,-591.9259952585691,-591.9259952585691,0.0,0.0,0.0,1285.9744062252016
2016-05-11,1530.7946361878473,-1925.2028163919833,3714.9067770907986,1530.7946361878473,1530.7946361878473,-682.2067437145596,-682.2067437145596,-682.2067437145596,-102.82822581098851,-102.82822581098851,-102.82822581098851,-579.3785179035709,-579.3785179035709,-579.3785179035709,0.0,0.0,0.0,848.5878924732878
2016-05-12,1531.0464216813734,-2442.103278756028,2948.763835026667,1531.0464216813734,1531.0464216813734,-1247.2697902039497,-1247.2697902039497,-1247.2697902039497,-684.2422190991138,-684.2422190991138,-684.2422190991138,-563.0275711048359,-563.0275711048359,-563.0275711048359,0.0,0.0,0.0,283.77663147742373
2016-05-13,1531.2982071748997,-1719.7378707896792,3624.7520463845603,1531.2982071748997,1531.2982071748997,-612.1563947972608,-612.1563947972608,-612.1563947972608,-69.05552676100237,-69.05552676100237,-69.05552676100237,-543.1008680362586,-543.1008680362586,-543.1008680362586,0.0,0.0,0.0,919.141812377639
2016-05-14,1531.5499926684263,-1255.380181909599,4124.835698255597,1531.5499926684263,1531.5499926684263,-149.04588465541266,-149.04588465541266,-149.04588465541266,370.86703511231923,370.86703511231923,370.86703511231923,-519.912919767732,-519.912919767732,-519.912919767732,0.0,0.0,0.0,1382.5041080130136
2016-05-15,1531.8017781619524,-1410.7818086969587,4109.465075753205,1531.8017781619524,1531.8017781619524,-363.1017686845012,-363.1017686845012,-363.1017686845012,130.75476628593532,130.75476628593532,130.75476628593532,-493.85653497043654,-493.85653497043654,-493.85653497043654,0.0,0.0,0.0,1168.7000094774512
2016-05-16,1532.053563655479,-1542.621728816108,3949.2851093340278,1532.053563655479,1532.053563655479,-458.24568451520076,-458.24568451520076,-458.24568451520076,7.146619483380769,7.146619483380769,7.146619483380769,-465.39230399858155,-465.39230399858155,-465.39230399858155,0.0,0.0,0.0,1073.8078791402781
2016-05-17,1532.305349149005,-1339.4367190271269,4184.758888038207,1532.305349149005,1532.305349149005,-87.67884793834854,-87.67884793834854,-87.67884793834854,347.3575507890038,347.3575507890038,347.3575507890038,-435.0363987273523,-435.0363987273523,-435.0363987273523,0.0,0.0,0.0,1444.6265012106564
2016-05-18,1532.5571346425313,-1653.0438092605427,3902.385189679043,1532.5571346425313,1532.5571346425313,-506.17528574477325,-506.17528574477325,-506.17528574477325,-102.82822580957045,-102.82822580957045,-102.82822580957045,-403.3470599352028,-403.3470599352028,-403.3470599352028,0.0,0.0,0.0,1026.3818488977581
2016-05-20,1533.060705629584,-1465.5079238876997,3886.455254738009,1533.060705629584,1533.060705629584,-407.3798767337022,-407.3798767337022,-407.3798767337022,-69.05552676194762,-69.05552676194762,-69.05552676194762,-338.32434997175454,-338.32434997175454,-338.32434997175454,0.0,0.0,0.0,1125.6808288958819
2016-05-21,1533.3124911231105,-1148.8840914884054,4229.91426658152,1533.3124911231105,1533.3124911231105,64.68109518025419,64.68109518025419,64.68109518025419,370.8670351123162,370.8670351123162,370.8670351123162,-306.18593993206207,-306.18593993206207,-306.18593993206207,0.0,0.0,0.0,1597.9935863033647
2016-05-22,1533.5642766166366,-1309.4860627224662,3937.082932103884,1533.5642766166366,1533.5642766166366,-144.3196178476038,-144.3196178476038,-144.3196178476038,130.75476628576627,130.75476628576627,130.75476628576627,-275.0743841333701,-275.0743841333701,-275.0743841333701,0.0,0.0,0.0,1389.2446587690329
2016-05-23,1533.8160621101629,-1322.0151074961207,3952.797020638147,1533.8160621101629,1533.8160621101629,-238.39169157227187,-238.39169157227187,-238.39169157227187,7.14661948303581,7.14661948303581,7.14661948303581,-245.53831105530767,-245.53831105530767,-245.53831105530767,0.0,0.0,0.0,1295.424370537891
2016-05-24,1534.0678476036892,-977.832404389048,4523.880741436653,1534.0678476036892,1534.0678476036892,129.2748122139738,129.2748122139738,129.2748122139738,347.35755078928224,347.35755078928224,347.35755078928224,-218.0827385753085,-218.0827385753085,-218.0827385753085,0.0,0.0,0.0,1663.342659817663
2016-05-25,1534.3196330972155,-1372.91152439156,4214.859560863537,1534.3196330972155,1534.3196330972155,-295.98593567251805,-295.98593567251805,-295.98593567251805,-102.8282258104022,-102.8282258104022,-102.8282258104022,-193.15770986211587,-193.15770986211587,-193.15770986211587,0.0,0.0,0.0,1238.3336974246974
2016-05-26,1534.571418590742,-2010.7096276991408,3212.255899542451,1534.571418590742,1534.571418590742,-855.3908608968752,-855.3908608968752,-855.3908608968752,-684.2422190989984,-684.2422190989984,-684.2422190989984,-171.14864179787685,-171.14864179787685,-171.14864179787685,0.0,0.0,0.0,679.1805576938668
2016-05-28,1535.0749895777944,-1024.7453173142644,4589.056347666339,1535.0749895777944,1535.0749895777944,233.81430281996535,233.81430281996535,233.81430281996535,370.8670351123176,370.8670351123176,370.8670351123176,-137.05273229235223,-137.05273229235223,-137.05273229235223,0.0,0.0,0.0,1768.8892923977598
2016-05-29,1535.326775071321,-1097.9685833360304,4188.915215873382,1535.326775071321,1535.326775071321,5.400009860684082,5.400009860684082,5.400009860684082,130.7547662860848,130.7547662860848,130.7547662860848,-125.35475642540071,-125.35475642540071,-125.35475642540071,0.0,0.0,0.0,1540.726784932005
2016-05-30,1535.578560564847,-1458.4350566997211,4354.180427221183,1535.578560564847,1535.578560564847,-110.19925878966585,-110.19925878966585,-110.19925878966585,7.146619483051609,7.146619483051609,7.146619483051609,-117.34587827271747,-117.34587827271747,-117.34587827271747,0.0,0.0,0.0,1425.3793017751811
2016-05-31,1535.8303460583736,-1077.6663959831765,4496.100446919965,1535.8303460583736,1535.8303460583736,234.34177995399205,234.34177995399205,234.34177995399205,347.35755078922693,347.35755078922693,347.35755078922693,-113.0157708352349,-113.0157708352349,-113.0157708352349,0.0,0.0,0.0,1770.1721260123657
2016-06-01,1536.0821315518997,-1426.4388491183986,3977.803099219692,1536.0821315518997,1536.0821315518997,-215.103953487682,-215.103953487682,-215.103953487682,-102.82822581123393,-102.82822581123393,-102.82822581123393,-112.27572767644806,-112.27572767644806,-112.27572767644806,0.0,0.0,0.0,1320.9781780642177
2016-06-04,1536.8374880324786,-1048.4750355421272,4614.4279551774525,1536.8374880324786,1536.8374880324786,241.21435681947378,241.21435681947378,241.21435681947378,370.8670351123146,370.8670351123146,370.8670351123146,-129.65267829284082,-129.65267829284082,-129.65267829284082,0.0,0.0,0.0,1778.0518448519524
2016-06-05,1537.089273526005,-1125.4116693220074,4383.5840619107,1537.089273526005,1537.089273526005,-10.277695312710318,-10.277695312710318,-10.277695312710318,130.75476628591568,130.75476628591568,130.75476628591568,-141.032461598626,-141.032461598626,-141.032461598626,0.0,0.0,0.0,1526.8115782132945
2016-06-07,1537.5928445130576,-689.3825235552214,4610.610425615144,1537.5928445130576,1537.5928445130576,177.34624667883983,177.34624667883983,177.34624667883983,347.3575507895054,347.3575507895054,347.3575507895054,-170.01130411066555,-170.01130411066555,-170.01130411066555,0.0,0.0,0.0,1714.9390911918974
2016-06-08,1537.8446300065839,-1426.423723984551,3950.133949312434,1537.8446300065839,1537.8446300065839,-289.6251018697464,-289.6251018697464,-289.6251018697464,-102.82822580981595,-102.82822580981595,-102.82822580981595,-186.79687605993055,-186.79687605993055,-186.79687605993055,0.0,0.0,0.0,1248.2195281368374
2016-06-09,1538.0964155001102,-2218.768731731956,3480.167157766509,1538.0964155001102,1538.0964155001102,-888.7991226804513,-888.7991226804513,-888.7991226804513,-684.2422190991026,-684.2422190991026,-684.2422190991026,-204.55690358134865,-204.55690358134865,-204.55690358134865,0.0,0.0,0.0,649.2972928196589
2016-06-11,1538.5999864871628,-1093.7134447600379,4329.785837951492,1538.5999864871628,1538.5999864871628,129.49365665234387,129.49365665234387,129.49365665234387,370.8670351123427,370.8670351123427,370.8670351123427,-241.3733784599988,-241.3733784599988,-241.3733784599988,0.0,0.0,0.0,1668.0936431395066
2016-06-12,1538.8517719806891,-1342.4691665596822,4043.397875971195,1538.8517719806891,1538.8517719806891,-128.91435336986868,-128.91435336986868,-128.91435336986868,130.75476628574668,130.75476628574668,130.75476628574668,-259.66911965561536,-259.66911965561536,-259.66911965561536,0.0,0.0,0.0,1409.9374186108205
2016-06-13,1539.1035574742154,-1414.646881378315,4069.9990727770023,1539.1035574742154,1539.1035574742154,-270.2887015383396,-270.2887015383396,-270.2887015383396,7.146619482361639,7.146619482361639,7.146619482361639,-277.4353210207013,-277.4353210207013,-277.4353210207013,0.0,0.0,0.0,1268.8148559358758
2016-06-14,1539.3553429677418,-1331.4984749872517,4132.525025886284,1539.3553429677418,1539.3553429677418,52.9762525119168,52.9762525119168,52.9762525119168,347.3575507893932,347.3575507893932,347.3575507893932,-294.3812982774764,-294.3812982774764,-294.3812982774764,0.0,0.0,0.0,1592.3315954796585
2016-06-15,1539.607128461268,-1722.4184447379741,3641.165006165689,1539.607128461268,1539.607128461268,-413.0913044252251,-413.0913044252251,-413.0913044252251,-102.82822581064765,-102.82822581064765,-102.82822581064765,-310.26307861457747,-310.26307861457747,-310.26307861457747,0.0,0.0,0.0,1126.5158240360429
2016-06-16,1539.8589139547944,-2214.435082894418,3175.166543526963,1539.8589139547944,1539.8589139547944,-1009.1291839785393,-1009.1291839785393,-1009.1291839785393,-684.242219099143,-684.242219099143,-684.242219099143,-324.8869648793963,-324.8869648793963,-324.8869648793963,0.0,0.0,0.0,530.729729976255
2016-06-18,1540.362484941847,-1111.335388303345,4359.081064566802,1540.362484941847,1540.362484941847,21.019656452229217,21.019656452229217,21.019656452229217,370.86703511233964,370.86703511233964,370.86703511233964,-349.84737866011045,-349.84737866011045,-349.84737866011045,0.0,0.0,0.0,1561.3821413940761
2016-06-19,1540.6142704353733,-1475.4941602707015,4140.531415789546,1540.6142704353733,1540.6142704353733,-229.3019925141341,-229.3019925141341,-229.3019925141341,130.75476628606512,130.75476628606512,130.75476628606512,-360.0567588001993,-360.0567588001993,-360.0567588001993,0.0,0.0,0.0,1311.3122779212392
2016-06-20,1540.8660559288996,-1645.3659433640362,3931.794839373058,1540.8660559288996,1540.8660559288996,-361.6031421675124,-361.6031421675124,-361.6031421675124,7.146619482940522,7.146619482940522,7.146619482940522,-368.7497616504529,-368.7497616504529,-368.7497616504529,0.0,0.0,0.0,1179.2629137613872
2016-06-21,1541.117841422426,-1224.8881805765939,4207.958146202509,1541.117841422426,1541.117841422426,-28.623079085565408,-28.623079085565408,-28.623079085565408,347.3575507893378,347.3575507893378,347.3575507893378,-375.98062987490323,-375.98062987490323,-375.98062987490323,0.0,0.0,0.0,1512.4947623368605
2016-06-22,1541.3696269159523,-1719.266447219125,3937.5423829743722,1541.3696269159523,1541.3696269159523,-484.6705650070909,-484.6705650070909,-484.6705650070909,-102.82822581115938,-102.82822581115938,-102.82822581115938,-381.8423391959314,-381.8423391959314,-381.8423391959314,0.0,0.0,0.0,1056.6990619088615
2016-06-23,1541.6214124094786,-2271.8252120169136,3136.238083225715,1541.6214124094786,1541.6214124094786,-1070.7025631972033,-1070.7025631972033,-1070.7025631972033,-684.2422190992066,-684.2422190992066,-684.2422190992066,-386.46034409799665,-386.46034409799665,-386.46034409799665,0.0,0.0,0.0,470.9188492122753
2016-06-25,1542.1249833965312,-1020.466637552383,4357.336159353128,1542.1249833965312,1542.1249833965312,-21.72029265744507,-21.72029265744507,-21.72029265744507,370.8670351123099,370.8670351123099,370.8670351123099,-392.58732776975495,-392.58732776975495,-392.58732776975495,0.0,0.0,0.0,1520.4046907390862
2016-06-26,1542.3962595472465,-1298.5591337688772,3998.867270335403,1542.3962595472465,1542.3962595472465,-263.6903755130071,-263.6903755130071,-263.6903755130071,130.75476628589612,130.75476628589612,130.75476628589612,-394.44514179890325,-394.44514179890325,-394.44514179890325,0.0,0.0,0.0,1278.7058840342393
2016-06-28,1542.9388118486772,-1216.1635458941205,4183.766479175233,1542.9388118486772,1542.9388118486772,-49.29863777389694,-49.29863777389694,-49.29863777389694,347.3575507892824,347.3575507892824,347.3575507892824,-396.6561885631794,-396.6561885631794,-396.6561885631794,0.0,0.0,0.0,1493.6401740747804
2016-06-29,1543.2100879993925,-1603.7194682104011,3674.9384018623623,1543.2100879993925,1543.2100879993925,-500.18434321150085,-500.18434321150085,-500.18434321150085,-102.82822581199112,-102.82822581199112,-102.82822581199112,-397.3561173995096,-397.3561173995096,-397.3561173995096,0.0,0.0,0.0,1043.0257447878917
2016-07-02,1544.0239164515385,-1203.9913624293208,4260.859454084366,1544.0239164515385,1544.0239164515385,-28.705177712033354,-28.705177712033354,-28.705177712033354,370.867035112338,370.867035112338,370.867035112338,-399.5722128243713,-399.5722128243713,-399.5722128243713,0.0,0.0,0.0,1515.318738739505
2016-07-03,1544.2951926022538,-1439.5053816435836,4106.112594940645,1544.2951926022538,1544.2951926022538,-269.94050275410126,-269.94050275410126,-269.94050275410126,130.75476628621453,130.75476628621453,130.75476628621453,-400.6952690403158,-400.6952690403158,-400.6952690403158,0.0,0.0,0.0,1274.3546898481525
2016-07-04,1544.5664687529693,-1736.415636031809,4154.541272284352,1544.5664687529693,1544.5664687529693,-394.9661985499671,-394.9661985499671,-394.9661985499671,7.146619483253701,7.146619483253701,7.146619483253701,-402.1128180332208,-402.1128180332208,-402.1128180332208,0.0,0.0,0.0,1149.6002702030023
2016-07-05,1544.8377449036846,-1160.3315597314725,4224.485982240932,1544.8377449036846,1544.8377449036846,-56.48408438020877,-56.48408438020877,-56.48408438020877,347.35755078950416,347.35755078950416,347.35755078950416,-403.84163516971296,-403.84163516971296,-403.84163516971296,0.0,0.0,0.0,1488.3536605234758
2016-07-06,1545.1090210543998,-1582.449494492457,3743.711975827351,1545.1090210543998,1545.1090210543998,-508.69767912172165,-508.69767912172165,-508.69767912172165,-102.8282258108931,-102.8282258108931,-102.8282258108931,-405.8694533108287,-405.8694533108287,-405.8694533108287,0.0,0.0,0.0,1036.4113419326782
2016-07-08,1545.6515733558306,-1768.0272072796683,3787.8380410813065,1545.6515733558306,1545.6515733558306,-479.6964669290671,-479.6964669290671,-479.6964669290671,-69.05552676106814,-69.05552676106814,-69.05552676106814,-410.6409401679989,-410.6409401679989,-410.6409401679989,0.0,0.0,0.0,1065.9551064267635
2016-07-09,1545.9228495065458,-1077.8373099636235,4394.500460924424,1545.9228495065458,1545.9228495065458,-42.370921285021076,-42.370921285021076,-42.370921285021076,370.86703511236607,370.86703511236607,370.86703511236607,-413.23795639738717,-413.23795639738717,-413.23795639738717,0.0,0.0,0.0,1503.5519282215248
2016-07-10,1546.194125657261,-1349.486245123769,3961.3206513679665,1546.194125657261,1546.194125657261,-285.09440755139474,-285.09440755139474,-285.09440755139474,130.75476628688008,130.75476628688008,130.75476628688008,-415.8491738382748,-415.8491738382748,-415.8491738382748,0.0,0.0,0.0,1261.0997181058665
2016-07-11,1546.4654018079764,-1702.898122367901,3646.1480770432618,1546.4654018079764,1546.4654018079764,-411.2187417069564,-411.2187417069564,-411.2187417069564,7.146619482627193,7.146619482627193,7.146619482627193,-418.36536118958355,-418.36536118958355,-418.36536118958355,0.0,0.0,0.0,1135.24666010102
2016-07-12,1546.7366779586919,-1239.4630224271914,4089.1860287267477,1546.7366779586919,1546.7366779586919,-73.31477622827485,-73.31477622827485,-73.31477622827485,347.35755078911495,347.35755078911495,347.35755078911495,-420.67232701738976,-420.67232701738976,-420.67232701738976,0.0,0.0,0.0,1473.421901730417
2016-07-13,1547.0079541094071,-1747.4698538360499,3850.2269483671184,1547.0079541094071,1547.0079541094071,-525.4846469304362,-525.4846469304362,-525.4846469304362,-102.82822581140482,-102.82822581140482,-102.82822581140482,-422.6564211190313,-422.6564211190313,-422.6564211190313,0.0,0.0,0.0,1021.523307178971
2016-07-14,1547.2792302601224,-2315.438746609827,3330.687612855604,1547.2792302601224,1547.2792302601224,-1108.4521265934509,-1108.4521265934509,-1108.4521265934509,-684.2422190991318,-684.2422190991318,-684.2422190991318,-424.20990749431894,-424.20990749431894,-424.20990749431894,0.0,0.0,0.0,438.8271036666715
2016-07-16,1547.8217825615532,-1319.158929503413,4191.124875887636,1547.8217825615532,1547.8217825615532,-54.786328773744415,-54.786328773744415,-54.786328773744415,370.8670351123052,370.8670351123052,370.8670351123052,-425.65336388604965,-425.65336388604965,-425.65336388604965,0.0,0.0,0.0,1493.0354537878088
2016-07-17,1548.0930587122684,-1244.8450783667688,3859.7611035406003,1548.0930587122684,1548.0930587122684,-294.64514510041096,-294.64514510041096,-294.64514510041096,130.7547662865375,130.7547662865375,130.7547662865375,-425.3999113869484,-425.3999113869484,-425.3999113869484,0.0,0.0,0.0,1253.4479136118575
2016-07-18,1548.3643348629837,-1700.9907403326508,3903.0916261105212,1548.3643348629837,1548.3643348629837,-417.28911598974804,-417.28911598974804,-417.28911598974804,7.146619482642989,7.146619482642989,7.146619482642989,-424.43573547239106,-424.43573547239106,-424.43573547239106,0.0,0.0,0.0,1131.0752188732356
2016-07-19,1548.635611013699,-1311.6697352009828,4140.947859331972,1548.635611013699,1548.635611013699,-75.38751820484987,-75.38751820484987,-75.38751820484987,347.3575507893934,347.3575507893934,347.3575507893934,-422.7450689942433,-422.7450689942433,-422.7450689942433,0.0,0.0,0.0,1473.2480928088492
2016-07-20,1548.9068871644145,-1567.3586019318777,3792.4561201867123,1548.9068871644145,1548.9068871644145,-523.165407041913,-523.165407041913,-523.165407041913,-102.82822580998678,-102.82822580998678,-102.82822580998678,-420.33718123192625,-420.33718123192625,-420.33718123192625,0.0,0.0,0.0,1025.7414801225013
2016-07-23,1549.7207156165603,-1190.00321479693,4291.799581932405,1549.7207156165603,1549.7207156165603,-38.39916718486177,-38.39916718486177,-38.39916718486177,370.8670351123644,370.8670351123644,370.8670351123644,-409.26620229722613,-409.26620229722613,-409.26620229722613,0.0,0.0,0.0,1511.3215484316984
2016-07-24,1549.9919917672757,-1361.4164622328694,4059.8236330786617,1549.9919917672757,1549.9919917672757,-273.7974936903614,-273.7974936903614,-273.7974936903614,130.75476628619492,130.75476628619492,130.75476628619492,-404.5522599765564,-404.5522599765564,-404.5522599765564,0.0,0.0,0.0,1276.1944980769144
2016-07-25,1550.263267917991,-1701.948233126004,3733.527505040117,1550.263267917991,1550.263267917991,-392.35081966210794,-392.35081966210794,-392.35081966210794,7.146619483221908,7.146619483221908,7.146619483221908,-399.49743914532985,-399.49743914532985,-399.49743914532985,0.0,0.0,0.0,1157.9124482558832
2016-07-26,1550.5345440687065,-1361.5011085304868,4052.849397161334,1550.5345440687065,1550.5345440687065,-46.8620528278481,-46.8620528278481,-46.8620528278481,347.357550789338,347.357550789338,347.357550789338,-394.2196036171861,-394.2196036171861,-394.2196036171861,0.0,0.0,0.0,1503.6724912408583
2016-07-27,1550.8058202194218,-1492.2487058702563,3902.1572395668322,1550.8058202194218,1550.8058202194218,-491.66734547543547,-491.66734547543547,-491.66734547543547,-102.82822580920879,-102.82822580920879,-102.82822580920879,-388.8391196662267,-388.8391196662267,-388.8391196662267,0.0,0.0,0.0,1059.1384747439863
2016-07-30,1551.6196486715678,-1169.2551218677193,4335.972545560116,1551.6196486715678,1551.6196486715678,-2.326147951085858,-2.326147951085858,-2.326147951085858,370.8670351123035,370.8670351123035,370.8670351123035,-373.1931830633894,-373.1931830633894,-373.1931830633894,0.0,0.0,0.0,1549.293500720482
2016-07-31,1551.890924822283,-1344.1120872656884,4088.3022110013135,1551.890924822283,1551.890924822283,-237.68398361594885,-237.68398361594885,-237.68398361594885,130.75476628585244,130.75476628585244,130.75476628585244,-368.43874990180126,-368.43874990180126,-368.43874990180126,0.0,0.0,0.0,1314.2069412063342
2016-08-01,1552.1622009729986,-1566.4562494975305,4054.980472361757,1552.1622009729986,1552.1622009729986,-356.8575533891998,-356.8575533891998,-356.8575533891998,7.146619482595369,7.146619482595369,7.146619482595369,-364.00417287179516,-364.00417287179516,-364.00417287179516,0.0,0.0,0.0,1195.3046475837987
2016-08-02,1552.4334771237136,-1392.5765669192053,4548.988123492635,1552.4334771237136,1552.4334771237136,-12.539205406334649,-12.539205406334649,-12.539205406334649,347.3575507895597,347.3575507895597,347.3575507895597,-359.89675619589434,-359.89675619589434,-359.89675619589434,0.0,0.0,0.0,1539.8942717173788
2016-08-05,1553.2473055758599,-1892.7378497184666,4041.2090250535507,1553.2473055758599,1553.2473055758599,-418.09326392764535,-418.09326392764535,-418.09326392764535,-69.05552676030439,-69.05552676030439,-69.05552676030439,-349.0377371673408,-349.0377371673408,-349.0377371673408,0.0,0.0,0.0,1135.1540416482144
2016-08-06,1553.518581726575,-1174.2459450600115,4260.134017153968,1553.518581726575,1553.518581726575,25.33473837492955,25.33473837492955,25.33473837492955,370.8670351123048,370.8670351123048,370.8670351123048,-345.5322967373753,-345.5322967373753,-345.5322967373753,0.0,0.0,0.0,1578.8533201015046
2016-08-07,1553.7898578772904,-1152.1385280538852,4179.341254934392,1553.7898578772904,1553.7898578772904,-211.03681762191107,-211.03681762191107,-211.03681762191107,130.75476628651785,130.75476628651785,130.75476628651785,-341.79158390842895,-341.79158390842895,-341.79158390842895,0.0,0.0,0.0,1342.7530402553793
2016-08-08,1554.0611340280057,-1561.0774666659484,4209.124082723218,1554.0611340280057,1554.0611340280057,-330.4326257686099,-330.4326257686099,-330.4326257686099,7.146619482892748,7.146619482892748,7.146619482892748,-337.57924525150264,-337.57924525150264,-337.57924525150264,0.0,0.0,0.0,1223.6285082593959
2016-08-09,1554.3324101787211,-1108.9899563681772,4424.0035422148,1554.3324101787211,1554.3324101787211,14.735036717373966,14.735036717373966,14.735036717373966,347.3575507898382,347.3575507898382,347.3575507898382,-332.6225140724642,-332.6225140724642,-332.6225140724642,0.0,0.0,0.0,1569.0674468960951
2016-08-10,1554.6036863294364,-1701.662467760788,3919.1206521512,1554.6036863294364,1554.6036863294364,-429.44521777353896,-429.44521777353896,-429.44521777353896,-102.82822581055224,-102.82822581055224,-102.82822581055224,-326.6169919629867,-326.6169919629867,-326.6169919629867,0.0,0.0,0.0,1125.1584685558973
2016-08-11,1554.8749624801517,-2190.4889798810195,3433.928182118203,1554.8749624801517,1554.8749624801517,-1003.4748858398574,-1003.4748858398574,-1003.4748858398574,-684.2422190991207,-684.2422190991207,-684.2422190991207,-319.23266674073665,-319.23266674073665,-319.23266674073665,0.0,0.0,0.0,551.4000766402943
2016-08-13,1555.4175147815824,-1149.9775119897733,4401.400982402288,1555.4175147815824,1555.4175147815824,71.94381521703397,71.94381521703397,71.94381521703397,370.86703511230183,370.86703511230183,370.86703511230183,-298.9232198952679,-298.9232198952679,-298.9232198952679,0.0,0.0,0.0,1627.3613299986164
2016-08-15,1555.960067083013,-1646.2967687277098,3928.6516160368733,1555.960067083013,1555.960067083013,-261.68839514953567,-261.68839514953567,-261.68839514953567,7.146619483190036,7.146619483190036,7.146619483190036,-268.83501463272574,-268.83501463272574,-268.83501463272574,0.0,0.0,0.0,1294.2716719334774
2016-08-16,1556.2313432337285,-1266.7202832214202,4341.188872637522,1556.2313432337285,1556.2313432337285,98.10057943020759,98.10057943020759,98.10057943020759,347.35755078905834,347.35755078905834,347.35755078905834,-249.25697135885076,-249.25697135885076,-249.25697135885076,0.0,0.0,0.0,1654.331922663936
2016-08-17,1556.580028986073,-1329.2879218316816,4069.805811344499,1556.580028986073,1556.580028986073,-329.06514336933606,-329.06514336933606,-329.06514336933606,-102.8282258091342,-102.8282258091342,-102.8282258091342,-226.2369175602019,-226.2369175602019,-226.2369175602019,0.0,0.0,0.0,1227.514885616737
2016-08-21,1557.9747719954519,-1011.3216223869783,4293.090597573571,1557.9747719954519,1557.9747719954519,35.69039553537823,35.69039553537823,35.69039553537823,130.75476628600623,130.75476628600623,130.75476628600623,-95.06437075062802,-95.06437075062802,-95.06437075062802,0.0,0.0,0.0,1593.66516753083
2016-08-22,1558.3234577477967,-1362.576321579112,4152.597676610162,1558.3234577477967,1558.3234577477967,-44.6718313246286,-44.6718313246286,-44.6718313246286,7.146619483487413,7.146619483487413,7.146619483487413,-51.818450808116054,-51.818450808116054,-51.818450808116054,0.0,0.0,0.0,1513.6516264231682
2016-08-23,1558.6721435001414,-873.1901822308799,4654.228918956206,1558.6721435001414,1558.6721435001414,343.00347162895866,343.00347162895866,343.00347162895866,347.3575507889462,347.3575507889462,347.3575507889462,-4.354079159987544,-4.354079159987544,-4.354079159987544,0.0,0.0,0.0,1901.6756151291002
2016-08-24,1559.020829252486,-1204.6422768828593,4236.879792184519,1559.020829252486,1559.020829252486,-55.612540234718395,-55.612540234718395,-55.612540234718395,-102.82822580996593,-102.82822580996593,-102.82822580996593,47.21568557524754,47.21568557524754,47.21568557524754,0.0,0.0,0.0,1503.4082890177676
2016-08-25,1559.3695150048306,-1761.8541580574195,3614.55462816593,1559.3695150048306,1559.3695150048306,-581.5445018861825,-581.5445018861825,-581.5445018861825,-684.242219098982,-684.242219098982,-684.242219098982,102.69771721279945,102.69771721279945,102.69771721279945,0.0,0.0,0.0,977.8250131186481
2016-08-27,1560.0668865095201,-510.9903053328448,4814.253124586174,1560.0668865095201,1560.0668865095201,595.0908515726977,595.0908515726977,595.0908515726977,370.86703511235805,370.86703511235805,370.86703511235805,224.22381646033972,224.22381646033972,224.22381646033972,0.0,0.0,0.0,2155.1577380822177
2016-08-28,1560.415572261865,-700.633329168296,4741.288127316046,1560.415572261865,1560.415572261865,420.2390488200148,420.2390488200148,420.2390488200148,130.75476628632478,130.75476628632478,130.75476628632478,289.48428253369,289.48428253369,289.48428253369,0.0,0.0,0.0,1980.6546210818797
2016-08-29,1560.7642580142096,-839.6688318795451,4543.25073977653,1560.7642580142096,1560.7642580142096,364.24358456192635,364.24358456192635,364.24358456192635,7.146619482860918,7.146619482860918,7.146619482860918,357.0969650790654,357.0969650790654,357.0969650790654,0.0,0.0,0.0,1925.007842576136
2016-08-31,1561.461629518899,-1079.1886984450919,4586.143589173601,1561.461629518899,1561.461629518899,394.2151625613796,394.2151625613796,394.2151625613796,-102.82822581047769,-102.82822581047769,-102.82822581047769,497.04338837185736,497.04338837185736,497.04338837185736,0.0,0.0,0.0,1955.6767920802786
2016-09-01,1561.8103152712436,-1258.5822649975385,4267.0117715352435,1561.8103152712436,1561.8103152712436,-116.1718246685236,-116.1718246685236,-116.1718246685236,-684.242219098803,-684.242219098803,-684.242219098803,568.0703944302794,568.0703944302794,568.0703944302794,0.0,0.0,0.0,1445.63849060272
2016-09-03,1562.507686775933,-118.14106427918715,5515.537138569696,1562.507686775933,1562.507686775933,1079.514680734048,1079.514680734048,1079.514680734048,370.8670351123283,370.8670351123283,370.8670351123283,708.6476456217197,708.6476456217197,708.6476456217197,0.0,0.0,0.0,2642.022367509981
2016-09-04,1562.8563725282777,-161.63744372159763,5129.904826890856,1562.8563725282777,1562.8563725282777,907.4370196274102,907.4370196274102,907.4370196274102,130.7547662861557,130.7547662861557,130.7547662861557,776.6822533412545,776.6822533412545,776.6822533412545,0.0,0.0,0.0,2470.293392155688
2016-09-05,1563.2050582806226,-432.35450696749893,5233.568392438352,1563.2050582806226,1563.2050582806226,849.332072909853,849.332072909853,849.332072909853,7.146619483158206,7.146619483158206,7.146619483158206,842.1854534266947,842.1854534266947,842.1854534266947,0.0,0.0,0.0,2412.5371311904755
2016-09-06,1563.5537440329672,191.0120475207245,5408.443247000398,1563.5537440329672,1563.5537440329672,1251.7477851227789,1251.7477851227789,1251.7477851227789,347.3575507895031,347.3575507895031,347.3575507895031,904.3902343332757,904.3902343332757,904.3902343332757,0.0,0.0,0.0,2815.301529155746
2016-09-07,1563.9024297853118,-188.35540747133064,5111.2635257444435,1563.9024297853118,1563.9024297853118,859.7197183752437,859.7197183752437,859.7197183752437,-102.82822581098944,-102.82822581098944,-102.82822581098944,962.547944186233,962.547944186233,962.547944186233,0.0,0.0,0.0,2423.6221481605553
2016-09-08,1564.2511155376567,-860.899549917576,4718.817758445594,1564.2511155376567,1564.2511155376567,331.69813564209346,331.69813564209346,331.69813564209346,-684.242219099086,-684.242219099086,-684.242219099086,1015.9403547411797,1015.9403547411797,1015.9403547411797,0.0,0.0,0.0,1895.9492511797503
2016-09-10,1564.948487042346,479.48148246580524,5508.631118977263,1564.948487042346,1564.948487042346,1476.6446144830472,1476.6446144830472,1476.6446144830472,370.8670351123253,370.8670351123253,370.8670351123253,1105.777579370722,1105.777579370722,1105.777579370722,0.0,0.0,0.0,3041.593101525393
2016-09-11,1565.2971727946906,-22.116174228744153,5881.717918711666,1565.2971727946906,1565.2971727946906,1271.7940004163386,1271.7940004163386,1271.7940004163386,130.75476628581313,130.75476628581313,130.75476628581313,1141.0392341305255,1141.0392341305255,1141.0392341305255,0.0,0.0,0.0,2837.091173211029
2016-09-12,1565.6458585470352,94.15929827359169,5463.756586599571,1565.6458585470352,1565.6458585470352,1176.3351471398455,1176.3351471398455,1176.3351471398455,7.146619482813297,7.146619482813297,7.146619482813297,1169.1885276570322,1169.1885276570322,1169.1885276570322,0.0,0.0,0.0,2741.981005686881
2016-09-13,1565.99454429938,397.65726585887955,5845.3829779165735,1565.99454429938,1565.99454429938,1537.1755365375013,1537.1755365375013,1537.1755365375013,347.3575507893909,347.3575507893909,347.3575507893909,1189.8179857481102,1189.8179857481102,1189.8179857481102,0.0,0.0,0.0,3103.1700808368814
2016-09-14,1566.3432300517247,-149.2122668955519,5430.071672287216,1566.3432300517247,1566.3432300517247,1099.7788542791593,1099.7788542791593,1099.7788542791593,-102.8282258098914,-102.8282258098914,-102.8282258098914,1202.607080089051,1202.607080089051,1202.607080089051,0.0,0.0,0.0,2666.122084330884
2016-09-15,1566.6919158040696,-886.0136677273553,4766.857095433912,1566.6919158040696,1566.6919158040696,523.0853477022345,523.0853477022345,523.0853477022345,-684.2422190989072,-684.2422190989072,-684.2422190989072,1207.3275668011415,1207.3275668011415,1207.3275668011415,0.0,0.0,0.0,2089.777263506304
2016-09-16,1567.0406015564142,-124.18103726981059,5306.432300639339,1567.0406015564142,1567.0406015564142,1134.7918799505194,1134.7918799505194,1134.7918799505194,-69.05552676166612,-69.05552676166612,-69.05552676166612,1203.8474067121854,1203.8474067121854,1203.8474067121854,0.0,0.0,0.0,2701.8324815069336
2016-09-17,1567.3892873087589,454.91113949676026,5999.716619248858,1567.3892873087589,1567.3892873087589,1563.0002721692408,1563.0002721692408,1563.0002721692408,370.86703511232224,370.86703511232224,370.86703511232224,1192.1332370569185,1192.1332370569185,1192.1332370569185,0.0,0.0,0.0,3130.3895594779997
2016-09-18,1567.7379730611035,87.17969762091441,5523.946126160017,1567.7379730611035,1567.7379730611035,1303.00615832075,1303.00615832075,1303.00615832075,130.75476628547054,130.75476628547054,130.75476628547054,1172.2513920352794,1172.2513920352794,1172.2513920352794,0.0,0.0,0.0,2870.7441313818535
2016-09-19,1568.0866588134481,-50.25850740487906,5738.064302940851,1568.0866588134481,1568.0866588134481,1151.5141151473279,1151.5141151473279,1151.5141151473279,7.1466194827498395,7.1466194827498395,7.1466194827498395,1144.3674956645784,1144.3674956645784,1144.3674956645784,0.0,0.0,0.0,2719.6007739607758
2016-09-20,1568.435344565793,383.43669195412207,5796.157691634647,1568.435344565793,1568.435344565793,1456.1022248698523,1456.1022248698523,1456.1022248698523,347.3575507893355,347.3575507893355,347.3575507893355,1108.7446740805167,1108.7446740805167,1108.7446740805167,0.0,0.0,0.0,3024.5375694356453
2016-09-21,1568.7840303181376,-279.4884653500882,5379.048024344378,1568.7840303181376,1568.7840303181376,962.9122296021138,962.9122296021138,962.9122296021138,-102.82822581072311,-102.82822581072311,-102.82822581072311,1065.740455412837,1065.740455412837,1065.740455412837,0.0,0.0,0.0,2531.6962599202516
2016-09-22,1569.1327160704825,-840.1144449167911,4425.78987674957,1569.1327160704825,1569.1327160704825,331.5602241248094,331.5602241248094,331.5602241248094,-684.2422190989707,-684.2422190989707,-684.2422190989707,1015.8024432237803,1015.8024432237803,1015.8024432237803,0.0,0.0,0.0,1900.6929401952918
2016-09-24,1569.8300875751718,41.7255314666433,5717.227548048149,1569.8300875751718,1569.8300875751718,1268.1991357857464,1268.1991357857464,1268.1991357857464,370.86703511229246,370.86703511229246,370.86703511229246,897.3321006734541,897.3321006734541,897.3321006734541,0.0,0.0,0.0,2838.029223360918
2016-09-25,1570.1787733275166,-191.5556150164367,5378.851551057615,1570.1787733275166,1570.1787733275166,960.8460969060321,960.8460969060321,960.8460969060321,130.7547662859626,130.7547662859626,130.7547662859626,830.0913306200696,830.0913306200696,830.0913306200696,0.0,0.0,0.0,2531.024870233549
2016-09-26,1570.527459079861,-500.4630246563446,5254.7578333662605,1570.527459079861,1570.527459079861,765.631013090914,765.631013090914,765.631013090914,7.14661948276562,7.14661948276562,7.14661948276562,758.4843936081484,758.4843936081484,758.4843936081484,0.0,0.0,0.0,2336.158472170775
2016-09-27,1570.876144832206,-80.48735701274481,5285.237621370629,1570.876144832206,1570.876144832206,1030.6665642949322,1030.6665642949322,1030.6665642949322,347.3575507892802,347.3575507892802,347.3575507892802,683.309013505652,683.309013505652,683.309013505652,0.0,0.0,0.0,2601.542709127138
2016-09-28,1571.2248305845505,-784.4896643504924,4912.349333707399,1571.2248305845505,1571.2248305845505,502.5792731364565,502.5792731364565,502.5792731364565,-102.82822581155484,-102.82822581155484,-102.82822581155484,605.4074989480114,605.4074989480114,605.4074989480114,0.0,0.0,0.0,2073.804103721007
2016-10-01,1572.2708878415847,-269.29898145668693,5150.272514748012,1572.2708878415847,1572.2708878415847,735.0994618212626,735.0994618212626,735.0994618212626,370.86703511232054,370.86703511232054,370.86703511232054,364.2324267089421,364.2324267089421,364.2324267089421,0.0,0.0,0.0,2307.3703496628473
2016-10-02,1572.6195735939295,-664.312862420341,4557.446584848421,1572.6195735939295,1572.6195735939295,415.1512083995708,415.1512083995708,415.1512083995708,130.75476628579347,130.75476628579347,130.75476628579347,284.39644211377737,284.39644211377737,284.39644211377737,0.0,0.0,0.0,1987.7707819935003
2016-10-03,1572.9682593462742,-1023.4193025934563,4490.509927174724,1572.9682593462742,1572.9682593462742,213.5140454445421,213.5140454445421,213.5140454445421,7.146619483062962,7.146619483062962,7.146619483062962,206.36742596147906,206.36742596147906,206.36742596147906,0.0,0.0,0.0,1786.4823047908162
2016-10-04,1573.3169450986188,-671.9395562932123,5170.9542540381535,1573.3169450986188,1573.3169450986188,478.4027619643905,478.4027619643905,478.4027619643905,347.3575507895587,347.3575507895587,347.3575507895587,131.04521117483185,131.04521117483185,131.04521117483185,0.0,0.0,0.0,2051.719707063009
2016-10-05,1573.6656308509637,-1380.7742622376543,4181.493572776951,1573.6656308509637,1573.6656308509637,-43.52431210962468,-43.52431210962468,-43.52431210962468,-102.82822581045679,-102.82822581045679,-102.82822581045679,59.303913700832126,59.303913700832126,59.303913700832126,0.0,0.0,0.0,1530.141318741339
2016-10-08,1575.1069615514045,-958.3932523159356,4603.015761087327,1575.1069615514045,1575.1069615514045,244.58784151596106,244.58784151596106,244.58784151596106,370.8670351123486,370.8670351123486,370.8670351123486,-126.27919359638757,-126.27919359638757,-126.27919359638757,0.0,0.0,0.0,1819.6948030673657
2016-10-09,1575.5874051182184,-1228.0398738158071,4097.9631516612235,1575.5874051182184,1575.5874051182184,-45.0452656340557,-45.0452656340557,-45.0452656340557,130.75476628562444,130.75476628562444,130.75476628562444,-175.80003191968018,-175.80003191968018,-175.80003191968018,0.0,0.0,0.0,1530.5421394841626
2016-10-10,1576.067848685032,-1128.9027653609069,4150.815205531716,1576.067848685032,1576.067848685032,-210.93287147595504,-210.93287147595504,-210.93287147595504,7.146619482436503,7.146619482436503,7.146619482436503,-218.07949095839152,-218.07949095839152,-218.07949095839152,0.0,0.0,0.0,1365.134977209077
2016-10-11,1576.5482922518459,-1183.835558530753,4367.954962295728,1576.5482922518459,1576.5482922518459,94.77140548996483,94.77140548996483,94.77140548996483,347.3575507891126,347.3575507891126,347.3575507891126,-252.58614529914783,-252.58614529914783,-252.58614529914783,0.0,0.0,0.0,1671.3196977418106
2016-10-12,1577.0287358186592,-1654.5295732694656,4173.257612318088,1577.0287358186592,1577.0287358186592,-381.70059188410545,-381.70059188410545,-381.70059188410545,-102.82822581096853,-102.82822581096853,-102.82822581096853,-278.8723660731369,-278.8723660731369,-278.8723660731369,0.0,0.0,0.0,1195.3281439345537
2016-10-13,1577.509179385473,-2175.003875042883,3332.2676079802777,1577.509179385473,1577.509179385473,-980.8224067348501,-980.8224067348501,-980.8224067348501,-684.2422190991153,-684.2422190991153,-684.2422190991153,-296.5801876357347,-296.5801876357347,-296.5801876357347,0.0,0.0,0.0,596.686772650623
2016-10-15,1578.4700665191003,-993.9080695035449,4373.663447803242,1578.4700665191003,1578.4700665191003,65.56056548616814,65.56056548616814,65.56056548616814,370.8670351123456,370.8670351123456,370.8670351123456,-305.3064696261775,-305.3064696261775,-305.3064696261775,0.0,0.0,0.0,1644.0306320052684
2016-10-16,1578.9505100859142,-1106.4762317457894,4131.456013611123,1578.9505100859142,1578.9505100859142,-165.34340750713685,-165.34340750713685,-165.34340750713685,130.75476628677754,130.75476628677754,130.75476628677754,-296.0981737939143,-296.0981737939143,-296.0981737939143,0.0,0.0,0.0,1413.6071025787774
2016-10-17,1579.4309536527278,-1466.6608633683857,3851.522979026107,1579.4309536527278,1579.4309536527278,-270.71664602203543,-270.71664602203543,-270.71664602203543,7.146619482733847,7.146619482733847,7.146619482733847,-277.8632655047693,-277.8632655047693,-277.8632655047693,0.0,0.0,0.0,1308.7143076306925
2016-10-18,1579.9113972195414,-1200.938645816244,4499.955887406041,1579.9113972195414,1579.9113972195414,96.60885300984013,96.60885300984013,96.60885300984013,347.35755078939115,347.35755078939115,347.35755078939115,-250.74869777955095,-250.74869777955095,-250.74869777955095,0.0,0.0,0.0,1676.5202502293816
2016-10-19,1580.391840786355,-1554.760630542099,3974.672029847466,1580.391840786355,1580.391840786355,-317.8345978939167,-317.8345978939167,-317.8345978939167,-102.82822581148034,-102.82822581148034,-102.82822581148034,-215.00637208243637,-215.00637208243637,-215.00637208243637,0.0,0.0,0.0,1262.5572428924384
2016-10-20,1580.8722843531689,-2024.4805932058268,3466.9985448762327,1580.8722843531689,1580.8722843531689,-855.2338855218218,-855.2338855218218,-855.2338855218218,-684.2422190991791,-684.2422190991791,-684.2422190991791,-170.9916664226426,-170.9916664226426,-170.9916664226426,0.0,0.0,0.0,725.6383988313471
2016-10-22,1581.8331714867961,-866.1848354364228,4710.872195393612,1581.8331714867961,1581.8331714867961,310.8011524348114,310.8011524348114,310.8011524348114,370.8670351123469,370.8670351123469,370.8670351123469,-60.0658826775355,-60.0658826775355,-60.0658826775355,0.0,0.0,0.0,1892.6343239216076
2016-10-23,1582.31361505361,-947.4365136811452,4475.809999954297,1582.31361505361,1582.31361505361,136.40381625586267,136.40381625586267,136.40381625586267,130.75476628626146,130.75476628626146,130.75476628626146,5.649049969601252,5.649049969601252,5.649049969601252,0.0,0.0,0.0,1718.7174313094727
2016-10-24,1582.7940586204236,-1057.5419786437676,4349.215444428122,1582.7940586204236,1582.7940586204236,84.40318731950269,84.40318731950269,84.40318731950269,7.146619483031139,7.146619483031139,7.146619483031139,77.25656783647158,77.25656783647158,77.25656783647158,0.0,0.0,0.0,1667.1972459399262
2016-10-25,1583.2745021872372,-773.185364983029,4684.974187927957,1583.2745021872372,1583.2745021872372,501.3109332251545,501.3109332251545,501.3109332251545,347.35755078933573,347.35755078933573,347.35755078933573,153.9533824358188,153.9533824358188,153.9533824358188,0.0,0.0,0.0,2084.5854354123917
2016-10-26,1583.754945754051,-1011.444194067535,4555.706588844399,1583.754945754051,1583.754945754051,132.041947562719,132.041947562719,132.041947562719,-102.8282258087725,-102.8282258087725,-102.8282258087725,234.87017337149152,234.87017337149152,234.87017337149152,0.0,0.0,0.0,1715.7968933167701
2016-10-28,1584.7158328876783,-834.920079950366,4430.628457775882,1584.7158328876783,1584.7158328876783,336.5675157014911,336.5675157014911,336.5675157014911,-69.0555267614346,-69.0555267614346,-69.0555267614346,405.62304246292575,405.62304246292575,405.62304246292575,0.0,0.0,0.0,1921.2833485891695
2016-10-29,1585.1962764544921,-213.9959963793045,5231.788894741853,1585.1962764544921,1585.1962764544921,864.3615218525953,864.3615218525953,864.3615218525953,370.86703511234396,370.86703511234396,370.86703511234396,493.4944867402514,493.4944867402514,493.4944867402514,0.0,0.0,0.0,2449.5577983070875
2016-10-30,1585.6767200213058,-551.3824159940012,4924.098490811128,1585.6767200213058,1585.6767200213058,712.4385845914729,712.4385845914729,712.4385845914729,130.7547662860924,130.7547662860924,130.7547662860924,581.6838183053806,581.6838183053806,581.6838183053806,0.0,0.0,0.0,2298.115304612779
2016-10-31,1586.1571635881191,-495.7294345081783,5230.960245190257,1586.1571635881191,1586.1571635881191,676.3235272618873,676.3235272618873,676.3235272618873,7.146619483328514,7.146619483328514,7.146619483328514,669.1769077785589,669.1769077785589,669.1769077785589,0.0,0.0,0.0,2262.4806908500063
2016-11-01,1586.6376071549332,-418.18986705987055,5368.848009758688,1586.6376071549332,1586.6376071549332,1102.3312751256697,1102.3312751256697,1102.3312751256697,347.3575507895575,347.3575507895575,347.3575507895575,754.9737243361122,754.9737243361122,754.9737243361122,0.0,0.0,0.0,2688.968882280603
2016-11-02,1587.1180507217466,-504.55030908423663,4967.691891291228,1587.1180507217466,1587.1180507217466,735.2755206490829,735.2755206490829,735.2755206490829,-102.82822580928422,-102.82822580928422,-102.82822580928422,838.103746458367,838.103746458367,838.103746458367,0.0,0.0,0.0,2322.3935713708297
2016-11-03,1587.5984942885605,-816.3704958808395,4377.587350365432,1587.5984942885605,1587.5984942885605,233.39910996377978,233.39910996377978,233.39910996377978,-684.2422190992833,-684.2422190992833,-684.2422190992833,917.641329063063,917.641329063063,917.641329063063,0.0,0.0,0.0,1820.9976042523404
2016-11-05,1588.559381422188,294.5516158653943,5793.8640398338,1588.559381422188,1588.559381422188,1433.4176196188203,1433.4176196188203,1433.4176196188203,370.86703511237204,370.86703511237204,370.86703511237204,1062.5505845064483,1062.5505845064483,1062.5505845064483,0.0,0.0,0.0,3021.9770010410084
2016-11-06,1589.0398249890013,-18.42822281429463,5576.860258993728,1589.0398249890013,1589.0398249890013,1257.1820355610414,1257.1820355610414,1257.1820355610414,130.75476628675787,130.75476628675787,130.75476628675787,1126.4272692742836,1126.4272692742836,1126.4272692742836,0.0,0.0,0.0,2846.221860550043
2016-11-07,1589.5202685558152,40.073235530550654,5394.043026411281,1589.5202685558152,1589.5202685558152,1190.8939012941848,1190.8939012941848,1190.8939012941848,7.1466194827019685,7.1466194827019685,7.1466194827019685,1183.7472818114827,1183.7472818114827,1183.7472818114827,0.0,0.0,0.0,2780.41416985
2016-11-08,1590.0007121226288,515.6827759496764,6095.0467485051295,1590.0007121226288,1590.0007121226288,1581.3754669862187,1581.3754669862187,1581.3754669862187,347.35755078950206,347.35755078950206,347.35755078950206,1234.017916196717,1234.017916196717,1234.017916196717,0.0,0.0,0.0,3171.3761791088473
2016-11-09,1590.4811556894426,85.02105491262571,5480.751441759157,1590.4811556894426,1590.4811556894426,1174.0379896934023,1174.0379896934023,1174.0379896934023,-102.82822581011598,-102.82822581011598,-102.82822581011598,1276.8662155035183,1276.8662155035183,1276.8662155035183,0.0,0.0,0.0,2764.5191453828447
2016-11-10,1590.9615992562562,-517.9932092061549,4816.310769463736,1590.9615992562562,1590.9615992562562,627.8036450046502,627.8036450046502,627.8036450046502,-684.2422190991043,-684.2422190991043,-684.2422190991043,1312.0458641037544,1312.0458641037544,1312.0458641037544,0.0,0.0,0.0,2218.7652442609065
2016-11-11,1591.4420428230699,107.18695277221764,5628.871557587111,1591.4420428230699,1591.4420428230699,1270.3862857683803,1270.3862857683803,1270.3862857683803,-69.05552676013862,-69.05552676013862,-69.05552676013862,1339.4418125285192,1339.4418125285192,1339.4418125285192,0.0,0.0,0.0,2861.8283285914504
2016-11-12,1591.9224863898835,617.3227553109973,6055.539653796824,1591.9224863898835,1591.9224863898835,1729.9394896946435,1729.9394896946435,1729.9394896946435,370.86703511228444,370.86703511228444,370.86703511228444,1359.072454582359,1359.072454582359,1359.072454582359,0.0,0.0,0.0,3321.8619760845268
2016-11-13,1592.4029299566973,351.0924872447781,5832.26782265229,1592.4029299566973,1592.4029299566973,1501.8439885854139,1501.8439885854139,1501.8439885854139,130.7547662864153,130.7547662864153,130.7547662864153,1371.0892222989983,1371.0892222989983,1371.0892222989983,0.0,0.0,0.0,3094.2469185421114
2016-11-14,1592.883373523511,262.45302875558986,5624.215642982652,1592.883373523511,1592.883373523511,1382.9201355378768,1382.9201355378768,1382.9201355378768,7.146619483280888,7.146619483280888,7.146619483280888,1375.7735160545958,1375.7735160545958,1375.7735160545958,0.0,0.0,0.0,2975.8035090613876
2016-11-15,1593.3638170903246,441.26237950314004,5992.0947089497095,1593.3638170903246,1593.3638170903246,1720.8884944800366,1720.8884944800366,1720.8884944800366,347.35755078944675,347.35755078944675,347.35755078944675,1373.53094369059,1373.53094369059,1373.53094369059,0.0,0.0,0.0,3314.252311570361
2016-11-16,1593.8442606571384,-54.60703993266666,5305.902522727934,1593.8442606571384,1593.8442606571384,1262.0546767979347,1262.0546767979347,1262.0546767979347,-102.82822581030771,-102.82822581030771,-102.82822581030771,1364.8829026082426,1364.8829026082426,1364.8829026082426,0.0,0.0,0.0,2855.898937455073
2016-11-17,1594.324704223952,-471.0030273146297,5142.835677709723,1594.324704223952,1594.324704223952,666.2133819704222,666.2133819704222,666.2133819704222,-684.242219098902,-684.242219098902,-684.242219098902,1350.455601069324,1350.455601069324,1350.455601069324,0.0,0.0,0.0,2260.538086194374
2016-11-19,1595.2855913575793,559.5260741613683,5717.5228156335925,1595.2855913575793,1595.2855913575793,1678.076676651326,1678.076676651326,1678.076676651326,370.8670351123126,370.8670351123126,370.8670351123126,1307.2096415390133,1307.2096415390133,1307.2096415390133,0.0,0.0,0.0,3273.362268008905
2016-11-20,1595.7660349243931,295.74699071815184,5809.353753101024,1595.7660349243931,1595.7660349243931,1410.7911756980807,1410.7911756980807,1410.7911756980807,130.75476628624628,130.75476628624628,130.75476628624628,1280.0364094118345,1280.0364094118345,1280.0364094118345,0.0,0.0,0.0,3006.5572106224736
2016-11-21,1596.3953345392613,435.3887943890727,5491.580826262264,1596.3953345392613,1596.3953345392613,1257.4849016480237,1257.4849016480237,1257.4849016480237,7.146619483296735,7.146619483296735,7.146619483296735,1250.338282164727,1250.338282164727,1250.338282164727,0.0,0.0,0.0,2853.880236187285
2016-11-22,1597.0246341541297,389.6058696186586,5968.461309089998,1597.0246341541297,1597.0246341541297,1566.383288945784,1566.383288945784,1566.383288945784,347.3575507893913,347.3575507893913,347.3575507893913,1219.0257381563927,1219.0257381563927,1219.0257381563927,0.0,0.0,0.0,3163.4079230999137
2016-11-23,1597.6539337689976,-64.67718020855763,5241.618857396239,1597.6539337689976,1597.6539337689976,1084.1792479171302,1084.1792479171302,1084.1792479171302,-102.82822580952967,-102.82822580952967,-102.82822580952967,1187.00747372666,1187.00747372666,1187.00747372666,0.0,0.0,0.0,2681.833181686128
2016-11-24,1598.283233383866,-756.5937013135834,4807.302971671097,1598.283233383866,1598.283233383866,470.92692907344866,470.92692907344866,470.92692907344866,-684.2422190989657,-684.2422190989657,-684.2422190989657,1155.1691481724142,1155.1691481724142,1155.1691481724142,0.0,0.0,0.0,2069.2101624573147
2016-11-25,1598.9125329987342,-17.706867600828843,5601.208596307053,1598.9125329987342,1598.9125329987342,1055.296787980528,1055.296787980528,1055.296787980528,-69.05552676055338,-69.05552676055338,-69.05552676055338,1124.352314741081,1124.352314741081,1124.352314741081,0.0,0.0,0.0,2654.209320979262
2016-11-26,1599.5418326136023,158.51880923010555,5840.295196969844,1599.5418326136023,1599.5418326136023,1466.2010655797765,1466.2010655797765,1466.2010655797765,370.8670351123406,370.8670351123406,370.8670351123406,1095.334030467436,1095.334030467436,1095.334030467436,0.0,0.0,0.0,3065.742898193379
2016-11-27,1600.1711322284707,103.93952577951929,5377.31142444173,1600.1711322284707,1600.1711322284707,1199.5624036400936,1199.5624036400936,1199.5624036400936,130.75476628573017,130.75476628573017,130.75476628573017,1068.8076373543636,1068.8076373543636,1068.8076373543636,0.0,0.0,0.0,2799.733535868564
2016-11-28,1600.8004318433389,-188.85710588636462,5307.479434386942,1600.8004318433389,1600.8004318433389,1052.5118142867025,1052.5118142867025,1052.5118142867025,7.146619482670181,7.146619482670181,7.146619482670181,1045.3651948040324,1045.3651948040324,1045.3651948040324,0.0,0.0,0.0,2653.3122461300413
2016-11-29,1601.4297314582072,-15.530437019219981,5502.767260539362,1601.4297314582072,1601.4297314582072,1372.8395690135771,1372.8395690135771,1372.8395690135771,347.35755078922233,347.35755078922233,347.35755078922233,1025.4820182243545,1025.4820182243545,1025.4820182243545,0.0,0.0,0.0,2974.2693004717844
2016-11-30,1602.0590310730752,-168.86529611733948,5069.767892009802,1602.0590310730752,1602.0590310730752,906.6755157567052,906.6755157567052,906.6755157567052,-102.82822581004142,-102.82822581004142,-102.82822581004142,1009.5037415667465,1009.5037415667465,1009.5037415667465,0.0,0.0,0.0,2508.7345468297804
2016-12-01,1602.6883306879436,-819.2845778536403,4785.146065895911,1602.6883306879436,1602.6883306879436,313.3940536324465,313.3940536324465,313.3940536324465,-684.2422190987866,-684.2422190987866,-684.2422190987866,997.6362727312332,997.6362727312332,997.6362727312332,0.0,0.0,0.0,1916.08238432039
2016-12-03,1603.9469299176799,81.46182801113976,5908.436212753287,1603.9469299176799,1603.9469299176799,1357.1881828161916,1357.1881828161916,1357.1881828161916,370.86703511231093,370.86703511231093,370.86703511231093,986.3211477038807,986.3211477038807,986.3211477038807,0.0,0.0,0.0,2961.135112733871
2016-12-04,1604.576229532548,105.98921532805649,5350.212742047836,1604.576229532548,1604.576229532548,1117.297235871995,1117.297235871995,1117.297235871995,130.7547662863957,130.7547662863957,130.7547662863957,986.5424695855992,986.5424695855992,986.5424695855992,0.0,0.0,0.0,2721.873465404543
2016-12-05,1605.2055291474164,86.658790474886,5049.296436219635,1605.2055291474164,1605.2055291474164,997.3632688303474,997.3632688303474,997.3632688303474,7.146619482967522,7.146619482967522,7.146619482967522,990.2166493473799,990.2166493473799,990.2166493473799,0.0,0.0,0.0,2602.568797977764
2016-12-06,1605.8348287622846,228.23289735626753,5824.991705399738,1605.8348287622846,1605.8348287622846,1344.1766595321521,1344.1766595321521,1344.1766595321521,347.357550789167,347.357550789167,347.357550789167,996.8191087429853,996.8191087429853,996.8191087429853,0.0,0.0,0.0,2950.0114882944367
2016-12-07,1606.464128377153,-95.5538394517088,5262.040921337558,1606.464128377153,1606.464128377153,902.8698720651804,902.8698720651804,902.8698720651804,-102.82822581055316,-102.82822581055316,-102.82822581055316,1005.6980978757335,1005.6980978757335,1005.6980978757335,0.0,0.0,0.0,2509.3340004423335
2016-12-08,1607.093427992021,-683.5395733706227,4540.1756405872065,1607.093427992021,1607.093427992021,331.8470003906394,331.8470003906394,331.8470003906394,-684.2422190990931,-684.2422190990931,-684.2422190990931,1016.0892194897325,1016.0892194897325,1016.0892194897325,0.0,0.0,0.0,1938.9404283826602
2016-12-09,1607.722727606889,-219.12932172188707,5221.932213967141,1607.722727606889,1607.722727606889,958.0775333518474,958.0775333518474,958.0775333518474,-69.05552676267881,-69.05552676267881,-69.05552676267881,1027.1330601145264,1027.1330601145264,1027.1330601145264,0.0,0.0,0.0,2565.8002609587365
2016-12-10,1608.3520272217575,201.1789407920964,5679.830510713723,1608.3520272217575,1608.3520272217575,1408.7626013293025,1408.7626013293025,1408.7626013293025,370.86703511230786,370.86703511230786,370.86703511230786,1037.895566216995,1037.895566216995,1037.895566216995,0.0,0.0,0.0,3017.11462855106
2016-12-11,1608.9813268366256,127.91559236503308,5636.80150041474,1608.9813268366256,1608.9813268366256,1178.1454931777175,1178.1454931777175,1178.1454931777175,130.75476628605313,130.75476628605313,130.75476628605313,1047.3907268916641,1047.3907268916641,1047.3907268916641,0.0,0.0,0.0,2787.126820014343
2016-12-12,1609.610626451494,-170.5003774114323,5469.900021036737,1609.610626451494,1609.610626451494,1061.7516765486307,1061.7516765486307,1061.7516765486307,7.146619482983358,7.146619482983358,7.146619482983358,1054.6050570656473,1054.6050570656473,1054.6050570656473,0.0,0.0,0.0,2671.3623030001245
2016-12-13,1610.2399260663622,359.3566493343477,5787.817740686878,1610.2399260663622,1610.2399260663622,1405.880869480124,1405.880869480124,1405.880869480124,347.35755078944544,347.35755078944544,347.35755078944544,1058.5233186906785,1058.5233186906785,1058.5233186906785,0.0,0.0,0.0,3016.120795546486
2016-12-14,1610.8692256812303,-262.37766465382094,5289.051805553435,1610.8692256812303,1610.8692256812303,955.3266478664681,955.3266478664681,955.3266478664681,-102.82822580945513,-102.82822580945513,-102.82822580945513,1058.1548736759232,1058.1548736759232,1058.1548736759232,0.0,0.0,0.0,2566.1958735476983
2016-12-15,1611.4985252960985,-774.6122394468091,4677.241911938629,1611.4985252960985,1611.4985252960985,368.3178137220164,368.3178137220164,368.3178137220164,-684.2422190988907,-684.2422190988907,-684.2422190988907,1052.5600328209073,1052.5600328209073,1052.5600328209073,0.0,0.0,0.0,1979.8163390181148
2016-12-16,1612.1278249109666,-366.2721158041029,5398.74054441126,1612.1278249109666,1612.1278249109666,971.8202240860402,971.8202240860402,971.8202240860402,-69.05552676214833,-69.05552676214833,-69.05552676214833,1040.8757508481885,1040.8757508481885,1040.8757508481885,0.0,0.0,0.0,2583.948048997007
2016-12-17,1612.7571245258348,348.0424296489752,5838.363286132961,1612.7571245258348,1612.7571245258348,1393.2070546461002,1393.2070546461002,1393.2070546461002,370.86703511233594,370.86703511233594,370.86703511233594,1022.3400195337642,1022.3400195337642,1022.3400195337642,0.0,0.0,0.0,3005.964179171935
2016-12-18,1613.3864241407032,171.93106299227787,5355.8417537129235,1613.3864241407032,1613.3864241407032,1127.0690955078355,1127.0690955078355,1127.0690955078355,130.75476628571053,130.75476628571053,130.75476628571053,996.3143292221251,996.3143292221251,996.3143292221251,0.0,0.0,0.0,2740.455519648539
2016-12-19,1614.0157237555713,-75.0130897999526,5413.258189860239,1614.0157237555713,1614.0157237555713,969.4502230716477,969.4502230716477,969.4502230716477,7.146619483562189,7.146619483562189,7.146619483562189,962.3036035880854,962.3036035880854,962.3036035880854,0.0,0.0,0.0,2583.465946827219
2016-12-20,1614.6450233704397,136.41469306384053,5635.994857528966,1614.6450233704397,1614.6450233704397,1267.3306136414155,1267.3306136414155,1267.3306136414155,347.35755078899945,347.35755078899945,347.35755078899945,919.9730628524162,919.9730628524162,919.9730628524162,0.0,0.0,0.0,2881.9756370118553
2016-12-21,1615.274322985308,-323.5454726944342,5239.346163976458,1615.274322985308,1615.274322985308,766.3333100101647,766.3333100101647,766.3333100101647,-102.82822581028691,-102.82822581028691,-102.82822581028691,869.1615358204516,869.1615358204516,869.1615358204516,0.0,0.0,0.0,2381.6076329954726
2016-12-22,1615.9036226001758,-883.9387202856483,4577.313924448999,1615.9036226001758,1615.9036226001758,125.6486006372466,125.6486006372466,125.6486006372466,-684.2422190989545,-684.2422190989545,-684.2422190989545,809.890819736201,809.890819736201,809.890819736201,0.0,0.0,0.0,1741.5522232374224
2016-12-23,1616.5329222150442,-507.13762980293376,5149.860503460999,1616.5329222150442,1616.5329222150442,673.3152505353067,673.3152505353067,673.3152505353067,-69.05552676161781,-69.05552676161781,-69.05552676161781,742.3707772969246,742.3707772969246,742.3707772969246,0.0,0.0,0.0,2289.848172750351
2016-12-24,1617.1622218299124,-103.13812804065584,5513.0188422582905,1617.1622218299124,1617.1622218299124,1037.8669952831021,1037.8669952831021,1037.8669952831021,370.8670351123329,370.8670351123329,370.8670351123329,666.9999601707691,666.9999601707691,666.9999601707691,0.0,0.0,0.0,2655.0292171130145
2016-12-25,1617.7915214447808,-409.570572256479,5212.31953054197,1617.7915214447808,1617.7915214447808,715.1164219317724,715.1164219317724,715.1164219317724,130.75476628620254,130.75476628620254,130.75476628620254,584.3616556455697,584.3616556455697,584.3616556455697,0.0,0.0,0.0,2332.9079433765532
2016-12-26,1618.420821059649,-733.3231749031454,4727.295610730422,1618.420821059649,1618.420821059649,502.3619844630682,502.3619844630682,502.3619844630682,7.146619482574881,7.146619482574881,7.146619482574881,495.2153649804933,495.2153649804933,495.2153649804933,0.0,0.0,0.0,2120.7828055227174
2016-12-27,1619.0501206745173,-540.124073839775,5277.261894693338,1619.0501206745173,1619.0501206745173,747.8413866753082,747.8413866753082,747.8413866753082,347.3575507892779,347.3575507892779,347.3575507892779,400.4838358860303,400.4838358860303,400.4838358860303,0.0,0.0,0.0,2366.8915073498256
2016-12-28,1619.6794202893852,-754.9717675251776,4600.551705744529,1619.6794202893852,1619.6794202893852,198.4076586043601,198.4076586043601,198.4076586043601,-102.8282258107986,-102.8282258107986,-102.8282258107986,301.23588441515875,301.23588441515875,301.23588441515875,0.0,0.0,0.0,1818.0870788937455
2016-12-30,1620.9380195191216,-1060.4452646356779,4400.9347740876465,1620.9380195191216,1620.9380195191216,25.011106958715498,25.011106958715498,25.011106958715498,-69.05552676256308,-69.05552676256308,-69.05552676256308,94.06663372127855,94.06663372127855,94.06663372127855,0.0,0.0,0.0,1645.9491264778371
2016-12-31,1621.56731913399,-757.1449945064708,4630.106369704284,1621.56731913399,1621.56731913399,359.6743832894008,359.6743832894008,359.6743832894008,370.86703511233424,370.86703511233424,370.86703511233424,-11.192651822933495,-11.192651822933495,-11.192651822933495,0.0,0.0,0.0,1981.2417024233907
2017-01-02,1623.0615058401547,-1331.1465768148482,4191.949876735157,1623.0615058401547,1623.0615058401547,-210.88898849432704,-210.88898849432704,-210.88898849432704,7.146619482872228,7.146619482872228,7.146619482872228,-218.0356079771993,-218.0356079771993,-218.0356079771993,0.0,0.0,0.0,1412.1725173458276
2017-01-03,1623.8085991932376,-1094.8440402149583,4451.512627555501,1623.8085991932376,1623.8085991932376,30.56598727911092,30.56598727911092,30.56598727911092,347.3575507895564,347.3575507895564,347.3575507895564,-316.7915635104455,-316.7915635104455,-316.7915635104455,0.0,0.0,0.0,1654.3745864723485
2017-01-04,1624.55569254632,-1628.8539640159806,3687.538431525157,1624.55569254632,1624.55569254632,-513.4449875447056,-513.4449875447056,-513.4449875447056,-102.82822581163033,-102.82822581163033,-102.82822581163033,-410.6167617330751,-410.6167617330751,-410.6167617330751,0.0,0.0,0.0,1111.1107050016144
2017-01-05,1625.3027858994026,-2341.4369421868096,3066.593000289076,1625.3027858994026,1625.3027858994026,-1182.4840812139173,-1182.4840812139173,-1182.4840812139173,-684.2422190990585,-684.2422190990585,-684.2422190990585,-498.2418621148589,-498.2418621148589,-498.2418621148589,0.0,0.0,0.0,442.8187046854853
2017-01-07,1626.7969726055678,-1350.9076921615886,3859.1285009168478,1626.7969726055678,1626.7969726055678,-279.53965299410373,-279.53965299410373,-279.53965299410373,370.8670351123312,370.8670351123312,370.8670351123312,-650.4066881064349,-650.4066881064349,-650.4066881064349,0.0,0.0,0.0,1347.257319611464
2017-01-08,1627.5440659586504,-1652.3934746233883,3658.7039423301053,1627.5440659586504,1627.5440659586504,-582.3252135181326,-582.3252135181326,-582.3252135181326,130.75476628569098,130.75476628569098,130.75476628569098,-713.0799798038236,-713.0799798038236,-713.0799798038236,0.0,0.0,0.0,1045.2188524405178
2017-01-09,1628.2911593117328,-1806.648379004548,3623.1956169939544,1628.2911593117328,1628.2911593117328,-758.7194718217104,-758.7194718217104,-758.7194718217104,7.1466194828880605,7.1466194828880605,7.1466194828880605,-765.8660913045985,-765.8660913045985,-765.8660913045985,0.0,0.0,0.0,869.5716874900224
2017-01-10,1629.0382526648152,-1731.9695827980554,3864.6886544563336,1629.0382526648152,1629.0382526648152,-460.94652766442755,-460.94652766442755,-460.94652766442755,347.3575507891104,347.3575507891104,347.3575507891104,-808.3040784535381,-808.3040784535381,-808.3040784535381,0.0,0.0,0.0,1168.0917250003877
2017-01-11,1629.7853460178978,-2161.024380863326,3451.5466832562547,1629.7853460178978,1629.7853460178978,-942.9768302092232,-942.9768302092232,-942.9768302092232,-102.82822581021234,-102.82822581021234,-102.82822581021234,-840.1486043990108,-840.1486043990108,-840.1486043990108,0.0,0.0,0.0,686.8085158086747
2017-01-14,1632.0266260771457,-1570.9098412053943,4013.5964976144787,1632.0266260771457,1632.0266260771457,-502.1523674117258,-502.1523674117258,-502.1523674117258,370.8670351123282,370.8670351123282,370.8670351123282,-873.019402524054,-873.019402524054,-873.019402524054,0.0,0.0,0.0,1129.8742586654198
2017-01-15,1632.773719430228,-1813.031736844418,3640.816268411165,1632.773719430228,1632.773719430228,-733.7402502471577,-733.7402502471577,-733.7402502471577,130.7547662855219,130.7547662855219,130.7547662855219,-864.4950165326794,-864.4950165326794,-864.4950165326794,0.0,0.0,0.0,899.0334691830703
2017-01-16,1633.5208127833107,-1997.9982382622259,3536.2714141333768,1633.5208127833107,1633.5208127833107,-840.3101465014898,-840.3101465014898,-840.3101465014898,7.146619482543106,7.146619482543106,7.146619482543106,-847.4567659840329,-847.4567659840329,-847.4567659840329,0.0,0.0,0.0,793.2106662818209
2017-01-17,1634.2679061363935,-1653.6981477941276,3776.1237241267427,1634.2679061363935,1634.2679061363935,-475.5651736278127,-475.5651736278127,-475.5651736278127,347.3575507893888,347.3575507893888,347.3575507893888,-822.9227244172015,-822.9227244172015,-822.9227244172015,0.0,0.0,0.0,1158.7027325085808
2017-01-21,1637.2562795487236,-1190.9461479770052,4290.414244323469,1637.2562795487236,1637.2562795487236,-304.25121853727313,-304.25121853727313,-304.25121853727313,370.8670351123295,370.8670351123295,370.8670351123295,-675.1182536496028,-675.1182536496028,-675.1182536496028,0.0,0.0,0.0,1333.0050610114504
2017-01-22,1638.003372901806,-1548.1432826275511,3553.2210077746504,1638.003372901806,1638.003372901806,-502.12723634602946,-502.12723634602946,-502.12723634602946,130.7547662865014,130.7547662865014,130.7547662865014,-632.8820026325309,-632.8820026325309,-632.8820026325309,0.0,0.0,0.0,1135.8761365557766
2017-01-23,1638.7504662548886,-1550.1286557847573,3636.3533796629135,1638.7504662548886,1638.7504662548886,-584.3724395796837,-584.3724395796837,-584.3724395796837,7.146619482840436,7.146619482840436,7.146619482840436,-591.5190590625241,-591.5190590625241,-591.5190590625241,0.0,0.0,0.0,1054.3780266752049
2017-01-24,1639.4975596079712,-1392.456891587096,4150.467169586469,1639.4975596079712,1639.4975596079712,-205.13291503829342,-205.13291503829342,-205.13291503829342,347.35755078933346,347.35755078933346,347.35755078933346,-552.4904658276268,-552.4904658276268,-552.4904658276268,0.0,0.0,0.0,1434.3646445696777
2017-01-25,1640.2446529610536,-1763.7902059301214,3688.9465619038447,1640.2446529610536,1640.2446529610536,-620.0096344160131,-620.0096344160131,-620.0096344160131,-102.8282258118758,-102.8282258118758,-102.8282258118758,-517.1814086041372,-517.1814086041372,-517.1814086041372,0.0,0.0,0.0,1020.2350185450405
2017-01-28,1642.4859330203014,-1177.9372317898478,4166.865095065771,1642.4859330203014,1642.4859330203014,-74.7230207537237,-74.7230207537237,-74.7230207537237,370.8670351123266,370.8670351123266,370.8670351123266,-445.5900558660503,-445.5900558660503,-445.5900558660503,0.0,0.0,0.0,1567.7629122665778
2017-01-30,1643.9801197264665,-1480.2485690116855,3957.592053171752,1643.9801197264665,1643.9801197264665,-428.40567857470757,-428.40567857470757,-428.40567857470757,7.146619483137822,7.146619483137822,7.146619483137822,-435.55229805784523,-435.55229805784523,-435.55229805784523,0.0,0.0,0.0,1215.574441151759
2017-01-31,1644.7272130795493,-1197.373647050546,4311.891098509604,1644.7272130795493,1644.7272130795493,-96.13212037043093,-96.13212037043093,-96.13212037043093,347.35755078961193,347.35755078961193,347.35755078961193,-443.4896711600429,-443.4896711600429,-443.4896711600429,0.0,0.0,0.0,1548.5950927091185
2017-02-01,1645.4743064326317,-1767.749446977789,3802.516144830844,1645.4743064326317,1645.4743064326317,-563.0904362559784,-563.0904362559784,-563.0904362559784,-102.82822581045777,-102.82822581045777,-102.82822581045777,-460.2622104455206,-460.2622104455206,-460.2622104455206,0.0,0.0,0.0,1082.3838701766533
2017-02-02,1646.2213997857143,-2277.9521862107877,3212.3872271308187,1646.2213997857143,1646.2213997857143,-1169.9585463265128,-1169.9585463265128,-1169.9585463265128,-684.2422190992669,-684.2422190992669,-684.2422190992669,-485.7163272272458,-485.7163272272458,-485.7163272272458,0.0,0.0,0.0,476.26285345920155
2017-02-03,1646.968493138797,-1803.8201169068725,3556.5314474548054,1646.968493138797,1646.968493138797,-588.513763851118,-588.513763851118,-588.513763851118,-69.05552676126885,-69.05552676126885,-69.05552676126885,-519.4582370898493,-519.4582370898493,-519.4582370898493,0.0,0.0,0.0,1058.454729287679
2017-02-04,1647.7155864918793,-1205.2898260394686,4311.417422679498,1647.7155864918793,1647.7155864918793,-189.99474588558908,-189.99474588558908,-189.99474588558908,370.86703511235464,370.86703511235464,370.86703511235464,-560.8617809979437,-560.8617809979437,-560.8617809979437,0.0,0.0,0.0,1457.7208406062903
2017-02-05,1648.462679844962,-1568.424642379695,3906.9016294310704,1648.462679844962,1648.462679844962,-478.3271104318839,-478.3271104318839,-478.3271104318839,130.75476628598975,130.75476628598975,130.75476628598975,-609.0818767178738,-609.0818767178738,-609.0818767178738,0.0,0.0,0.0,1170.135569413078
2017-02-06,1649.2097731980446,-1812.401685061804,3893.7052827172665,1649.2097731980446,1649.2097731980446,-655.9266819291287,-655.9266819291287,-655.9266819291287,7.146619482511272,7.146619482511272,7.146619482511272,-663.07330141164,-663.07330141164,-663.07330141164,0.0,0.0,0.0,993.2830912689159
2017-02-07,1649.9568665511272,-1480.7335884549786,4056.2620784630894,1649.9568665511272,1649.9568665511272,-374.2568239657987,-374.2568239657987,-374.2568239657987,347.35755078949984,347.35755078949984,347.35755078949984,-721.6143747552985,-721.6143747552985,-721.6143747552985,0.0,0.0,0.0,1275.7000425853284
2017-02-08,1650.7039599042096,-1863.2832403273878,3458.3562546801754,1650.7039599042096,1650.7039599042096,-886.1632165110663,-886.1632165110663,-886.1632165110663,-102.8282258096797,-102.8282258096797,-102.8282258096797,-783.3349907013867,-783.3349907013867,-783.3349907013867,0.0,0.0,0.0,764.5407433931433
2017-02-09,1651.4510532572922,-2504.998505800806,2708.72953515019,1651.4510532572922,1651.4510532572922,-1530.9905572132395,-1530.9905572132395,-1530.9905572132395,-684.2422190990878,-684.2422190990878,-684.2422190990878,-846.7483381141518,-846.7483381141518,-846.7483381141518,0.0,0.0,0.0,120.46049604405266
2017-02-11,1652.9452399634572,-1414.2094358155448,3744.8798494057473,1652.9452399634572,1652.9452399634572,-601.4654823948682,-601.4654823948682,-601.4654823948682,370.8670351123516,370.8670351123516,370.8670351123516,-972.3325175072198,-972.3325175072198,-972.3325175072198,0.0,0.0,0.0,1051.4797575685889
2017-02-12,1653.6923333165398,-2177.743115210315,3325.9616136881777,1653.6923333165398,1653.6923333165398,-900.5130413388889,-900.5130413388889,-900.5130413388889,130.7547662866553,130.7547662866553,130.7547662866553,-1031.267807625544,-1031.267807625544,-1031.267807625544,0.0,0.0,0.0,753.1792919776509
2017-02-13,1654.4394266696224,-2127.5160229459593,3211.767210465458,1654.4394266696224,1654.4394266696224,-1078.3544611974585,-1078.3544611974585,-1078.3544611974585,7.146619483090155,7.146619483090155,7.146619483090155,-1085.5010806805483,-1085.5010806805483,-1085.5010806805483,0.0,0.0,0.0,576.084965472164
2017-02-14,1655.186520022705,-1892.464564834029,3557.9698468977,1655.186520022705,1655.186520022705,-786.1532335344071,-786.1532335344071,-786.1532335344071,347.3575507894444,347.3575507894444,347.3575507894444,-1133.5107843238518,-1133.5107843238518,-1133.5107843238518,0.0,0.0,0.0,869.0332864882979
2017-02-15,1655.9336133757877,-2259.5853556667425,3277.9588937402614,1655.9336133757877,1655.9336133757877,-1276.7086289468352,-1276.7086289468352,-1276.7086289468352,-102.82822580987145,-102.82822580987145,-102.82822580987145,-1173.8804031369637,-1173.8804031369637,-1173.8804031369637,0.0,0.0,0.0,379.22498442895244
2017-02-16,1656.68070672887,-2998.3939541506315,2529.383184415236,1656.68070672887,1656.68070672887,-1889.5745541641693,-1889.5745541641693,-1889.5745541641693,-684.2422190991516,-684.2422190991516,-684.2422190991516,-1205.3323350650176,-1205.3323350650176,-1205.3323350650176,0.0,0.0,0.0,-232.89384743529922
2017-02-19,1658.921986788118,-2150.189865754556,3496.4450714601307,1658.921986788118,1658.921986788118,-1105.35168615436,-1105.35168615436,-1105.35168615436,130.75476628648624,130.75476628648624,130.75476628648624,-1236.1064524408462,-1236.1064524408462,-1236.1064524408462,0.0,0.0,0.0,553.5703006337578
2017-02-20,1659.6690801412003,-2158.7058643217206,3057.95233722599,1659.6690801412003,1659.6690801412003,-1215.7314613184553,-1215.7314613184553,-1215.7314613184553,7.146619483105998,7.146619483105998,7.146619483105998,-1222.878080801561,-1222.878080801561,-1222.878080801561,0.0,0.0,0.0,443.937618822745
2017-02-21,1660.4161734942832,-1969.1221814437476,3548.848562053599,1660.4161734942832,1660.4161734942832,-849.9954447920635,-849.9954447920635,-849.9954447920635,347.35755078938905,347.35755078938905,347.35755078938905,-1197.3529955814527,-1197.3529955814527,-1197.3529955814527,0.0,0.0,0.0,810.4207287022197
2017-02-22,1661.2229476565722,-2482.724010771997,3141.099990485881,1661.2229476565722,1661.2229476565722,-1262.4034826164805,-1262.4034826164805,-1262.4034826164805,-102.82822580909344,-102.82822580909344,-102.82822580909344,-1159.5752568073872,-1159.5752568073872,-1159.5752568073872,0.0,0.0,0.0,398.8194650400917
2017-02-23,1662.0297218188614,-2730.661734334756,2691.2590418741684,1662.0297218188614,1662.0297218188614,-1794.084819673362,-1794.084819673362,-1794.084819673362,-684.2422190989492,-684.2422190989492,-684.2422190989492,-1109.8426005744127,-1109.8426005744127,-1109.8426005744127,0.0,0.0,0.0,-132.05509785450067
2017-02-25,1663.6432701434394,-1719.9054763414667,3720.674222585734,1663.6432701434394,1663.6432701434394,-606.0648152555873,-606.0648152555873,-606.0648152555873,370.86703511232315,370.86703511232315,370.86703511232315,-976.9318503679106,-976.9318503679106,-976.9318503679106,0.0,0.0,0.0,1057.578454887852
2017-02-27,1665.2568184680179,-1862.7162630506912,3652.7495994444744,1665.2568184680179,1665.2568184680179,-798.572493857005,-798.572493857005,-798.572493857005,7.1466194834033265,7.1466194834033265,7.1466194834033265,-805.7191133404083,-805.7191133404083,-805.7191133404083,0.0,0.0,0.0,866.6843246110128
2017-02-28,1666.0635926303069,-1624.0007734588364,4025.261588828008,1666.0635926303069,1666.0635926303069,-361.48945942551234,-361.48945942551234,-361.48945942551234,347.3575507896107,347.3575507896107,347.3575507896107,-708.8470102151231,-708.8470102151231,-708.8470102151231,0.0,0.0,0.0,1304.5741332047946
2017-03-01,1666.870366792596,-1735.3815968414635,3770.076685397134,1666.870366792596,1666.870366792596,-709.2635340814542,-709.2635340814542,-709.2635340814542,-102.82822580960519,-102.82822580960519,-102.82822580960519,-606.435308271849,-606.435308271849,-606.435308271849,0.0,0.0,0.0,957.6068327111419
2017-03-03,1668.483915117174,-1724.1346950116558,3849.806691949912,1668.483915117174,1668.483915117174,-460.61213314838534,-460.61213314838534,-460.61213314838534,-69.05552676050512,-69.05552676050512,-69.05552676050512,-391.55660638788015,-391.55660638788015,-391.55660638788015,0.0,0.0,0.0,1207.8717819687888
2017-03-04,1669.2906892794635,-1135.6455096259117,4485.795383948727,1669.2906892794635,1669.2906892794635,88.34828711614146,88.34828711614146,88.34828711614146,370.86703511235123,370.86703511235123,370.86703511235123,-282.5187479962098,-282.5187479962098,-282.5187479962098,0.0,0.0,0.0,1757.638976395605
2017-03-05,1670.0974634417523,-1313.235331480546,4233.556621332801,1670.0974634417523,1670.0974634417523,-43.971053426653654,-43.971053426653654,-43.971053426653654,130.7547662866357,130.7547662866357,130.7547662866357,-174.72581971328933,-174.72581971328933,-174.72581971328933,0.0,0.0,0.0,1626.1264100150986
2017-03-06,1670.9042376040416,-880.7460166498594,4191.35907462658,1670.9042376040416,1670.9042376040416,-62.72721273063108,-62.72721273063108,-62.72721273063108,7.146619482776782,7.146619482776782,7.146619482776782,-69.87383221340785,-69.87383221340785,-69.87383221340785,0.0,0.0,0.0,1608.1770248734106
2017-03-07,1671.7110117663308,-720.991769979067,4974.557970695259,1671.7110117663308,1671.7110117663308,377.77117346917714,377.77117346917714,377.77117346917714,347.3575507891647,347.3575507891647,347.3575507891647,30.41362268001244,30.41362268001244,30.41362268001244,0.0,0.0,0.0,2049.482185235508
2017-03-08,1672.5177859286198,-1096.6699562694193,4501.8140880625115,1672.5177859286198,1672.5177859286198,21.790594292067112,21.790594292067112,21.790594292067112,-102.82822581011688,-102.82822581011688,-102.82822581011688,124.618820102184,124.618820102184,124.618820102184,0.0,0.0,0.0,1694.308380220687
2017-03-09,1673.3245600909088,-1514.585194566867,4062.948564638308,1673.3245600909088,1673.3245600909088,-472.8817034449947,-472.8817034449947,-472.8817034449947,-684.2422190990767,-684.2422190990767,-684.2422190990767,211.36051565408206,211.36051565408206,211.36051565408206,0.0,0.0,0.0,1200.4428566459142
2017-03-10,1674.131334253198,-802.1168707282103,4509.699620652115,1674.131334253198,1674.131334253198,220.36550770227362,220.36550770227362,220.36550770227362,-69.05552675985714,-69.05552675985714,-69.05552675985714,289.42103446213076,289.42103446213076,289.42103446213076,0.0,0.0,0.0,1894.4968419554716
2017-03-11,1674.9381084154872,-350.97240656475236,5110.223035822945,1674.9381084154872,1674.9381084154872,728.6362751752349,728.6362751752349,728.6362751752349,370.8670351122904,370.8670351122904,370.8670351122904,357.76924006294445,357.76924006294445,357.76924006294445,0.0,0.0,0.0,2403.5743835907224
2017-03-12,1675.7448825777765,-382.16485938504275,4946.554029039154,1675.7448825777765,1675.7448825777765,546.3336617221628,546.3336617221628,546.3336617221628,130.75476628629306,130.75476628629306,130.75476628629306,415.5788954358697,415.5788954358697,415.5788954358697,0.0,0.0,0.0,2222.0785442999395
2017-03-13,1676.5516567400655,-550.7362310384661,4852.383721993014,1676.5516567400655,1676.5516567400655,469.3886670826314,469.3886670826314,469.3886670826314,7.146619482792614,7.146619482792614,7.146619482792614,462.24204759983877,462.24204759983877,462.24204759983877,0.0,0.0,0.0,2145.940323822697
2017-03-14,1677.3584309023545,-94.02767221078604,5105.338009496413,1677.3584309023545,1677.3584309023545,844.73474497755,844.73474497755,844.73474497755,347.3575507894432,347.3575507894432,347.3575507894432,497.37719418810684,497.37719418810684,497.37719418810684,0.0,0.0,0.0,2522.0931758799043
2017-03-15,1678.1652050646437,-600.4942565442124,4882.198465015056,1678.1652050646437,1678.1652050646437,418.00389617620846,418.00389617620846,418.00389617620846,-102.82822581062865,-102.82822581062865,-102.82822581062865,520.8321219868371,520.8321219868371,520.8321219868371,0.0,0.0,0.0,2096.1691012408523
2017-03-17,1679.778753389222,-627.4412881976617,4857.831554115414,1679.778753389222,1679.778753389222,464.16343473406573,464.16343473406573,464.16343473406573,-69.05552676103733,-69.05552676103733,-69.05552676103733,533.2189614951031,533.2189614951031,533.2189614951031,0.0,0.0,0.0,2143.9421881232875
2017-03-18,1680.585527551511,-188.4114230767611,5183.97932218582,1680.585527551511,1680.585527551511,893.8122447004969,893.8122447004969,893.8122447004969,370.86703511231855,370.86703511231855,370.86703511231855,522.9452095881784,522.9452095881784,522.9452095881784,0.0,0.0,0.0,2574.3977722520076
2017-03-19,1681.3923017138002,-455.5315373314584,5111.51071975526,1681.3923017138002,1681.3923017138002,633.305213151678,633.305213151678,633.305213151678,130.75476628595058,130.75476628595058,130.75476628595058,502.5504468657275,502.5504468657275,502.5504468657275,0.0,0.0,0.0,2314.6975148654783
2017-03-20,1682.1990758760894,-613.5667195577962,4967.6644751889,1682.1990758760894,1682.1990758760894,480.0403415756385,480.0403415756385,480.0403415756385,7.146619483371497,7.146619483371497,7.146619483371497,472.89372209226696,472.89372209226696,472.89372209226696,0.0,0.0,0.0,2162.239417451728
2017-03-21,1683.0058500383784,-173.8639437730413,5211.853565918708,1683.0058500383784,1683.0058500383784,782.3360780535595,782.3360780535595,782.3360780535595,347.35755078899723,347.35755078899723,347.35755078899723,434.97852726456244,434.97852726456244,434.97852726456244,0.0,0.0,0.0,2465.341928091938
2017-03-22,1683.8126242006676,-746.4186953731444,4557.827052609005,1683.8126242006676,1683.8126242006676,287.0975018507873,287.0975018507873,287.0975018507873,-102.82822580985055,-102.82822580985055,-102.82822580985055,389.9257276606379,389.9257276606379,389.9257276606379,0.0,0.0,0.0,1970.9101260514549
2017-03-24,1685.4261725252459,-680.2723122141927,4669.3450212288835,1685.4261725252459,1685.4261725252459,214.24640498544926,214.24640498544926,214.24640498544926,-69.0555267619826,-69.0555267619826,-69.0555267619826,283.30193174743187,283.30193174743187,283.30193174743187,0.0,0.0,0.0,1899.6725775106952
2017-03-25,1686.232946687535,-411.04303762311156,5109.309913299536,1686.232946687535,1686.232946687535,595.1594029841449,595.1594029841449,595.1594029841449,370.8670351123155,370.8670351123155,370.8670351123155,224.29236787182933,224.29236787182933,224.29236787182933,0.0,0.0,0.0,2281.3923496716798
2017-03-26,1687.039720849824,-655.423747352706,4880.074396411546,1687.039720849824,1687.039720849824,293.9615222389318,293.9615222389318,293.9615222389318,130.75476628560799,130.75476628560799,130.75476628560799,163.20675595332386,163.20675595332386,163.20675595332386,0.0,0.0,0.0,1981.001243088756
2017-03-27,1687.846495012113,-1184.1441021723197,4652.643939028819,1687.846495012113,1687.846495012113,108.44987776556992,108.44987776556992,108.44987776556992,7.146619482744997,7.146619482744997,7.146619482744997,101.30325828282493,101.30325828282493,101.30325828282493,0.0,0.0,0.0,1796.296372777683
2017-03-28,1688.6532691744023,-914.098627262384,4695.144831071625,1688.6532691744023,1688.6532691744023,387.1370763789361,387.1370763789361,387.1370763789361,347.35755078927565,347.35755078927565,347.35755078927565,39.779525589660466,39.779525589660466,39.779525589660466,0.0,0.0,0.0,2075.7903455533383
2017-03-29,1689.4600433366913,-1052.601702379371,4418.397755702898,1689.4600433366913,1689.4600433366913,-123.08084169759218,-123.08084169759218,-123.08084169759218,-102.82822581036234,-102.82822581036234,-102.82822581036234,-20.2526158872298,-20.2526158872298,-20.2526158872298,0.0,0.0,0.0,1566.3792016390992
2017-03-30,1690.2668174989806,-1938.548788396078,3626.356786773653,1690.2668174989806,1690.2668174989806,-762.0317250796215,-762.0317250796215,-762.0317250796215,-684.2422190990018,-684.2422190990018,-684.2422190990018,-77.78950598061977,-77.78950598061977,-77.78950598061977,0.0,0.0,0.0,928.235092419359
2017-03-31,1691.0735916612696,-1151.3202039215216,4153.6526242370555,1691.0735916612696,1691.0735916612696,-201.0100630492418,-201.0100630492418,-201.0100630492418,-69.05552676133462,-69.05552676133462,-69.05552676133462,-131.95453628790716,-131.95453628790716,-131.95453628790716,0.0,0.0,0.0,1490.0635286120278
2017-04-01,1691.8803658235586,-851.3178586155391,4694.171113664543,1691.8803658235586,1691.8803658235586,188.85384039251431,188.85384039251431,188.85384039251431,370.86703511231684,370.86703511231684,370.86703511231684,-182.0131947198025,-182.0131947198025,-182.0131947198025,0.0,0.0,0.0,1880.7342062160728
2017-04-02,1692.687139985848,-1158.673254879361,4277.447518863862,1692.687139985848,1692.687139985848,-96.62922485730078,-96.62922485730078,-96.62922485730078,130.75476628627345,130.75476628627345,130.75476628627345,-227.38399114357426,-227.38399114357426,-227.38399114357426,0.0,0.0,0.0,1596.0579151285472
2017-04-03,1693.493914148137,-1258.6000589821178,4121.981926496027,1693.493914148137,1693.493914148137,-260.49847962304835,-260.49847962304835,-260.49847962304835,7.1466194830423335,7.1466194830423335,7.1466194830423335,-267.6450991060907,-267.6450991060907,-267.6450991060907,0.0,0.0,0.0,1432.9954345250887
2017-04-04,1694.300688310426,-929.0880503289784,4489.680708445768,1694.300688310426,1694.300688310426,44.82088725446159,44.82088725446159,44.82088725446159,347.3575507892203,347.3575507892203,347.3575507892203,-302.5366635347587,-302.5366635347587,-302.5366635347587,0.0,0.0,0.0,1739.1215755648877
2017-04-05,1695.1074624727153,-1519.1160143757988,4027.4351135181855,1695.1074624727153,1695.1074624727153,-434.78706417059965,-434.78706417059965,-434.78706417059965,-102.82822581119405,-102.82822581119405,-102.82822581119405,-331.95883835940555,-331.95883835940555,-331.95883835940555,0.0,0.0,0.0,1260.3203983021156
2017-04-07,1696.7210107972933,-1557.295171360759,3788.297205189548,1696.7210107972933,1696.7210107972933,-443.81103797193276,-443.81103797193276,-443.81103797193276,-69.05552676239734,-69.05552676239734,-69.05552676239734,-374.7555112095355,-374.7555112095355,-374.7555112095355,0.0,0.0,0.0,1252.9099728253605
2017-04-08,1697.5277849595827,-1021.2666086042004,4545.532697959102,1697.5277849595827,1697.5277849595827,-17.790080680204696,-17.790080680204696,-17.790080680204696,370.86703511231383,370.86703511231383,370.86703511231383,-388.65711579251854,-388.65711579251854,-388.65711579251854,0.0,0.0,0.0,1679.737704279378
2017-04-09,1698.3697824699373,-1263.208865198161,3975.2189246862654,1698.3697824699373,1698.3697824699373,-267.3591367117674,-267.3591367117674,-267.3591367117674,130.75476628593088,130.75476628593088,130.75476628593088,-398.11390299769835,-398.11390299769835,-398.11390299769835,0.0,0.0,0.0,1431.0106457581699
2017-04-10,1699.211779980292,-1445.2486186304643,4100.47759270149,1699.211779980292,1699.211779980292,-396.5182595179805,-396.5182595179805,-396.5182595179805,7.146619482697333,7.146619482697333,7.146619482697333,-403.66487900067784,-403.66487900067784,-403.66487900067784,0.0,0.0,0.0,1302.6935204623114
2017-04-12,1700.8957750010018,-1701.0435148171828,4047.8303191667615,1700.8957750010018,1700.8957750010018,-508.38649320607715,-508.38649320607715,-508.38649320607715,-102.82822580977606,-102.82822580977606,-102.82822580977606,-405.5582673963012,-405.5582673963012,-405.5582673963012,0.0,0.0,0.0,1192.5092817949246
2017-04-13,1701.7377725113565,-2247.064727668806,3368.384229733266,1701.7377725113565,1701.7377725113565,-1087.5072094958432,-1087.5072094958432,-1087.5072094958432,-684.2422190988631,-684.2422190988631,-684.2422190988631,-403.2649903969798,-403.2649903969798,-403.2649903969798,0.0,0.0,0.0,614.2305630155133
2017-04-14,1702.5797700217113,-1508.929661687803,3790.4099239573907,1702.5797700217113,1702.5797700217113,-468.80480210609187,-468.80480210609187,-468.80480210609187,-69.05552676186686,-69.05552676186686,-69.05552676186686,-399.74927534422494,-399.74927534422494,-399.74927534422494,0.0,0.0,0.0,1233.7749679156195
2017-04-15,1703.4217675320663,-1016.3897613942905,4455.569770930037,1703.4217675320663,1703.4217675320663,-24.83490131406211,-24.83490131406211,-24.83490131406211,370.8670351123419,370.8670351123419,370.8670351123419,-395.7019364264041,-395.7019364264041,-395.7019364264041,0.0,0.0,0.0,1678.5868662180042
2017-04-16,1704.263765042421,-1313.707797544128,4106.352716920582,1704.263765042421,1704.263765042421,-261.0239046983741,-261.0239046983741,-261.0239046983741,130.75476628576183,130.75476628576183,130.75476628576183,-391.778670984136,-391.778670984136,-391.778670984136,0.0,0.0,0.0,1443.239860344047
2017-04-17,1705.1057625527758,-1464.5365190931332,4017.787686975966,1705.1057625527758,1705.1057625527758,-381.4343366970203,-381.4343366970203,-381.4343366970203,7.146619482352367,7.146619482352367,7.146619482352367,-388.5809561793727,-388.5809561793727,-388.5809561793727,0.0,0.0,0.0,1323.6714258557554
2017-04-18,1705.9477600631305,-1212.0994761937552,4387.555684647194,1705.9477600631305,1705.9477600631305,-39.281609864193236,-39.281609864193236,-39.281609864193236,347.3575507890527,347.3575507890527,347.3575507890527,-386.639160653246,-386.639160653246,-386.639160653246,0.0,0.0,0.0,1666.6661501989372
2017-04-19,1706.7897575734855,-1480.7379641923017,3939.517367476031,1706.7897575734855,1706.7897575734855,-489.2265063847914,-489.2265063847914,-489.2265063847914,-102.82822581060782,-102.82822581060782,-102.82822581060782,-386.39828057418356,-386.39828057418356,-386.39828057418356,0.0,0.0,0.0,1217.5632511886943
2017-04-21,1708.473752594195,-1534.213116008804,3950.3369453650525,1708.473752594195,1708.473752594195,-461.36323523436,-461.36323523436,-461.36323523436,-69.05552676133631,-69.05552676133631,-69.05552676133631,-392.30770847302364,-392.30770847302364,-392.30770847302364,0.0,0.0,0.0,1247.110517359835
2017-04-22,1709.3157501045498,-985.9244749970026,4681.875294797154,1709.3157501045498,1709.3157501045498,-27.96840315219419,-27.96840315219419,-27.96840315219419,370.86703511237005,370.86703511237005,370.86703511237005,-398.8354382645642,-398.8354382645642,-398.8354382645642,0.0,0.0,0.0,1681.3473469523556
2017-04-23,1710.1577476149046,-1509.3800650253788,4131.6487174777785,1710.1577476149046,1710.1577476149046,-277.05797548654573,-277.05797548654573,-277.05797548654573,130.75476628608035,130.75476628608035,130.75476628608035,-407.81274177262605,-407.81274177262605,-407.81274177262605,0.0,0.0,0.0,1433.0997721283588
2017-04-24,1710.9997451252596,-1481.1009475167702,3778.653080265515,1710.9997451252596,1710.9997451252596,-412.0068729194145,-412.0068729194145,-412.0068729194145,7.146619482649708,7.146619482649708,7.146619482649708,-419.15349240206416,-419.15349240206416,-419.15349240206416,0.0,0.0,0.0,1298.992872205845
2017-04-25,1711.8417426356143,-1252.413690420811,4495.121235881047,1711.8417426356143,1711.8417426356143,-85.31010344795625,-85.31010344795625,-85.31010344795625,347.35755078933124,347.35755078933124,347.35755078933124,-432.6676542372874,-432.6676542372874,-432.6676542372874,0.0,0.0,0.0,1626.5316391876581
2017-04-26,1712.6837401459693,-1371.1044313080788,3651.1566801844792,1712.6837401459693,1712.6837401459693,-550.8976287142754,-550.8976287142754,-550.8976287142754,-102.8282258111195,-102.8282258111195,-102.8282258111195,-448.06940290315595,-448.06940290315595,-448.06940290315595,0.0,0.0,0.0,1161.7861114316938
2017-04-28,1714.3677351666788,-1649.9343835430768,3975.4511650096483,1714.3677351666788,1714.3677351666788,-552.0360456148088,-552.0360456148088,-552.0360456148088,-69.05552676239903,-69.05552676239903,-69.05552676239903,-482.9805188524096,-482.9805188524096,-482.9805188524096,0.0,0.0,0.0,1162.33168955187
2017-04-30,1716.0517301873883,-1559.5998476439424,4109.248589263091,1716.0517301873883,1716.0517301873883,-389.39429321867016,-389.39429321867016,-389.39429321867016,130.75476628591127,130.75476628591127,130.75476628591127,-520.1490595045815,-520.1490595045815,-520.1490595045815,0.0,0.0,0.0,1326.6574369687182
2017-05-01,1716.8937276977433,-1755.4745301218124,3736.359559268005,1716.8937276977433,1716.8937276977433,-531.0750273015572,-531.0750273015572,-531.0750273015572,7.146619482947089,7.146619482947089,7.146619482947089,-538.2216467845042,-538.2216467845042,-538.2216467845042,0.0,0.0,0.0,1185.8187003961862
2017-05-02,1717.7357252080978,-1356.2135655257043,4315.889718199155,1717.7357252080978,1717.7357252080978,-207.83906926572843,-207.83906926572843,-207.83906926572843,347.35755078960966,347.35755078960966,347.35755078960966,-555.1966200553381,-555.1966200553381,-555.1966200553381,0.0,0.0,0.0,1509.8966559423693
2017-05-03,1718.5777227184526,-1712.5526810811193,3646.5393640640655,1718.5777227184526,1718.5777227184526,-673.3456038683956,-673.3456038683956,-673.3456038683956,-102.82822581163128,-102.82822581163128,-102.82822581163128,-570.5173780567643,-570.5173780567643,-570.5173780567643,0.0,0.0,0.0,1045.2321188500568
2017-05-05,1720.2617177391623,-1593.6871042458506,3703.472381704313,1720.2617177391623,1720.2617177391623,-663.1868721407279,-663.1868721407279,-663.1868721407279,-69.05552676175104,-69.05552676175104,-69.05552676175104,-594.1313453789769,-594.1313453789769,-594.1313453789769,0.0,0.0,0.0,1057.0748455984344
2017-05-06,1721.103715249517,-1236.7678454796883,4223.913957600462,1721.103715249517,1721.103715249517,-230.6520010454754,-230.6520010454754,-230.6520010454754,370.86703511233725,370.86703511233725,370.86703511233725,-601.5190361578126,-601.5190361578126,-601.5190361578126,0.0,0.0,0.0,1490.4517142040418
2017-05-07,1721.945712759872,-1502.9302277301183,4063.542928524128,1721.945712759872,1721.945712759872,-474.71357412423947,-474.71357412423947,-474.71357412423947,130.7547662862298,130.7547662862298,130.7547662862298,-605.4683404104693,-605.4683404104693,-605.4683404104693,0.0,0.0,0.0,1247.2321386356325
2017-05-08,1722.7877102702266,-1422.6556075373664,3956.816181499141,1722.7877102702266,1722.7877102702266,-598.5636201376833,-598.5636201376833,-598.5636201376833,7.146619482962886,7.146619482962886,7.146619482962886,-605.7102396206462,-605.7102396206462,-605.7102396206462,0.0,0.0,0.0,1124.2240901325433
2017-05-09,1723.6297077805816,-1292.1180914230085,4019.8810512682207,1723.6297077805816,1723.6297077805816,-254.70811863612974,-254.70811863612974,-254.70811863612974,347.3575507894975,347.3575507894975,347.3575507894975,-602.0656694256272,-602.0656694256272,-602.0656694256272,0.0,0.0,0.0,1468.921589144452
2017-05-10,1724.4717052909364,-1789.0858670103164,3744.265460786444,1724.4717052909364,1724.4717052909364,-697.2789047470259,-697.2789047470259,-697.2789047470259,-102.82822581053325,-102.82822581053325,-102.82822581053325,-594.4506789364926,-594.4506789364926,-594.4506789364926,0.0,0.0,0.0,1027.1928005439104
2017-05-11,1725.3137028012911,-2168.912811150585,2899.59161592386,1725.3137028012911,1725.3137028012911,-1267.1210706792224,-1267.1210706792224,-1267.1210706792224,-684.2422190990715,-684.2422190990715,-684.2422190990715,-582.8788515801508,-582.8788515801508,-582.8788515801508,0.0,0.0,0.0,458.19263212206874
2017-05-12,1726.1557003116461,-1678.2558804166358,3764.7809945126783,1726.1557003116461,1726.1557003116461,-636.5164963401581,-636.5164963401581,-636.5164963401581,-69.05552676110308,-69.05552676110308,-69.05552676110308,-567.4609695790549,-567.4609695790549,-567.4609695790549,0.0,0.0,0.0,1089.6392039714879
2017-05-14,1727.8396953323556,-1507.1031624977168,4090.2797992386154,1727.8396953323556,1727.8396953323556,-395.240646325446,-395.240646325446,-395.240646325446,130.7547662868953,130.7547662868953,130.7547662868953,-525.9954126123413,-525.9954126123413,-525.9954126123413,0.0,0.0,0.0,1332.5990490069096
2017-05-15,1728.6816928427104,-1568.2159712621487,3919.680935102414,1728.6816928427104,1728.6816928427104,-493.4687880415009,-493.4687880415009,-493.4687880415009,7.146619482899465,7.146619482899465,7.146619482899465,-500.6154075244004,-500.6154075244004,-500.6154075244004,0.0,0.0,0.0,1235.2129048012096
2017-05-16,1729.5236903530654,-1321.1601897835421,4137.706781212468,1729.5236903530654,1729.5236903530654,-125.34914513715069,-125.34914513715069,-125.34914513715069,347.35755078944214,347.35755078944214,347.35755078944214,-472.7066959265929,-472.7066959265929,-472.7066959265929,0.0,0.0,0.0,1604.1745452159148
2017-05-17,1730.3656878634201,-1320.5352169102655,3881.627032996602,1730.3656878634201,1730.3656878634201,-545.6010023333503,-545.6010023333503,-545.6010023333503,-102.82822581136499,-102.82822581136499,-102.82822581136499,-442.7727765219853,-442.7727765219853,-442.7727765219853,0.0,0.0,0.0,1184.76468553007
2017-05-18,1731.207685373775,-2090.269730227641,3380.006449694657,1731.207685373775,1731.207685373775,-1095.6049156789713,-1095.6049156789713,-1095.6049156789713,-684.2422190991351,-684.2422190991351,-684.2422190991351,-411.3626965798362,-411.3626965798362,-411.3626965798362,0.0,0.0,0.0,635.6027696948036
2017-05-19,1732.0496828841299,-1541.337659727754,4064.813750928518,1732.0496828841299,1732.0496828841299,-448.1123436244126,-448.1123436244126,-448.1123436244126,-69.0555267605726,-69.0555267605726,-69.0555267605726,-379.05681686383986,-379.05681686383986,-379.05681686383986,0.0,0.0,0.0,1283.9373392597172
2017-05-20,1732.8916803944844,-828.0822316996666,4544.179488392115,1732.8916803944844,1732.8916803944844,24.41505776287537,24.41505776287537,24.41505776287537,370.86703511230445,370.86703511230445,370.86703511230445,-346.4519773494291,-346.4519773494291,-346.4519773494291,0.0,0.0,0.0,1757.3067381573599
2017-05-21,1733.7336779048394,-1158.9878218953272,4302.999875961051,1733.7336779048394,1733.7336779048394,-183.39172001282284,-183.39172001282284,-183.39172001282284,130.75476628655272,130.75476628655272,130.75476628655272,-314.14648629937557,-314.14648629937557,-314.14648629937557,0.0,0.0,0.0,1550.3419578920166
2017-05-22,1734.5756754151942,-1230.1067737683425,4304.732871350573,1734.5756754151942,1734.5756754151942,-275.5787314648239,-275.5787314648239,-275.5787314648239,7.146619482915259,7.146619482915259,7.146619482915259,-282.72535094773906,-282.72535094773906,-282.72535094773906,0.0,0.0,0.0,1458.9969439503702
2017-05-23,1735.417672925549,-829.0840019554996,4536.119665952721,1735.417672925549,1735.417672925549,94.61139886905784,94.61139886905784,94.61139886905784,347.35755078938683,347.35755078938683,347.35755078938683,-252.7461519203289,-252.7461519203289,-252.7461519203289,0.0,0.0,0.0,1830.0290717946068
2017-05-24,1736.2604932807524,-1368.8129913299147,4047.0308624454365,1736.2604932807524,1736.2604932807524,-327.5541621067016,-327.5541621067016,-327.5541621067016,-102.82822580994693,-102.82822580994693,-102.82822580994693,-224.72593629675458,-224.72593629675458,-224.72593629675458,0.0,0.0,0.0,1408.7063311740508
2017-05-25,1737.1033136359558,-1865.5603317409384,3399.5186189767965,1737.1033136359558,1737.1033136359558,-883.3716860214782,-883.3716860214782,-883.3716860214782,-684.2422190989329,-684.2422190989329,-684.2422190989329,-199.12946692254525,-199.12946692254525,-199.12946692254525,0.0,0.0,0.0,853.7316276144776
2017-05-26,1737.946133991159,-1326.551819120644,4273.416757957564,1737.946133991159,1737.946133991159,-245.414646229934,-245.414646229934,-245.414646229934,-69.05552676151783,-69.05552676151783,-69.05552676151783,-176.35911946841617,-176.35911946841617,-176.35911946841617,0.0,0.0,0.0,1492.531487761225
2017-05-27,1738.7889543463623,-675.3950275542035,4830.723352338956,1738.7889543463623,1738.7889543463623,214.12036977375348,214.12036977375348,214.12036977375348,370.86703511233253,370.86703511233253,370.86703511233253,-156.7466653385791,-156.7466653385791,-156.7466653385791,0.0,0.0,0.0,1952.9093241201158
2017-05-28,1739.6317747015655,-1036.5278727371222,4464.736596840972,1739.6317747015655,1739.6317747015655,-9.792353248022133,-9.792353248022133,-9.792353248022133,130.75476628621016,130.75476628621016,130.75476628621016,-140.54711953423225,-140.54711953423225,-140.54711953423225,0.0,0.0,0.0,1729.8394214535433
2017-05-29,1740.4745950567687,-1255.1304013185388,4276.834211345805,1740.4745950567687,1740.4745950567687,-120.78815032295944,-120.78815032295944,-120.78815032295944,7.1466194832125876,7.1466194832125876,7.1466194832125876,-127.93476980617204,-127.93476980617204,-127.93476980617204,0.0,0.0,0.0,1619.6864447338094
2017-05-30,1741.3174154119724,-884.0592329187099,4671.728937512622,1741.3174154119724,1741.3174154119724,228.356112020426,228.356112020426,228.356112020426,347.3575507896652,347.3575507896652,347.3575507896652,-119.00143876923924,-119.00143876923924,-119.00143876923924,0.0,0.0,0.0,1969.6735274323985
2017-05-31,1742.1602357671757,-1245.786727530712,4307.986039080819,1742.1602357671757,1742.1602357671757,-216.5851918382249,-216.5851918382249,-216.5851918382249,-102.82822580916887,-102.82822580916887,-102.82822580916887,-113.75696602905597,-113.75696602905597,-113.75696602905597,0.0,0.0,0.0,1525.575043928951
2017-06-02,1743.8458764775821,-1349.9457591578725,4295.8279288994345,1743.8458764775821,1743.8458764775821,-183.03733397518414,-183.03733397518414,-183.03733397518414,-69.05552676098735,-69.05552676098735,-69.05552676098735,-113.98180721419678,-113.98180721419678,-113.98180721419678,0.0,0.0,0.0,1560.808542502398
2017-06-04,1745.531517187989,-802.362012892813,4545.805412000424,1745.531517187989,1745.531517187989,3.5579245803988098,3.5579245803988098,3.5579245803988098,130.7547662858676,130.7547662858676,130.7547662858676,-127.19684170546877,-127.19684170546877,-127.19684170546877,0.0,0.0,0.0,1749.0894417683878
2017-06-05,1746.3743375431925,-1053.5123507892179,4276.762512746281,1746.3743375431925,1746.3743375431925,-130.81897715004675,-130.81897715004675,-130.81897715004675,7.146619482586099,7.146619482586099,7.146619482586099,-137.96559663263284,-137.96559663263284,-137.96559663263284,0.0,0.0,0.0,1615.5553603931457
2017-06-06,1747.2171578983957,-979.896578994268,4595.174699478375,1747.2171578983957,1747.2171578983957,196.32099301348617,196.32099301348617,196.32099301348617,347.3575507892192,347.3575507892192,347.3575507892192,-151.03655777573303,-151.03655777573303,-151.03655777573303,0.0,0.0,0.0,1943.538150911882
2017-06-07,1748.059978253599,-1187.3354901686937,4211.976422862357,1748.059978253599,1748.059978253599,-268.84440110747556,-268.84440110747556,-268.84440110747556,-102.82822580936069,-102.82822580936069,-102.82822580936069,-166.01617529811486,-166.01617529811486,-166.01617529811486,0.0,0.0,0.0,1479.2155771461235
2017-06-09,1749.7456189640056,-1163.3768294236445,4289.393600608628,1749.7456189640056,1749.7456189640056,-269.103770421852,-269.103770421852,-269.103770421852,-69.05552676033935,-69.05552676033935,-69.05552676033935,-200.04824366151263,-200.04824366151263,-200.04824366151263,0.0,0.0,0.0,1480.6418485421536
2017-06-10,1750.588439319209,-777.9451163332527,4592.641232620732,1750.588439319209,1750.588439319209,152.59847862452602,152.59847862452602,152.59847862452602,370.8670351122731,370.8670351122731,370.8670351122731,-218.26855648774702,-218.26855648774702,-218.26855648774702,0.0,0.0,0.0,1903.1869179437351
2017-06-11,1751.4312596744123,-978.7576739570596,4300.653323733185,1751.4312596744123,1751.4312596744123,-106.0000443057641,-106.0000443057641,-106.0000443057641,130.75476628653306,130.75476628653306,130.75476628653306,-236.75481059229716,-236.75481059229716,-236.75481059229716,0.0,0.0,0.0,1645.4312153686483
2017-06-12,1752.2740800296156,-1274.1999281290732,4177.974341769935,1752.2740800296156,1752.2740800296156,-247.98589553825423,-247.98589553825423,-247.98589553825423,7.146619482883423,7.146619482883423,7.146619482883423,-255.13251502113766,-255.13251502113766,-255.13251502113766,0.0,0.0,0.0,1504.2881844913613
2017-06-13,1753.116900384819,-1042.5859934456557,4537.622553465236,1753.116900384819,1753.116900384819,74.2974749548776,74.2974749548776,74.2974749548776,347.3575507894977,347.3575507894977,347.3575507894977,-273.06007583462014,-273.06007583462014,-273.06007583462014,0.0,0.0,0.0,1827.4143753396966
2017-06-14,1753.9597207400225,-1614.0960030609692,3989.702547547511,1753.9597207400225,1753.9597207400225,-393.0641056851155,-393.0641056851155,-393.0641056851155,-102.8282258101924,-102.8282258101924,-102.8282258101924,-290.2358798749232,-290.2358798749232,-290.2358798749232,0.0,0.0,0.0,1360.895615054907
2017-06-15,1754.8025410952257,-1904.7867198844351,3395.6890689744114,1754.8025410952257,1754.8025410952257,-990.6460968396913,-990.6460968396913,-990.6460968396913,-684.242219099124,-684.242219099124,-684.242219099124,-306.40387774056734,-306.40387774056734,-306.40387774056734,0.0,0.0,0.0,764.1564442555344
2017-06-16,1755.645361450429,-1309.1604574427247,4311.363781452331,1755.645361450429,1755.645361450429,-390.413086884147,-390.413086884147,-390.413086884147,-69.05552676151956,-69.05552676151956,-69.05552676151956,-321.35756012262743,-321.35756012262743,-321.35756012262743,0.0,0.0,0.0,1365.2322745662818
2017-06-17,1756.4881818056322,-984.9007359472154,4596.302023484995,1756.4881818056322,1756.4881818056322,35.92476165094797,35.92476165094797,35.92476165094797,370.86703511230115,370.86703511230115,370.86703511230115,-334.9422734613532,-334.9422734613532,-334.9422734613532,0.0,0.0,0.0,1792.4129434565803
2017-06-18,1757.3310021608356,-1136.528800722765,4423.770751219887,1757.3310021608356,1757.3310021608356,-216.3011066408449,-216.3011066408449,-216.3011066408449,130.75476628601703,130.75476628601703,130.75476628601703,-347.05587292686187,-347.05587292686187,-347.05587292686187,0.0,0.0,0.0,1541.0298955199908
2017-06-19,1758.173822516039,-1224.7604535956632,4146.488886311131,1758.173822516039,1758.173822516039,-350.5011419725936,-350.5011419725936,-350.5011419725936,7.146619483180764,7.146619483180764,7.146619483180764,-357.6477614557744,-357.6477614557744,-357.6477614557744,0.0,0.0,0.0,1407.6726805434455
2017-06-20,1759.0166428712423,-773.8595349890143,4414.534463937538,1759.0166428712423,1759.0166428712423,-19.358860655688638,-19.358860655688638,-19.358860655688638,347.35755078905174,347.35755078905174,347.35755078905174,-366.71641144474034,-366.71641144474034,-366.71641144474034,0.0,0.0,0.0,1739.6577822155537
2017-06-21,1759.8594632264458,-1570.3793639287076,3908.5211799249855,1759.8594632264458,1759.8594632264458,-477.13373514303,-477.13373514303,-477.13373514303,-102.82822580941435,-102.82822580941435,-102.82822580941435,-374.30550933361553,-374.30550933361553,-374.30550933361553,0.0,0.0,0.0,1282.7257280834158
2017-06-23,1761.5451039368522,-1527.0798419952378,4080.162133725476,1761.5451039368522,1761.5451039368522,-454.4700778385469,-454.4700778385469,-454.4700778385469,-69.05552676087157,-69.05552676087157,-69.05552676087157,-385.41455107767524,-385.41455107767524,-385.41455107767524,0.0,0.0,0.0,1307.0750260983054
2017-06-24,1762.3879242920555,-821.7279686127591,4531.473368454946,1762.3879242920555,1762.3879242920555,-18.33070587067225,-18.33070587067225,-18.33070587067225,370.86703511229814,370.86703511229814,370.86703511229814,-389.19774098297034,-389.19774098297034,-389.19774098297034,0.0,0.0,0.0,1744.0572184213831
2017-06-25,1763.2307446472591,-1195.3288605298583,4192.707932894016,1763.2307446472591,1763.2307446472591,-261.25900551939594,-261.25900551939594,-261.25900551939594,130.75476628584795,130.75476628584795,130.75476628584795,-392.0137718052439,-392.0137718052439,-392.0137718052439,0.0,0.0,0.0,1501.9717391278632
2017-06-26,1764.0735650024624,-1476.2284277186507,4214.18270993491,1764.0735650024624,1764.0735650024624,-386.8937953181411,-386.8937953181411,-386.8937953181411,7.146619483478105,7.146619483478105,7.146619483478105,-394.04041480161925,-394.04041480161925,-394.04041480161925,0.0,0.0,0.0,1377.1797696843214
2017-06-27,1764.9163853576656,-984.4012674061922,4412.477635196602,1764.9163853576656,1764.9163853576656,-48.102826144301744,-48.102826144301744,-48.102826144301744,347.3575507892734,347.3575507892734,347.3575507892734,-395.46037693357516,-395.46037693357516,-395.46037693357516,0.0,0.0,0.0,1716.8135592133638
2017-06-28,1765.7592057128693,-1533.086919595414,3959.914833823593,1765.7592057128693,1765.7592057128693,-499.28225354642643,-499.28225354642643,-499.28225354642643,-102.8282258099261,-102.8282258099261,-102.8282258099261,-396.4540277365004,-396.4540277365004,-396.4540277365004,0.0,0.0,0.0,1266.476952166443
2017-06-29,1766.6020260680725,-1911.2641944599472,3435.8479802934107,1766.6020260680725,1766.6020260680725,-1081.4348401536272,-1081.4348401536272,-1081.4348401536272,-684.2422190992284,-684.2422190992284,-684.2422190992284,-397.19262105439896,-397.19262105439896,-397.19262105439896,0.0,0.0,0.0,685.1671859144453
2017-06-30,1767.4448464232757,-1507.8581483698456,4164.18855847266,1767.4448464232757,1767.4448464232757,-466.8877480533945,-466.8877480533945,-466.8877480533945,-69.0555267602236,-69.0555267602236,-69.0555267602236,-397.8322212931709,-397.8322212931709,-397.8322212931709,0.0,0.0,0.0,1300.5570983698813
2017-07-01,1768.287666778479,-1054.0986118634592,4674.396946613099,1768.287666778479,1768.287666778479,-27.6414790977005,-27.6414790977005,-27.6414790977005,370.86703511235726,370.86703511235726,370.86703511235726,-398.5085142100578,-398.5085142100578,-398.5085142100578,0.0,0.0,0.0,1740.6461876807784
2017-07-02,1769.1304871336822,-1181.0729345190891,4200.070051443179,1769.1304871336822,1769.1304871336822,-268.5778811797075,-268.5778811797075,-268.5778811797075,130.75476628651347,130.75476628651347,130.75476628651347,-399.332647466221,-399.332647466221,-399.332647466221,0.0,0.0,0.0,1500.5526059539748
2017-07-03,1769.9733074888854,-1369.9827252981167,4044.4862377721597,1769.9733074888854,1769.9733074888854,-393.2415879499882,-393.2415879499882,-393.2415879499882,7.1466194828515945,7.1466194828515945,7.1466194828515945,-400.38820743283986,-400.38820743283986,-400.38820743283986,0.0,0.0,0.0,1376.7317195388973
2017-07-04,1770.816127844089,-967.346381991289,4441.239494757187,1770.816127844089,1770.816127844089,-54.37184655626541,-54.37184655626541,-54.37184655626541,347.357550789218,347.357550789218,347.357550789218,-401.7293973454834,-401.7293973454834,-401.7293973454834,0.0,0.0,0.0,1716.4442812878235
2017-07-07,1773.344588909699,-1459.7794820228378,3943.4843584884848,1773.344588909699,1773.344588909699,-476.61936347454434,-476.61936347454434,-476.61936347454434,-69.05552676287954,-69.05552676287954,-69.05552676287954,-407.56383671166475,-407.56383671166475,-407.56383671166475,0.0,0.0,0.0,1296.7252254351547
2017-07-08,1774.2108091418888,-1185.2274904506612,4377.938431817255,1774.2108091418888,1774.2108091418888,-39.138757500533465,-39.138757500533465,-39.138757500533465,370.86703511229643,370.86703511229643,370.86703511229643,-410.0057926128299,-410.0057926128299,-410.0057926128299,0.0,0.0,0.0,1735.0720516413553
2017-07-09,1775.077029374079,-1329.4098491761877,4258.9171567761005,1775.077029374079,1775.077029374079,-281.828525066894,-281.828525066894,-281.828525066894,130.75476628617088,130.75476628617088,130.75476628617088,-412.5832913530649,-412.5832913530649,-412.5832913530649,0.0,0.0,0.0,1493.2485043071852
2017-07-10,1775.943249606269,-1303.209043153657,3923.6717307255376,1775.943249606269,1775.943249606269,-408.0542651507247,-408.0542651507247,-408.0542651507247,7.146619483430478,7.146619483430478,7.146619483430478,-415.2008846341552,-415.2008846341552,-415.2008846341552,0.0,0.0,0.0,1367.8889844555445
2017-07-12,1777.6756900706491,-1493.440816804286,4302.514786007073,1777.6756900706491,1777.6756900706491,-522.9497017423238,-522.9497017423238,-522.9497017423238,-102.82822581094958,-102.82822581094958,-102.82822581094958,-420.12147593137405,-420.12147593137405,-420.12147593137405,0.0,0.0,0.0,1254.7259883283255
2017-07-14,1779.4081305350294,-1536.5087940472376,4117.031751726998,1779.4081305350294,1779.4081305350294,-492.9229568157132,-492.9229568157132,-492.9229568157132,-69.05552676234906,-69.05552676234906,-69.05552676234906,-423.86743005336416,-423.86743005336416,-423.86743005336416,0.0,0.0,0.0,1286.4851737193162
2017-07-15,1780.2743507672192,-1007.1541836169635,4460.911084420702,1780.2743507672192,1780.2743507672192,-54.16663532167385,-54.16663532167385,-54.16663532167385,370.8670351123246,370.8670351123246,370.8670351123246,-425.03367043399834,-425.03367043399834,-425.03367043399834,0.0,0.0,0.0,1726.1077154455454
2017-07-16,1781.1405709994094,-1201.0296563103032,4050.8581880637266,1781.1405709994094,1781.1405709994094,-294.8550800902352,-294.8550800902352,-294.8550800902352,130.7547662860018,130.7547662860018,130.7547662860018,-425.60984637623704,-425.60984637623704,-425.60984637623704,0.0,0.0,0.0,1486.2854909091743
2017-07-17,1782.0067912315994,-1354.5179190239544,4107.737119067281,1782.0067912315994,1782.0067912315994,-418.3821276031902,-418.3821276031902,-418.3821276031902,7.146619482803977,7.146619482803977,7.146619482803977,-425.52874708599415,-425.52874708599415,-425.52874708599415,0.0,0.0,0.0,1363.6246636284093
2017-07-18,1782.8730114637892,-964.8700776822931,4711.156065750902,1782.8730114637892,1782.8730114637892,-77.38714608029588,-77.38714608029588,-77.38714608029588,347.3575507890505,347.3575507890505,347.3575507890505,-424.7446968693464,-424.7446968693464,-424.7446968693464,0.0,0.0,0.0,1705.4858653834933
2017-07-19,1783.7392316959795,-1532.4623062419848,3962.3459771107723,1783.7392316959795,1783.7392316959795,-526.0639928316035,-526.0639928316035,-526.0639928316035,-102.82822581017156,-102.82822581017156,-102.82822581017156,-423.23576702143197,-423.23576702143197,-423.23576702143197,0.0,0.0,0.0,1257.6752388643758
2017-07-20,1784.6054519281695,-1989.9368372566903,3475.1731355322217,1784.6054519281695,1784.6054519281695,-1105.2471629237457,-1105.2471629237457,-1105.2471629237457,-684.2422190989106,-684.2422190989106,-684.2422190989106,-421.0049438248351,-421.0049438248351,-421.0049438248351,0.0,0.0,0.0,679.3582890044238
2017-07-21,1785.4716721603597,-1598.050287940592,4103.232561837952,1785.4716721603597,1785.4716721603597,-487.135723018177,-487.135723018177,-487.135723018177,-69.05552676170105,-69.05552676170105,-69.05552676170105,-418.0801962564759,-418.0801962564759,-418.0801962564759,0.0,0.0,0.0,1298.3359491421827
2017-07-22,1786.3378923925495,-1065.7140368389594,4531.58598694673,1786.3378923925495,1786.3378923925495,-43.646390613830114,-43.646390613830114,-43.646390613830114,370.8670351123526,370.8670351123526,370.8670351123526,-414.51342572618273,-414.51342572618273,-414.51342572618273,0.0,0.0,0.0,1742.6915017787194
2017-07-23,1787.2041126247398,-1183.716425167747,4421.736328698489,1787.2041126247398,1787.2041126247398,-279.62355322175426,-279.62355322175426,-279.62355322175426,130.75476628548577,130.75476628548577,130.75476628548577,-410.37831950724006,-410.37831950724006,-410.37831950724006,0.0,0.0,0.0,1507.5805594029855
2017-07-24,1788.0703328569298,-1329.912347059571,4120.63397095009,1788.0703328569298,1788.0703328569298,-398.62054873180176,-398.62054873180176,-398.62054873180176,7.1466194827405145,7.1466194827405145,7.1466194827405145,-405.7671682145423,-405.7671682145423,-405.7671682145423,0.0,0.0,0.0,1389.449784125128
2017-07-25,1788.9365530891196,-1075.6863688210221,4409.5580403272315,1788.9365530891196,1788.9365530891196,-53.42919370838659,-53.42919370838659,-53.42919370838659,347.3575507893289,347.3575507893289,347.3575507893289,-400.7867444977155,-400.7867444977155,-400.7867444977155,0.0,0.0,0.0,1735.507359380733
2017-07-28,1791.5352137856896,-1295.1932603066043,4003.249034202173,1791.5352137856896,1791.5352137856896,-453.8624646489698,-453.8624646489698,-453.8624646489698,-69.05552676117058,-69.05552676117058,-69.05552676117058,-384.8069378877991,-384.8069378877991,-384.8069378877991,0.0,0.0,0.0,1337.6727491367199
2017-07-29,1792.4014340178799,-1044.051868054206,4401.460712205895,1792.4014340178799,1792.4014340178799,-8.654958629561614,-8.654958629561614,-8.654958629561614,370.86703511232287,370.86703511232287,370.86703511232287,-379.5219937418844,-379.5219937418844,-379.5219937418844,0.0,0.0,0.0,1783.7464753883182
2017-07-30,1793.26765425007,-1123.3399143373174,4320.641055970715,1793.26765425007,1793.26765425007,-243.6729438599858,-243.6729438599858,-243.6729438599858,130.7547662861512,130.7547662861512,130.7547662861512,-374.427710146137,-374.427710146137,-374.427710146137,0.0,0.0,0.0,1549.5947103900844
2017-07-31,1794.1338744822601,-1115.6500735323139,4027.869657801524,1794.1338744822601,1794.1338744822601,-362.4517964148784,-362.4517964148784,-362.4517964148784,7.14661948275635,7.14661948275635,7.14661948275635,-369.5984158976348,-369.5984158976348,-369.5984158976348,0.0,0.0,0.0,1431.6820780673818
2017-08-01,1795.00009471445,-881.1555445325091,4141.8154204512975,1795.00009471445,1795.00009471445,-17.724275743655916,-17.724275743655916,-17.724275743655916,347.3575507892736,347.3575507892736,347.3575507892736,-365.0818265329295,-365.0818265329295,-365.0818265329295,0.0,0.0,0.0,1777.275818970794
2017-08-02,1795.8663149466402,-1265.1997798798002,4040.7161114070955,1795.8663149466402,1795.8663149466402,-463.72212485536227,-463.72212485536227,-463.72212485536227,-102.828225811195,-102.828225811195,-102.828225811195,-360.89389904416726,-360.89389904416726,-360.89389904416726,0.0,0.0,0.0,1332.1441900912778
2017-08-03,1796.7325351788302,-1929.7741707020555,3471.133849401265,1796.7325351788302,1796.7325351788302,-1041.2567152063057,-1041.2567152063057,-1041.2567152063057,-684.2422190992341,-684.2422190992341,-684.2422190992341,-357.01449610707164,-357.01449610707164,-357.01449610707164,0.0,0.0,0.0,755.4758199725245
2017-08-04,1797.5987554110204,-1244.9122171875772,4099.874232708818,1797.5987554110204,1797.5987554110204,-422.439562193253,-422.439562193253,-422.439562193253,-69.0555267621158,-69.0555267621158,-69.0555267621158,-353.38403543113725,-353.38403543113725,-353.38403543113725,0.0,0.0,0.0,1375.1591932177676
2017-08-05,1798.4649756432102,-775.1834773318388,4616.048844269087,1798.4649756432102,1798.4649756432102,20.965762233529016,20.965762233529016,20.965762233529016,370.8670351123198,370.8670351123198,370.8670351123198,-349.9012728787908,-349.9012728787908,-349.9012728787908,0.0,0.0,0.0,1819.4307378767392
2017-08-06,1799.3311958754002,-1005.8959278478293,4464.468485969997,1799.3311958754002,1799.3311958754002,-215.66756994197283,-215.66756994197283,-215.66756994197283,130.75476628580873,130.75476628580873,130.75476628580873,-346.42233622778156,-346.42233622778156,-346.42233622778156,0.0,0.0,0.0,1583.6636259334273
2017-08-07,1800.1974161075905,-1130.2555610819074,4030.199238436833,1800.1974161075905,1800.1974161075905,-335.61447133444614,-335.61447133444614,-335.61447133444614,7.146619482772147,7.146619482772147,7.146619482772147,-342.76109081721836,-342.76109081721836,-342.76109081721836,0.0,0.0,0.0,1464.5829447731444
2017-08-08,1801.0636363397803,-943.5032509044678,4495.294663176677,1801.0636363397803,1801.0636363397803,8.666670907652918,8.666670907652918,8.666670907652918,347.357550789552,347.357550789552,347.357550789552,-338.6908798818991,-338.6908798818991,-338.6908798818991,0.0,0.0,0.0,1809.730307247433
2017-08-09,1801.9298565719705,-1344.1789733329258,4056.427021239813,1801.9298565719705,1801.9298565719705,-436.77586809833383,-436.77586809833383,-436.77586809833383,-102.82822581009697,-102.82822581009697,-102.82822581009697,-333.94764228823686,-333.94764228823686,-333.94764228823686,0.0,0.0,0.0,1365.1539884736367
2017-08-11,1803.6622970363503,-1443.328865641202,4455.618577305642,1803.6622970363503,1803.6622970363503,-390.2823530493356,-390.2823530493356,-390.2823530493356,-69.05552676158527,-69.05552676158527,-69.05552676158527,-321.2268262877502,-321.2268262877502,-321.2268262877502,0.0,0.0,0.0,1413.3799439870147
2017-08-12,1804.5285172685406,-709.9162931698177,4504.895643969351,1804.5285172685406,1804.5285172685406,58.28662224081113,58.28662224081113,58.28662224081113,370.8670351123479,370.8670351123479,370.8670351123479,-312.5804128715368,-312.5804128715368,-312.5804128715368,0.0,0.0,0.0,1862.8151395093516
2017-08-13,1805.3947375007308,-1007.1590299552923,4469.280023623194,1805.3947375007308,1805.3947375007308,-171.18326267614125,-171.18326267614125,-171.18326267614125,130.75476628546605,130.75476628546605,130.75476628546605,-301.93802896160736,-301.93802896160736,-301.93802896160736,0.0,0.0,0.0,1634.2114748245895
2017-08-14,1806.2609577329208,-1222.5008226086397,4294.2935493423365,1806.2609577329208,1806.2609577329208,-281.79212755161,-281.79212755161,-281.79212755161,7.146619482708721,7.146619482708721,7.146619482708721,-288.9387470343187,-288.9387470343187,-288.9387470343187,0.0,0.0,0.0,1524.4688301813108
2017-08-15,1807.1271779651106,-688.4067063507391,4470.9354935792435,1807.1271779651106,1807.1271779651106,74.13045692999577,74.13045692999577,74.13045692999577,347.3575507891061,347.3575507891061,347.3575507891061,-273.22709385911025,-273.22709385911025,-273.22709385911025,0.0,0.0,0.0,1881.2576348951063
2017-08-16,1807.9933981973008,-1262.3295164146077,4275.467805161261,1807.9933981973008,1807.9933981973008,-357.2909358189557,-357.2909358189557,-357.2909358189557,-102.8282258109287,-102.8282258109287,-102.8282258109287,-254.46271000802696,-254.46271000802696,-254.46271000802696,0.0,0.0,0.0,1450.7024623783452
2017-08-17,1808.8596184294909,-2111.200928935266,3528.529505642873,1808.8596184294909,1808.8596184294909,-916.5723644971062,-916.5723644971062,-916.5723644971062,-684.2422190991189,-684.2422190991189,-684.2422190991189,-232.33014539798745,-232.33014539798745,-232.33014539798745,0.0,0.0,0.0,892.2872539323847
2017-08-18,1809.7258386616807,-1003.7135236545106,4230.084249386043,1809.7258386616807,1809.7258386616807,-275.6040677499639,-275.6040677499639,-275.6040677499639,-69.05552676105484,-69.05552676105484,-69.05552676105484,-206.54854098890908,-206.54854098890908,-206.54854098890908,0.0,0.0,0.0,1534.1217709117168
2017-08-19,1810.592058893871,-917.9616794687498,4580.687405615958,1810.592058893871,1810.592058893871,193.98608917558548,193.98608917558548,193.98608917558548,370.86703511234487,370.86703511234487,370.86703511234487,-176.8809459367594,-176.8809459367594,-176.8809459367594,0.0,0.0,0.0,2004.5781480694563
2017-08-20,1811.458279126061,-1171.9100203803805,4557.68777211631,1811.458279126061,1811.458279126061,-12.388259177130056,-12.388259177130056,-12.388259177130056,130.7547662867927,130.7547662867927,130.7547662867927,-143.14302546392273,-143.14302546392273,-143.14302546392273,0.0,0.0,0.0,1799.0700199489308
2017-08-21,1812.3244993582507,-864.3719760265237,4619.077068181017,1812.3244993582507,1812.3244993582507,-98.0643077776364,-98.0643077776364,-98.0643077776364,7.146619482724526,7.146619482724526,7.146619482724526,-105.2109272603609,-105.2109272603609,-105.2109272603609,0.0,0.0,0.0,1714.2601915806142
2017-08-22,1813.2417071621476,-619.9024656141877,4723.634511206171,1813.2417071621476,1813.2417071621476,284.32945780336496,284.32945780336496,284.32945780336496,347.3575507893845,347.3575507893845,347.3575507893845,-63.02809298601959,-63.02809298601959,-63.02809298601959,0.0,0.0,0.0,2097.5711649655127
2017-08-23,1814.1589149660444,-1142.985163156786,4375.178679142727,1814.1589149660444,1814.1589149660444,-119.43905164905536,-119.43905164905536,-119.43905164905536,-102.82822581144048,-102.82822581144048,-102.82822581144048,-16.610825837614886,-16.610825837614886,-16.610825837614886,0.0,0.0,0.0,1694.7198633169892
2017-08-26,1816.9105383777357,-555.768082510902,5001.172183558133,1816.9105383777357,1816.9105383777357,517.5820096400776,517.5820096400776,517.5820096400776,370.86703511234623,370.86703511234623,370.86703511234623,146.71497452773139,146.71497452773139,146.71497452773139,0.0,0.0,0.0,2334.4925480178135
2017-08-27,1817.827746181633,-424.23724950980625,4873.729998036014,1817.827746181633,1817.827746181633,339.0914571268034,339.0914571268034,339.0914571268034,130.75476628645012,130.75476628645012,130.75476628645012,208.3366908403532,208.3366908403532,208.3366908403532,0.0,0.0,0.0,2156.9192033084364
2017-08-28,1818.74495398553,-692.1002744955643,4825.506522271029,1818.74495398553,1818.74495398553,280.07444298949827,280.07444298949827,280.07444298949827,7.146619483021855,7.146619483021855,7.146619483021855,272.9278235064765,272.9278235064765,272.9278235064765,0.0,0.0,0.0,2098.819396975028
2017-08-29,1819.6621617894268,-450.8791080949392,5174.122484094113,1819.6621617894268,1819.6621617894268,687.3608780702067,687.3608780702067,687.3608780702067,347.357550789663,347.357550789663,347.357550789663,340.00332728054366,340.00332728054366,340.00332728054366,0.0,0.0,0.0,2507.0230398596336
2017-08-30,1820.579369593324,-791.2100890001175,4750.775242349457,1820.579369593324,1820.579369593324,306.1818231676704,306.1818231676704,306.1818231676704,-102.82822581227218,-102.82822581227218,-102.82822581227218,409.0100489799426,409.0100489799426,409.0100489799426,0.0,0.0,0.0,2126.761192760994
2017-08-31,1821.4965773972208,-1037.2608319220524,4495.370841554787,1821.4965773972208,1821.4965773972208,-204.90842937915224,-204.90842937915224,-204.90842937915224,-684.2422190989802,-684.2422190989802,-684.2422190989802,479.33378971982796,479.33378971982796,479.33378971982796,0.0,0.0,0.0,1616.5881480180685
2017-09-01,1822.4137852011177,-561.9158594368275,5026.611363053155,1822.4137852011177,1822.4137852011177,481.2521867769229,481.2521867769229,481.2521867769229,-69.05552676146957,-69.05552676146957,-69.05552676146957,550.3077135383925,550.3077135383925,550.3077135383925,0.0,0.0,0.0,2303.6659719780405
2017-09-02,1823.3309930050145,66.15535460903666,5523.304143740451,1823.3309930050145,1823.3309930050145,992.0889709711805,992.0889709711805,992.0889709711805,370.8670351123432,370.8670351123432,370.8670351123432,621.2219358588374,621.2219358588374,621.2219358588374,0.0,0.0,0.0,2815.419963976195
2017-09-03,1824.2482008089114,87.73640449481329,5353.2597740916635,1824.2482008089114,1824.2482008089114,822.088866433281,822.088866433281,822.088866433281,130.75476628610755,130.75476628610755,130.75476628610755,691.3341001471733,691.3341001471733,691.3341001471733,0.0,0.0,0.0,2646.3370672421925
2017-09-04,1825.1654086128085,-222.97465121355614,5429.35685647508,1825.1654086128085,1825.1654086128085,767.0273506248874,767.0273506248874,767.0273506248874,7.146619483037698,7.146619483037698,7.146619483037698,759.8807311418498,759.8807311418498,759.8807311418498,0.0,0.0,0.0,2592.192759237696
2017-09-05,1826.0826164167054,290.7226355942006,5921.703199822474,1826.0826164167054,1826.0826164167054,1173.4466893167057,1173.4466893167057,1173.4466893167057,347.357550789217,347.357550789217,347.357550789217,826.0891385274888,826.0891385274888,826.0891385274888,0.0,0.0,0.0,2999.529305733411
2017-09-06,1826.9998242206022,-162.2821132204108,5244.762546549007,1826.9998242206022,1826.9998242206022,786.3614103449992,786.3614103449992,786.3614103449992,-102.82822580892439,-102.82822580892439,-102.82822580892439,889.1896361539234,889.1896361539234,889.1896361539234,0.0,0.0,0.0,2613.3612345656015
2017-09-08,1828.8342398283962,-56.73897366666423,5403.398291151062,1828.8342398283962,1828.8342398283962,934.0212751760508,934.0212751760508,934.0212751760508,-69.05552676082159,-69.05552676082159,-69.05552676082159,1003.0768019368722,1003.0768019368722,1003.0768019368722,0.0,0.0,0.0,2762.855515004447
2017-09-09,1829.751447632293,673.4448166809362,5815.038167567118,1829.751447632293,1829.751447632293,1423.3158104242964,1423.3158104242964,1423.3158104242964,370.8670351123402,370.8670351123402,370.8670351123402,1052.4487753119563,1052.4487753119563,1052.4487753119563,0.0,0.0,0.0,3253.0672580565897
2017-09-10,1830.66865543619,57.2913262356452,5584.595243817001,1830.66865543619,1830.66865543619,1226.6611260094166,1226.6611260094166,1226.6611260094166,130.75476628677305,130.75476628677305,130.75476628677305,1095.9063597226439,1095.9063597226439,1095.9063597226439,0.0,0.0,0.0,3057.3297814456064
2017-09-11,1831.5858632400873,166.90697001343096,5803.50216671979,1831.5858632400873,1831.5858632400873,1140.0194865903306,1140.0194865903306,1140.0194865903306,7.146619482692648,7.146619482692648,7.146619482692648,1132.872867107638,1132.872867107638,1132.872867107638,0.0,0.0,0.0,2971.605349830418
2017-09-12,1832.5030710439842,505.2669702436901,6118.448415900763,1832.5030710439842,1832.5030710439842,1510.1992617278154,1510.1992617278154,1510.1992617278154,347.3575507894954,347.3575507894954,347.3575507894954,1162.84171093832,1162.84171093832,1162.84171093832,0.0,0.0,0.0,3342.7023327718
2017-09-13,1833.420278847881,32.75535981950073,5788.643106515222,1833.420278847881,1833.420278847881,1082.5564498755332,1082.5564498755332,1082.5564498755332,-102.8282258097561,-102.8282258097561,-102.8282258097561,1185.3846756852893,1185.3846756852893,1185.3846756852893,0.0,0.0,0.0,2915.9767287234145
2017-09-14,1834.3374866517784,-409.42277115025007,4979.473543837032,1834.3374866517784,1834.3374866517784,515.9167226463711,515.9167226463711,515.9167226463711,-684.2422190991077,-684.2422190991077,-684.2422190991077,1200.1589417454788,1200.1589417454788,1200.1589417454788,0.0,0.0,0.0,2350.2542092981494
2017-09-15,1835.2546944556755,363.34218172729703,6004.821935313655,1835.2546944556755,1835.2546944556755,1137.8572437076673,1137.8572437076673,1137.8572437076673,-69.05552676029104,-69.05552676029104,-69.05552676029104,1206.9127704679581,1206.9127704679581,1206.9127704679581,0.0,0.0,0.0,2973.1119381633425
2017-09-16,1836.1719022595723,642.387720934112,6116.50468406058,1836.1719022595723,1836.1719022595723,1576.3568180573566,1576.3568180573566,1576.3568180573566,370.8670351122837,370.8670351122837,370.8670351122837,1205.4897829450729,1205.4897829450729,1205.4897829450729,0.0,0.0,0.0,3412.528720316929
2017-09-17,1837.0891100634692,332.18824542738815,6010.4032533288355,1837.0891100634692,1837.0891100634692,1326.5865614413317,1326.5865614413317,1326.5865614413317,130.754766286257,130.754766286257,130.754766286257,1195.8317951550748,1195.8317951550748,1195.8317951550748,0.0,0.0,0.0,3163.675671504801
2017-09-18,1838.006317867366,326.99046402127885,6054.502556840742,1838.006317867366,1838.006317867366,1185.1268195724053,1185.1268195724053,1185.1268195724053,7.146619482990025,7.146619482990025,7.146619482990025,1177.9802000894156,1177.9802000894156,1177.9802000894156,0.0,0.0,0.0,3023.1331374397714
2017-09-19,1838.9235256712632,724.8605114511552,6065.504268380514,1838.9235256712632,1838.9235256712632,1499.433464782755,1499.433464782755,1499.433464782755,347.35755078944004,347.35755078944004,347.35755078944004,1152.075913993315,1152.075913993315,1152.075913993315,0.0,0.0,0.0,3338.356990454018
2017-09-20,1839.84073347516,468.31418031223694,5855.673245821463,1839.84073347516,1839.84073347516,1015.5297023764682,1015.5297023764682,1015.5297023764682,-102.82822581026788,-102.82822581026788,-102.82822581026788,1118.3579281867362,1118.3579281867362,1118.3579281867362,0.0,0.0,0.0,2855.3704358516284
2017-09-22,1841.6751490829538,93.51662093810377,5392.358208916767,1841.6751490829538,1841.6751490829538,959.8537452780924,959.8537452780924,959.8537452780924,-69.05552676135382,-69.05552676135382,-69.05552676135382,1028.909272039446,1028.909272039446,1028.909272039446,0.0,0.0,0.0,2801.5288943610462
2017-09-23,1842.5923568868507,532.2597953638814,6053.456023995722,1842.5923568868507,1842.5923568868507,1344.9828299549297,1344.9828299549297,1344.9828299549297,370.8670351122807,370.8670351122807,370.8670351122807,974.115794842649,974.115794842649,974.115794842649,0.0,0.0,0.0,3187.57518684178
2017-09-24,1843.5095646907478,80.17509608620422,5581.666419010484,1843.5095646907478,1843.5095646907478,1044.1263653361466,1044.1263653361466,1044.1263653361466,130.75476628608791,130.75476628608791,130.75476628608791,913.3715990500585,913.3715990500585,913.3715990500585,0.0,0.0,0.0,2887.635930026894
2017-09-25,1844.4267724946446,64.47649950187817,5371.628218244985,1844.4267724946446,1844.4267724946446,854.4875174260923,854.4875174260923,854.4875174260923,7.14661948328741,7.14661948328741,7.14661948328741,847.3408979428049,847.3408979428049,847.3408979428049,0.0,0.0,0.0,2698.914289920737
2017-09-26,1845.3439802985415,461.4057006553001,5588.4703666925125,1845.3439802985415,1845.3439802985415,1124.1102163479245,1124.1102163479245,1124.1102163479245,347.3575507897185,347.3575507897185,347.3575507897185,776.752665558206,776.752665558206,776.752665558206,0.0,0.0,0.0,2969.454196646466
2017-09-27,1846.2611881024384,-610.9589387266398,5295.905278704204,1846.2611881024384,1846.2611881024384,599.5637824704734,599.5637824704734,599.5637824704734,-102.82822580948984,-102.82822580948984,-102.82822580948984,702.3920082799631,702.3920082799631,702.3920082799631,0.0,0.0,0.0,2445.8249705729118
2017-09-28,1847.1783959063357,-1096.86173635783,4515.295556419424,1847.1783959063357,1847.1783959063357,-59.15123480926015,-59.15123480926015,-59.15123480926015,-684.2422190992118,-684.2422190992118,-684.2422190992118,625.0909842899516,625.0909842899516,625.0909842899516,0.0,0.0,0.0,1788.0271610970756
2017-09-29,1848.0956037102328,-445.09440482947826,4949.450400975227,1848.0956037102328,1848.0956037102328,476.66346602317276,476.66346602317276,476.66346602317276,-69.0555267607058,-69.0555267607058,-69.0555267607058,545.7189927838785,545.7189927838785,545.7189927838785,0.0,0.0,0.0,2324.7590697334053
2017-09-30,1849.0128115141297,30.546516027046792,5588.4891433819375,1849.0128115141297,1849.0128115141297,836.0398852263564,836.0398852263564,836.0398852263564,370.8670351123399,370.8670351123399,370.8670351123399,465.17285011401634,465.17285011401634,465.17285011401634,0.0,0.0,0.0,2685.052696740486
2017-10-01,1849.930019318027,-180.50633142490304,5111.991491938041,1849.930019318027,1849.930019318027,515.1214301821485,515.1214301821485,515.1214301821485,130.75476628574535,130.75476628574535,130.75476628574535,384.36666389640317,384.36666389640317,384.36666389640317,0.0,0.0,0.0,2365.0514495001753
2017-10-02,1850.8472271219239,-489.48491560222885,5018.355921630629,1850.8472271219239,1850.8472271219239,311.36822861258986,311.36822861258986,311.36822861258986,7.146619482660862,7.146619482660862,7.146619482660862,304.221609129929,304.221609129929,304.221609129929,0.0,0.0,0.0,2162.215455734514
2017-10-03,1851.7644349258208,-252.8368116382384,5215.9689367383,1851.7644349258208,1851.7644349258208,573.0132537900939,573.0132537900939,573.0132537900939,347.3575507892158,347.3575507892158,347.3575507892158,225.65570300087825,225.65570300087825,225.65570300087825,0.0,0.0,0.0,2424.777688715915
2017-10-04,1852.7061665030317,-839.9973505323036,4805.741786161598,1852.7061665030317,1852.7061665030317,46.74544198253809,46.74544198253809,46.74544198253809,-102.82822581032158,-102.82822581032158,-102.82822581032158,149.57366779285965,149.57366779285965,149.57366779285965,0.0,0.0,0.0,1899.4516084855697
2017-10-06,1854.5896296574535,-915.099091603523,4403.624587863456,1854.5896296574535,1854.5896296574535,-60.70145218213522,-60.70145218213522,-60.70145218213522,-69.05552676005787,-69.05552676005787,-69.05552676005787,8.354074577922631,8.354074577922631,8.354074577922631,0.0,0.0,0.0,1793.8881774753183
2017-10-07,1855.531361234665,-738.4131811173971,5021.665741191438,1855.531361234665,1855.531361234665,315.7381352822548,315.7381352822548,315.7381352822548,370.86703511227904,370.86703511227904,370.86703511227904,-55.12889983002419,-55.12889983002419,-55.12889983002419,0.0,0.0,0.0,2171.26949651692
2017-10-08,1856.4730928118754,-739.7368305889314,4487.086848497615,1856.4730928118754,1856.4730928118754,17.917520875385883,17.917520875385883,17.917520875385883,130.7547662864109,130.7547662864109,130.7547662864109,-112.83724541102501,-112.83724541102501,-112.83724541102501,0.0,0.0,0.0,1874.3906136872613
2017-10-09,1857.4148243890866,-1233.971639026467,4405.404167972048,1857.4148243890866,1857.4148243890866,-156.9295736449277,-156.9295736449277,-156.9295736449277,7.1466194832397925,7.1466194832397925,7.1466194832397925,-164.0761931281675,-164.0761931281675,-164.0761931281675,0.0,0.0,0.0,1700.4852507441587
2017-10-10,1858.3565559662977,-752.331352287666,4634.070464535784,1858.3565559662977,1858.3565559662977,139.13859922945252,139.13859922945252,139.13859922945252,347.35755078916037,347.35755078916037,347.35755078916037,-208.21895155970785,-208.21895155970785,-208.21895155970785,0.0,0.0,0.0,1997.4951551957502
2017-10-11,1859.2982875435082,-1277.9917895147344,4469.643233642173,1859.2982875435082,1859.2982875435082,-347.54237764936084,-347.54237764936084,-347.54237764936084,-102.8282258105133,-102.8282258105133,-102.8282258105133,-244.71415183884753,-244.71415183884753,-244.71415183884753,0.0,0.0,0.0,1511.7559098941474
2017-10-13,1861.1817506979305,-1118.7401313882228,4219.414086937369,1861.1817506979305,1861.1817506979305,-362.0290416268124,-362.0290416268124,-362.0290416268124,-69.05552676123801,-69.05552676123801,-69.05552676123801,-292.9735148655744,-292.9735148655744,-292.9735148655744,0.0,0.0,0.0,1499.1527090711181
2017-10-14,1862.1234822751414,-731.4617161843167,4573.742364668583,1862.1234822751414,1862.1234822751414,66.79760410006557,66.79760410006557,66.79760410006557,370.8670351123071,370.8670351123071,370.8670351123071,-304.06943101224147,-304.06943101224147,-304.06943101224147,0.0,0.0,0.0,1928.921086375207
2017-10-15,1863.0652138523521,-1106.6833391091816,4712.116071304535,1863.0652138523521,1863.0652138523521,-175.43616966861015,-175.43616966861015,-175.43616966861015,130.7547662862418,130.7547662862418,130.7547662862418,-306.19093595485197,-306.19093595485197,-306.19093595485197,0.0,0.0,0.0,1687.629044183742
2017-10-16,1864.0069454295635,-1383.7905700450156,4482.435697593128,1864.0069454295635,1864.0069454295635,-292.10329948892763,-292.10329948892763,-292.10329948892763,7.146619483255576,7.146619483255576,7.146619483255576,-299.24991897218314,-299.24991897218314,-299.24991897218314,0.0,0.0,0.0,1571.903645940636
2017-10-17,1864.9486770067742,-526.3677988314838,4739.072204861608,1864.9486770067742,1864.9486770067742,64.09555029075439,64.09555029075439,64.09555029075439,347.357550789105,347.357550789105,347.357550789105,-283.2620004983506,-283.2620004983506,-283.2620004983506,0.0,0.0,0.0,1929.0442272975286
2017-10-18,1865.8904085839852,-1173.243756681518,4383.472051134097,1865.8904085839852,1865.8904085839852,-361.17604202596954,-361.17604202596954,-361.17604202596954,-102.82822580973527,-102.82822580973527,-102.82822580973527,-258.34781621623415,-258.34781621623415,-258.34781621623415,0.0,0.0,0.0,1504.7143665580156
2017-10-20,1867.773871738407,-1165.1791513320306,4318.385156944847,1867.773871738407,1867.773871738407,-251.80315083798808,-251.80315083798808,-251.80315083798808,-69.05552676218329,-69.05552676218329,-69.05552676218329,-182.7476240758048,-182.7476240758048,-182.7476240758048,0.0,0.0,0.0,1615.9707209004189
2017-10-21,1868.715603315618,-523.8074978082965,4793.253529230568,1868.715603315618,1868.715603315618,238.0444745489229,238.0444745489229,238.0444745489229,370.8670351123352,370.8670351123352,370.8670351123352,-132.82256056341234,-132.82256056341234,-132.82256056341234,0.0,0.0,0.0,2106.760077864541
2017-10-22,1869.657334892829,-655.0392286662244,4682.345320750334,1869.657334892829,1869.657334892829,55.26791915397519,55.26791915397519,55.26791915397519,130.75476628572574,130.75476628572574,130.75476628572574,-75.48684713175054,-75.48684713175054,-75.48684713175054,0.0,0.0,0.0,1924.9252540468044
2017-10-23,1870.59906647004,-926.4194000404032,4481.874679426211,1870.59906647004,1870.59906647004,-4.215277559950957,-4.215277559950957,-4.215277559950957,7.146619483552964,7.146619483552964,7.146619483552964,-11.361897043503918,-11.361897043503918,-11.361897043503918,0.0,0.0,0.0,1866.3837889100892
2017-10-24,1871.5407980472512,-451.3946839915963,5021.560373386366,1871.5407980472512,1871.5407980472512,406.202531694606,406.202531694606,406.202531694606,347.3575507893267,347.3575507893267,347.3575507893267,58.8449809052793,58.8449809052793,58.8449809052793,0.0,0.0,0.0,2277.7433297418575
2017-10-25,1872.4825296244621,-1200.2593486846158,4431.974032889348,1872.4825296244621,1872.4825296244621,31.520342390539827,31.520342390539827,31.520342390539827,-102.82822581024702,-102.82822581024702,-102.82822581024702,134.34856820078687,134.34856820078687,134.34856820078687,0.0,0.0,0.0,1904.002872015002
2017-10-27,1874.365992778884,-797.7991364493038,5015.105253946561,1874.365992778884,1874.365992778884,228.71724270948988,228.71724270948988,228.71724270948988,-69.05552676165277,-69.05552676165277,-69.05552676165277,297.7727694711427,297.7727694711427,297.7727694711427,0.0,0.0,0.0,2103.0832354883737
2017-10-28,1875.307724356095,-61.42647049322009,5474.384106493642,1875.307724356095,1875.307724356095,754.6908387857217,754.6908387857217,754.6908387857217,370.8670351123632,370.8670351123632,370.8670351123632,383.8238036733585,383.8238036733585,383.8238036733585,0.0,0.0,0.0,2629.9985631418167
2017-10-29,1876.249455933306,-394.9205916428459,5369.299798685161,1876.249455933306,1876.249455933306,602.2118842898863,602.2118842898863,602.2118842898863,130.7547662863912,130.7547662863912,130.7547662863912,471.4571180034951,471.4571180034951,471.4571180034951,0.0,0.0,0.0,2478.4613402231926
2017-10-30,1877.191187510517,-400.5555963842357,5093.886303715344,1877.191187510517,1877.191187510517,566.8088861029614,566.8088861029614,566.8088861029614,7.146619482565574,7.146619482565574,7.146619482565574,559.6622666203959,559.6622666203959,559.6622666203959,0.0,0.0,0.0,2444.0000736134784
2017-10-31,1878.1329190877277,25.69301085869896,5521.67320547358,1878.1329190877277,1878.1329190877277,994.7815335764557,994.7815335764557,994.7815335764557,347.35755078927133,347.35755078927133,347.35755078927133,647.4239827871843,647.4239827871843,647.4239827871843,0.0,0.0,0.0,2872.9144526641835
2017-11-01,1879.0746506649389,-190.93404929973968,5241.781074324394,1879.0746506649389,1879.0746506649389,630.909044799071,630.909044799071,630.909044799071,-102.82822581075874,-102.82822581075874,-102.82822581075874,733.7372706098298,733.7372706098298,733.7372706098298,0.0,0.0,0.0,2509.98369546401
2017-11-03,1880.9581138193605,22.40988581187667,5278.425390785524,1880.9581138193605,1880.9581138193605,829.086704652654,829.086704652654,829.086704652654,-69.05552676259803,-69.05552676259803,-69.05552676259803,898.142231415252,898.142231415252,898.142231415252,0.0,0.0,0.0,2710.0448184720144
2017-11-04,1881.899845396572,443.7159814071928,5945.771451639225,1881.899845396572,1881.899845396572,1345.2805580365614,1345.2805580365614,1345.2805580365614,370.8670351123024,370.8670351123024,370.8670351123024,974.4135229242588,974.4135229242588,974.4135229242588,0.0,0.0,0.0,3227.1804034331335
2017-11-05,1882.841576973783,384.75380472792426,5681.134173080596,1882.841576973783,1882.841576973783,1176.3801357193156,1176.3801357193156,1176.3801357193156,130.75476628604864,130.75476628604864,130.75476628604864,1045.6253694332668,1045.6253694332668,1045.6253694332668,0.0,0.0,0.0,3059.2217126930987
2017-11-06,1883.7833085509935,372.4985000992701,5680.859431536019,1883.7833085509935,1883.7833085509935,1118.1976478257618,1118.1976478257618,1118.1976478257618,7.1466194828629535,7.1466194828629535,7.1466194828629535,1111.0510283428987,1111.0510283428987,1111.0510283428987,0.0,0.0,0.0,3001.9809563767553
2017-11-07,1884.7250401282047,844.5364343224686,6004.3956594680585,1884.7250401282047,1884.7250401282047,1517.4184469096274,1517.4184469096274,1517.4184469096274,347.3575507895498,347.3575507895498,347.3575507895498,1170.0608961200778,1170.0608961200778,1170.0608961200778,0.0,0.0,0.0,3402.143487037832
2017-11-08,1885.6667717054158,182.84859321954258,5719.449668969276,1885.6667717054158,1885.6667717054158,1119.3054260085685,1119.3054260085685,1119.3054260085685,-102.82822581127047,-102.82822581127047,-102.82822581127047,1222.1336518198389,1222.1336518198389,1222.1336518198389,0.0,0.0,0.0,3004.9721977139843
2017-11-09,1886.6085032826263,-263.16186424434994,5132.982516721027,1886.6085032826263,1886.6085032826263,582.623451994182,582.623451994182,582.623451994182,-684.2422190988193,-684.2422190988193,-684.2422190988193,1266.865671093001,1266.865671093001,1266.865671093001,0.0,0.0,0.0,2469.2319552768085
2017-11-10,1887.5502348598375,395.71905916884606,5813.582904095552,1887.5502348598375,1887.5502348598375,1234.9229256642604,1234.9229256642604,1234.9229256642604,-69.05552676206753,-69.05552676206753,-69.05552676206753,1303.9784524263282,1303.9784524263282,1303.9784524263282,0.0,0.0,0.0,3122.4731605240977
2017-11-11,1888.4919664370489,748.2318394372548,6394.969269714126,1888.4919664370489,1888.4919664370489,1704.1908625319545,1704.1908625319545,1704.1908625319545,370.8670351123305,370.8670351123305,370.8670351123305,1333.323827419624,1333.323827419624,1333.323827419624,0.0,0.0,0.0,3592.6828289690034
2017-11-12,1889.4336980142596,605.6037599436318,6259.817343386963,1889.4336980142596,1889.4336980142596,1485.6415306222798,1485.6415306222798,1485.6415306222798,130.7547662857061,130.7547662857061,130.7547662857061,1354.8867643365736,1354.8867643365736,1354.8867643365736,0.0,0.0,0.0,3375.0752286365396
2017-11-13,1890.3754295914705,347.87692338342214,6085.473643608371,1890.3754295914705,1890.3754295914705,1375.9322379471753,1375.9322379471753,1375.9322379471753,7.146619483160343,7.146619483160343,7.146619483160343,1368.7856184640148,1368.7856184640148,1368.7856184640148,0.0,0.0,0.0,3266.3076675386455
2017-11-14,1891.3171611686817,972.1526815559162,6350.589620476654,1891.3171611686817,1891.3171611686817,1722.6272839545973,1722.6272839545973,1722.6272839545973,347.3575507891038,347.3575507891038,347.3575507891038,1375.2697331654933,1375.2697331654933,1375.2697331654933,0.0,0.0,0.0,3613.944445123279
2017-11-15,1892.2588927458924,455.85962028593445,5888.997876778813,1892.2588927458924,1892.2588927458924,1271.8861251554445,1271.8861251554445,1271.8861251554445,-102.82822581049244,-102.82822581049244,-102.82822581049244,1374.714350965937,1374.714350965937,1374.714350965937,0.0,0.0,0.0,3164.145017901337
2017-11-16,1893.2006243231033,-227.40759823110662,5227.660840286365,1893.2006243231033,1893.2006243231033,683.3706342362382,683.3706342362382,683.3706342362382,-684.2422190991024,-684.2422190991024,-684.2422190991024,1367.6128533353406,1367.6128533353406,1367.6128533353406,0.0,0.0,0.0,2576.5712585593415
2017-11-17,1894.1463722234832,349.7911451500396,5886.212772721641,1894.1463722234832,1894.1463722234832,1285.510882959881,1285.510882959881,1285.510882959881,-69.0555267614196,-69.0555267614196,-69.0555267614196,1354.5664097213003,1354.5664097213003,1354.5664097213003,0.0,0.0,0.0,3179.657255183364
2017-11-18,1895.0921201238625,925.310100057672,6472.3790539218135,1895.0921201238625,1895.0921201238625,1707.13821440207,1707.13821440207,1707.13821440207,370.86703511232747,370.86703511232747,370.86703511232747,1336.2711792897426,1336.2711792897426,1336.2711792897426,0.0,0.0,0.0,3602.2303345259324
2017-11-19,1896.0378680242425,931.8825131561746,6167.6661768791155,1896.0378680242425,1896.0378680242425,1444.2580374780255,1444.2580374780255,1444.2580374780255,130.75476628536353,130.75476628536353,130.75476628536353,1313.5032711926617,1313.5032711926617,1313.5032711926617,0.0,0.0,0.0,3340.295905502268
2017-11-20,1896.983615924622,499.21241747946,5810.386034531288,1896.983615924622,1896.983615924622,1294.2483487938412,1294.2483487938412,1294.2483487938412,7.146619482815329,7.146619482815329,7.146619482815329,1287.1017293110258,1287.1017293110258,1287.1017293110258,0.0,0.0,0.0,3191.231964718463
2017-11-21,1897.9293638250015,743.022887467028,6152.714750592892,1897.9293638250015,1897.9293638250015,1605.3074144456996,1605.3074144456996,1605.3074144456996,347.3575507893823,347.3575507893823,347.3575507893823,1257.9498636563173,1257.9498636563173,1257.9498636563173,0.0,0.0,0.0,3503.236778270701
2017-11-22,1898.8751117253814,483.9155565142694,5825.938790426827,1898.8751117253814,1898.8751117253814,1124.12707549359,1124.12707549359,1124.12707549359,-102.82822581100422,-102.82822581100422,-102.82822581100422,1226.955301304594,1226.955301304594,1226.955301304594,0.0,0.0,0.0,3023.0021872189714
2017-11-23,1899.8208596257607,-453.0712195903751,5198.470759967738,1899.8208596257607,1899.8208596257607,510.7869542139558,510.7869542139558,510.7869542139558,-684.2422190989234,-684.2422190989234,-684.2422190989234,1195.029173312879,1195.029173312879,1195.029173312879,0.0,0.0,0.0,2410.6078138397165
2017-11-24,1900.7666075261407,390.1456286057809,5608.775408343902,1900.7666075261407,1900.7666075261407,1094.0093623383511,1094.0093623383511,1094.0093623383511,-69.05552676077158,-69.05552676077158,-69.05552676077158,1163.0648890991229,1163.0648890991229,1163.0648890991229,0.0,0.0,0.0,2994.775969864492
2017-11-25,1901.7123554265204,763.7108303902394,6259.752135619733,1901.7123554265204,1901.7123554265204,1502.784010092718,1502.784010092718,1502.784010092718,370.86703511232884,370.86703511232884,370.86703511232884,1131.9169749803893,1131.9169749803893,1131.9169749803893,0.0,0.0,0.0,3404.4963655192387
2017-11-26,1902.6581033269,433.86034101065087,5958.005195290752,1902.6581033269,1902.6581033269,1233.1352341923885,1233.1352341923885,1233.1352341923885,130.75476628602905,130.75476628602905,130.75476628602905,1102.3804679063592,1102.3804679063592,1102.3804679063592,0.0,0.0,0.0,3135.7933375192883
2017-11-27,1903.6038512272794,225.85322646693461,5698.414237898229,1903.6038512272794,1903.6038512272794,1082.3179775927601,1082.3179775927601,1082.3179775927601,7.146619482831124,7.146619482831124,7.146619482831124,1075.1713581099289,1075.1713581099289,1075.1713581099289,0.0,0.0,0.0,2985.9218288200395
2017-11-28,1904.5495991276591,418.16586128864463,6107.2294560492865,1904.5495991276591,1904.5495991276591,1398.266115678179,1398.266115678179,1398.266115678179,347.35755078932687,347.35755078932687,347.35755078932687,1050.908564888852,1050.908564888852,1050.908564888852,0.0,0.0,0.0,3302.815714805838
2017-11-29,1905.4953470280386,224.87880702734964,5600.390764301921,1905.4953470280386,1905.4953470280386,927.2696820360921,927.2696820360921,927.2696820360921,-102.82822581183594,-102.82822581183594,-102.82822581183594,1030.097907847928,1030.097907847928,1030.097907847928,0.0,0.0,0.0,2832.765029064131
2017-11-30,1906.4410949284181,-573.39878873516,4898.288851272465,1906.4410949284181,1906.4410949284181,328.8762826680996,328.8762826680996,328.8762826680996,-684.2422190989638,-684.2422190989638,-684.2422190989638,1013.1185017670634,1013.1185017670634,1013.1185017670634,0.0,0.0,0.0,2235.317377596518
2017-12-01,1907.386842828798,116.54895231535329,5594.772015789906,1907.386842828798,1907.386842828798,931.1564305252825,931.1564305252825,931.1564305252825,-69.0555267618343,-69.0555267618343,-69.0555267618343,1000.2119572871167,1000.2119572871167,1000.2119572871167,0.0,0.0,0.0,2838.5432733540806
2017-12-02,1908.3325907291774,558.0965194533925,6158.405390522119,1908.3325907291774,1908.3325907291774,1362.341747701788,1362.341747701788,1362.341747701788,370.8670351123258,370.8670351123258,370.8670351123258,991.474712589462,991.474712589462,991.474712589462,0.0,0.0,0.0,3270.6743384309657
2017-12-03,1909.2783386295573,286.5466322816794,6008.995320627626,1909.2783386295573,1909.2783386295573,1117.6085205895804,1117.6085205895804,1117.6085205895804,130.75476628634752,130.75476628634752,130.75476628634752,986.8537543032332,986.8537543032332,986.8537543032332,0.0,0.0,0.0,3026.8868592191375
2017-12-04,1910.2240865299368,244.00231565552886,5636.481250936685,1910.2240865299368,1910.2240865299368,993.2925298852787,993.2925298852787,993.2925298852787,7.146619482846959,7.146619482846959,7.146619482846959,986.1459104024316,986.1459104024316,986.1459104024316,0.0,0.0,0.0,2903.5166164152156
2017-12-05,1911.1698344303165,596.6311585257681,5953.629797952964,1911.1698344303165,1911.1698344303165,1336.3583663225259,1336.3583663225259,1336.3583663225259,347.3575507892715,347.3575507892715,347.3575507892715,989.0008155332541,989.0008155332541,989.0008155332541,0.0,0.0,0.0,3247.528200752842
2017-12-06,1912.115582330696,172.85676211154606,5347.44195424088,1912.115582330696,1912.115582330696,892.0993361441035,892.0993361441035,892.0993361441035,-102.8282258104179,-102.8282258104179,-102.8282258104179,994.9275619545213,994.9275619545213,994.9275619545213,0.0,0.0,0.0,2804.2149184747996
2017-12-08,1914.0070781314555,111.05764429137773,5568.722209238009,1914.0070781314555,1914.0070781314555,944.3397078875201,944.3397078875201,944.3397078875201,-69.0555267613038,-69.0555267613038,-69.0555267613038,1013.3952346488239,1013.3952346488239,1013.3952346488239,0.0,0.0,0.0,2858.3467860189758
2017-12-09,1914.9528260318348,617.535054386815,5893.840556743423,1914.9528260318348,1914.9528260318348,1395.22795411078,1395.22795411078,1395.22795411078,370.8670351123539,370.8670351123539,370.8670351123539,1024.360918998426,1024.360918998426,1024.360918998426,0.0,0.0,0.0,3310.180780142615
2017-12-10,1915.8985739322147,381.77000907475633,5661.827368040451,1915.8985739322147,1915.8985739322147,1166.0393404221236,1166.0393404221236,1166.0393404221236,130.75476628617844,130.75476628617844,130.75476628617844,1035.2845741359451,1035.2845741359451,1035.2845741359451,0.0,0.0,0.0,3081.9379143543383
2017-12-11,1916.844321832594,310.894538555071,5665.619554528067,1916.844321832594,1916.844321832594,1052.33756379232,1052.33756379232,1052.33756379232,7.146619482501958,7.146619482501958,7.146619482501958,1045.1909443098184,1045.1909443098184,1045.1909443098184,0.0,0.0,0.0,2969.181885624914
2017-12-12,1917.790069732974,674.7140973485472,6072.801591944195,1917.790069732974,1917.790069732974,1400.4285907026783,1400.4285907026783,1400.4285907026783,347.3575507891593,347.3575507891593,347.3575507891593,1053.0710399135191,1053.0710399135191,1053.0710399135191,0.0,0.0,0.0,3318.218660435652
2017-12-13,1918.7358176333535,84.81103384507615,5618.677224324112,1918.7358176333535,1918.7358176333535,955.0793787329358,955.0793787329358,955.0793787329358,-102.82822580931987,-102.82822580931987,-102.82822580931987,1057.9076045422557,1057.9076045422557,1057.9076045422557,0.0,0.0,0.0,2873.8151963662895
2017-12-14,1919.6815655337332,-444.49882609568874,4999.0271324107125,1919.6815655337332,1919.6815655337332,374.45914959453467,374.45914959453467,374.45914959453467,-684.2422190990912,-684.2422190990912,-684.2422190990912,1058.701368693626,1058.701368693626,1058.701368693626,0.0,0.0,0.0,2294.140715128268
2017-12-15,1920.6273134341131,42.7305124685917,5599.502811247453,1920.6273134341131,1920.6273134341131,985.4419335850355,985.4419335850355,985.4419335850355,-69.05552676077332,-69.05552676077332,-69.05552676077332,1054.4974603458088,1054.4974603458088,1054.4974603458088,0.0,0.0,0.0,2906.069247019149
2017-12-16,1921.5730613344922,560.2643238305263,6016.622161152245,1921.5730613344922,1921.5730613344922,1415.278359681162,1415.278359681162,1415.278359681162,370.867035112382,370.867035112382,370.867035112382,1044.4113245687802,1044.4113245687802,1044.4113245687802,0.0,0.0,0.0,3336.8514210156545
2017-12-17,1922.5188092348722,477.15449009133175,6165.128252461951,1922.5188092348722,1922.5188092348722,1158.4082684475538,1158.4082684475538,1158.4082684475538,130.75476628649696,130.75476628649696,130.75476628649696,1027.6535021610566,1027.6535021610566,1027.6535021610566,0.0,0.0,0.0,3080.927077682426
2017-12-18,1923.4645571352519,131.4924871828684,5509.797523434473,1923.4645571352519,1923.4645571352519,1010.6992509707835,1010.6992509707835,1010.6992509707835,7.146619482799339,7.146619482799339,7.146619482799339,1003.552631487984,1003.552631487984,1003.552631487984,0.0,0.0,0.0,2934.1638081060355
2017-12-19,1924.4103050356314,510.6529104066573,5902.286225685502,1924.4103050356314,1924.4103050356314,1318.9336190246836,1318.9336190246836,1318.9336190246836,347.3575507894378,347.3575507894378,347.3575507894378,971.5760682352461,971.5760682352461,971.5760682352461,0.0,0.0,0.0,3243.3439240603147
2017-12-20,1925.3560529360109,278.8770688619574,5479.805781436162,1925.3560529360109,1925.3560529360109,828.5193384536557,828.5193384536557,828.5193384536557,-102.82822580983162,-102.82822580983162,-102.82822580983162,931.3475642634872,931.3475642634872,931.3475642634872,0.0,0.0,0.0,2753.8753913896667
2017-12-22,1927.24754873677,67.56603815582622,5416.673079405325,1927.24754873677,1927.24754873677,756.4377800206686,756.4377800206686,756.4377800206686,-69.05552676183603,-69.05552676183603,-69.05552676183603,825.4933067825048,825.4933067825048,825.4933067825048,0.0,0.0,0.0,2683.6853287574386
2017-12-23,1928.1932966371496,285.0102712156339,5872.9189438458525,1928.1932966371496,1928.1932966371496,1130.872605279582,1130.872605279582,1130.872605279582,370.8670351123522,370.8670351123522,370.8670351123522,760.0055701672298,760.0055701672298,760.0055701672298,0.0,0.0,0.0,3059.0659019167315
2017-12-24,1929.1390445375298,226.42245398576313,5498.612070348725,1929.1390445375298,1929.1390445375298,817.3046353048233,817.3046353048233,817.3046353048233,130.75476628632788,130.75476628632788,130.75476628632788,686.5498690184953,686.5498690184953,686.5498690184953,0.0,0.0,0.0,2746.443679842353
2017-12-25,1930.0847924379088,-122.55796862983597,5363.322017004191,1930.0847924379088,1930.0847924379088,612.8105478725403,612.8105478725403,612.8105478725403,7.146619483096678,7.146619483096678,7.146619483096678,605.6639283894436,605.6639283894436,605.6639283894436,0.0,0.0,0.0,2542.8953403104492
2017-12-26,1931.0305403382888,193.10932356892604,5744.466358327287,1931.0305403382888,1931.0305403382888,865.4217920364989,865.4217920364989,865.4217920364989,347.35755078971624,347.35755078971624,347.35755078971624,518.0642412467828,518.0642412467828,518.0642412467828,0.0,0.0,0.0,2796.4523323747876
2017-12-27,1931.976288238668,-478.4563428779122,4814.626817135772,1931.976288238668,1931.976288238668,321.805968915352,321.805968915352,321.805968915352,-102.82822580905358,-102.82822580905358,-102.82822580905358,424.6341947244055,424.6341947244055,424.6341947244055,0.0,0.0,0.0,2253.78225715402
2017-12-29,1933.8677864991973,-755.1034550600057,4921.721801372716,1933.8677864991973,1933.8677864991973,155.49463241836128,155.49463241836128,155.49463241836128,-69.05552676118803,-69.05552676118803,-69.05552676118803,224.5501591795493,224.5501591795493,224.5501591795493,0.0,0.0,0.0,2089.3624189175584
2017-12-30,1934.8135356294622,-284.46826730253895,5014.517744084457,1934.8135356294622,1934.8135356294622,491.19967844758395,491.19967844758395,491.19967844758395,370.86703511232247,370.86703511232247,370.86703511232247,120.33264333526152,120.33264333526152,120.33264333526152,0.0,0.0,0.0,2426.013214077046
2017-12-31,1935.7592847597264,-643.0089424091216,4880.336808938145,1935.7592847597264,1935.7592847597264,145.86214429306543,145.86214429306543,145.86214429306543,130.7547662859854,130.7547662859854,130.7547662859854,15.107378007080028,15.107378007080028,15.107378007080028,0.0,0.0,0.0,2081.621429052792
2018-01-01,1936.7050338899915,-856.1100343703458,4484.4727884741205,1936.7050338899915,1936.7050338899915,-82.5758225877976,-82.5758225877976,-82.5758225877976,7.146619483112464,7.146619483112464,7.146619483112464,-89.72244207091009,-89.72244207091009,-89.72244207091009,0.0,0.0,0.0,1854.1292113021939
2018-01-02,1937.6507830202556,-516.0640557107847,4988.002240273283,1937.6507830202556,1937.6507830202556,154.62426053267893,154.62426053267893,154.62426053267893,347.35755078960415,347.35755078960415,347.35755078960415,-192.7332902569252,-192.7332902569252,-192.7332902569252,0.0,0.0,0.0,2092.2750435529347
2018-01-03,1938.5965321505207,-1273.8555931530195,4278.155145727336,1938.5965321505207,1938.5965321505207,-395.34141327981223,-395.34141327981223,-395.34141327981223,-102.8282258095653,-102.8282258095653,-102.8282258095653,-292.51318747024686,-292.51318747024686,-292.51318747024686,0.0,0.0,0.0,1543.2551188707084
2018-01-06,1941.4337795413142,-1050.640826784929,4451.844695087963,1941.4337795413142,1941.4337795413142,-188.3241426908261,-188.3241426908261,-188.3241426908261,370.86703511235055,370.86703511235055,370.86703511235055,-559.1911778031767,-559.1911778031767,-559.1911778031767,0.0,0.0,0.0,1753.109636850488
2018-01-07,1942.379528671579,-1587.1743030364937,4165.509136395066,1942.379528671579,1942.379528671579,-502.5123240892099,-502.5123240892099,-502.5123240892099,130.75476628665086,130.75476628665086,130.75476628665086,-633.2670903758608,-633.2670903758608,-633.2670903758608,0.0,0.0,0.0,1439.8672045823691
2018-01-08,1943.3252778018432,-1455.1262796043957,3938.587142944046,1943.3252778018432,1943.3252778018432,-691.1693733782179,-691.1693733782179,-691.1693733782179,7.146619483049055,7.146619483049055,7.146619483049055,-698.315992861267,-698.315992861267,-698.315992861267,0.0,0.0,0.0,1252.1559044236253
2018-01-09,1944.2710269321083,-1381.8200850094856,4366.23605173295,1944.2710269321083,1944.2710269321083,-406.26775072200587,-406.26775072200587,-406.26775072200587,347.3575507895487,347.3575507895487,347.3575507895487,-753.6253015115547,-753.6253015115547,-753.6253015115547,0.0,0.0,0.0,1538.0032762101023
2018-01-12,1947.1082743229017,-1632.3435349871763,3866.9933739782837,1947.1082743229017,1947.1082743229017,-926.1136197012427,-926.1136197012427,-926.1136197012427,-69.05552676000961,-69.05552676000961,-69.05552676000961,-857.0580929412329,-857.0580929412329,-857.0580929412329,0.0,0.0,0.0,1020.994654621659
2018-01-13,1948.0540234531666,-1374.8259848628277,4108.206643145943,1948.0540234531666,1948.0540234531666,-499.57857758352344,-499.57857758352344,-499.57857758352344,370.86703511228967,370.86703511228967,370.86703511228967,-870.4456126958131,-870.4456126958131,-870.4456126958131,0.0,0.0,0.0,1448.4754458696432
2018-01-14,1948.9997725834312,-1508.2015241100664,4014.950593952037,1948.9997725834312,1948.9997725834312,-742.9630712386853,-742.9630712386853,-742.9630712386853,130.75476628630832,130.75476628630832,130.75476628630832,-873.7178375249936,-873.7178375249936,-873.7178375249936,0.0,0.0,0.0,1206.0367013447458
2018-01-15,1949.9455217136958,-1568.8807075040654,3870.318926687132,1949.9455217136958,1949.9455217136958,-860.3136226283874,-860.3136226283874,-860.3136226283874,7.146619483064885,7.146619483064885,7.146619483064885,-867.4602421114522,-867.4602421114522,-867.4602421114522,0.0,0.0,0.0,1089.6318990853083
2018-01-16,1950.8912708439605,-1557.0961961959329,4195.493698774719,1950.8912708439605,1950.8912708439605,-505.1041652378036,-505.1041652378036,-505.1041652378036,347.3575507891027,347.3575507891027,347.3575507891027,-852.4617160269064,-852.4617160269064,-852.4617160269064,0.0,0.0,0.0,1445.7871056061567
2018-01-19,1953.7285182347543,-1577.7324747116231,3844.0806925339703,1953.7285182347543,1953.7285182347543,-834.6180286193447,-834.6180286193447,-834.6180286193447,-69.05552676095483,-69.05552676095483,-69.05552676095483,-765.56250185839,-765.56250185839,-765.56250185839,0.0,0.0,0.0,1119.1104896154097
2018-01-20,1954.6742673650187,-1038.5024603616926,4379.237064885122,1954.6742673650187,1954.6742673650187,-355.98646546452864,-355.98646546452864,-355.98646546452864,370.86703511234884,370.86703511234884,370.86703511234884,-726.8535005768774,-726.8535005768774,-726.8535005768774,0.0,0.0,0.0,1598.68780190049
2018-01-21,1955.6200164952834,-1347.6839020466393,4228.887138931613,1955.6200164952834,1955.6200164952834,-554.8834316889757,-554.8834316889757,-554.8834316889757,130.75476628596576,130.75476628596576,130.75476628596576,-685.6381979749415,-685.6381979749415,-685.6381979749415,0.0,0.0,0.0,1400.7365848063077
2018-01-22,1956.565765625548,-1293.3423450201935,4119.699331122911,1956.565765625548,1956.565765625548,-636.2708090643248,-636.2708090643248,-636.2708090643248,7.146619483362233,7.146619483362233,7.146619483362233,-643.417428547687,-643.417428547687,-643.417428547687,0.0,0.0,0.0,1320.2949565612232
2018-01-23,1957.5115147558126,-1032.7843109099756,4444.704965508589,1957.5115147558126,1957.5115147558126,-254.33944350312987,-254.33944350312987,-254.33944350312987,347.3575507893244,347.3575507893244,347.3575507893244,-601.6969942924543,-601.6969942924543,-601.6969942924543,0.0,0.0,0.0,1703.1720712526828
2018-01-24,1958.4572638860773,-1476.6558665576924,3972.5934396743583,1958.4572638860773,1958.4572638860773,-664.7796195634473,-664.7796195634473,-664.7796195634473,-102.82822580981075,-102.82822580981075,-102.82822580981075,-561.9513937536366,-561.9513937536366,-561.9513937536366,0.0,0.0,0.0,1293.67764432263
2018-01-26,1960.3487621466065,-1218.7859079667285,4289.469335939926,1960.3487621466065,1960.3487621466065,-562.9683406439714,-562.9683406439714,-562.9683406439714,-69.055526762135,-69.055526762135,-69.055526762135,-493.9128138818364,-493.9128138818364,-493.9128138818364,0.0,0.0,0.0,1397.3804215026353
2018-01-27,1961.294511276871,-929.8878328804861,4713.579626345728,1961.294511276871,1961.294511276871,-97.23084353139154,-97.23084353139154,-97.23084353139154,370.8670351123459,370.8670351123459,370.8670351123459,-468.09787864373743,-468.09787864373743,-468.09787864373743,0.0,0.0,0.0,1864.0636677454795
2018-01-28,1962.2402604071356,-1460.454292025228,4354.39297284346,1962.2402604071356,1962.2402604071356,-318.39765520326114,-318.39765520326114,-318.39765520326114,130.75476628562313,130.75476628562313,130.75476628562313,-449.1524214888842,-449.1524214888842,-449.1524214888842,0.0,0.0,0.0,1643.8426052038744
2018-01-29,1963.1860095374002,-1476.9116614234024,4240.85778855,1963.1860095374002,1963.1860095374002,-430.75056585886153,-430.75056585886153,-430.75056585886153,7.146619482735722,7.146619482735722,7.146619482735722,-437.89718534159726,-437.89718534159726,-437.89718534159726,0.0,0.0,0.0,1532.4354436785386
2018-01-30,1964.1317586676648,-751.7161880220201,4626.091958660645,1964.1317586676648,1964.1317586676648,-87.58580391991602,-87.58580391991602,-87.58580391991602,347.35755078926906,347.35755078926906,347.35755078926906,-434.94335470918503,-434.94335470918503,-434.94335470918503,0.0,0.0,0.0,1876.5459547477487
2018-02-02,1966.9690060584587,-1385.9452973227137,4313.086597620056,1966.9690060584587,1966.9690060584587,-547.6119103778257,-547.6119103778257,-547.6119103778257,-69.05552676136955,-69.05552676136955,-69.05552676136955,-478.5563836164559,-478.5563836164559,-478.5563836164559,0.0,0.0,0.0,1419.357095680633
2018-02-03,1967.9147551887236,-723.5037929195458,4715.510237785609,1967.9147551887236,1967.9147551887236,-139.40912278767644,-139.40912278767644,-139.40912278767644,370.86703511228495,370.86703511228495,370.86703511228495,-510.27615789996145,-510.27615789996145,-510.27615789996145,0.0,0.0,0.0,1828.505632401047
2018-02-04,1968.8605043189878,-1239.2489937178489,4326.383488271867,1968.8605043189878,1968.8605043189878,-419.0804830843327,-419.0804830843327,-419.0804830843327,130.75476628628866,130.75476628628866,130.75476628628866,-549.8352493706213,-549.8352493706213,-549.8352493706213,0.0,0.0,0.0,1549.7800212346551
2018-02-05,1969.8062534492528,-1292.2967395742496,4031.0233526936768,1969.8062534492528,1969.8062534492528,-589.2951281130734,-589.2951281130734,-589.2951281130734,7.146619483033015,7.146619483033015,7.146619483033015,-596.4417475961063,-596.4417475961063,-596.4417475961063,0.0,0.0,0.0,1380.5111253361795
2018-02-06,1970.752002579517,-1059.5639946174038,4543.9398457322595,1970.752002579517,1970.752002579517,-301.74087669248667,-301.74087669248667,-301.74087669248667,347.35755078954753,347.35755078954753,347.35755078954753,-649.0984274820343,-649.0984274820343,-649.0984274820343,0.0,0.0,0.0,1669.0111258870304
2018-02-09,1973.5892499703114,-1619.2727485920616,3787.111924629286,1973.5892499703114,1973.5892499703114,-899.8765690123636,-899.8765690123636,-899.8765690123636,-69.05552676254976,-69.05552676254976,-69.05552676254976,-830.8210422498139,-830.8210422498139,-830.8210422498139,0.0,0.0,0.0,1073.7126809579477
2018-02-10,1974.5349991005755,-1444.9554488839087,4178.874409959715,1974.5349991005755,1974.5349991005755,-523.6104591568313,-523.6104591568313,-523.6104591568313,370.8670351123131,370.8670351123131,370.8670351123131,-894.4774942691444,-894.4774942691444,-894.4774942691444,0.0,0.0,0.0,1450.924539943744
2018-02-11,1975.4807482308404,-1561.3840616031885,3826.9878446453063,1975.4807482308404,1975.4807482308404,-826.2946308548749,-826.2946308548749,-826.2946308548749,130.75476628577258,130.75476628577258,130.75476628577258,-957.0493971406474,-957.0493971406474,-957.0493971406474,0.0,0.0,0.0,1149.1861173759655
2018-02-13,1977.3722464913697,-1516.0328274956248,4060.2972391972157,1977.3722464913697,1977.3722464913697,-725.1107589289967,-725.1107589289967,-725.1107589289967,347.3575507891583,347.3575507891583,347.3575507891583,-1072.468309718155,-1072.468309718155,-1072.468309718155,0.0,0.0,0.0,1252.261487562373
2018-02-16,1980.209493882163,-2058.319156399808,3405.491885039157,1980.209493882163,1980.209493882163,-1267.4246706237939,-1267.4246706237939,-1267.4246706237939,-69.05552676190179,-69.05552676190179,-69.05552676190179,-1198.3691438618919,-1198.3691438618919,-1198.3691438618919,0.0,0.0,0.0,712.7848232583692
2018-02-17,1981.155243012428,-1570.5398824141128,3886.849297141308,1981.155243012428,1981.155243012428,-851.5283353524463,-851.5283353524463,-851.5283353524463,370.86703511231,370.86703511231,370.86703511231,-1222.3953704647565,-1222.3953704647565,-1222.3953704647565,0.0,0.0,0.0,1129.6269076599815
2018-02-18,1982.1009921426923,-1885.1525859072617,3822.856459885187,1982.1009921426923,1982.1009921426923,-1104.9377622154639,-1104.9377622154639,-1104.9377622154639,130.75476628560355,130.75476628560355,130.75476628560355,-1235.6925285010675,-1235.6925285010675,-1235.6925285010675,0.0,0.0,0.0,877.1632299272285
2018-02-19,1983.0467412729572,-1998.02292023219,3461.42325053699,1983.0467412729572,1983.0467412729572,-1230.364604302294,-1230.364604302294,-1230.364604302294,7.146619482624639,7.146619482624639,7.146619482624639,-1237.5112237849187,-1237.5112237849187,-1237.5112237849187,0.0,0.0,0.0,752.6821369706631
2018-02-20,1983.9924904032214,-1555.1622313944822,3695.785700625354,1983.9924904032214,1983.9924904032214,-879.9765642312459,-879.9765642312459,-879.9765642312459,347.35755078938,347.35755078938,347.35755078938,-1227.334115020626,-1227.334115020626,-1227.334115020626,0.0,0.0,0.0,1104.0159261719755
2018-02-21,1984.9382406819225,-2100.251374102098,3269.658793282316,1984.9382406819225,1984.9382406819225,-1307.717255133051,-1307.717255133051,-1307.717255133051,-102.82822581056796,-102.82822581056796,-102.82822581056796,-1204.8890293224833,-1204.8890293224833,-1204.8890293224833,0.0,0.0,0.0,677.2209855488716
2018-02-23,1986.8297412393244,-1907.2160121734312,3505.3276841947136,1986.8297412393244,1986.8297412393244,-1192.4263722921346,-1192.4263722921346,-1192.4263722921346,-69.05552676125383,-69.05552676125383,-69.05552676125383,-1123.3708455308808,-1123.3708455308808,-1123.3708455308808,0.0,0.0,0.0,794.4033689471898
2018-02-24,1987.7754915180255,-1748.0398291745994,3927.42625996915,1987.7754915180255,1987.7754915180255,-694.1498929689438,-694.1498929689438,-694.1498929689438,370.8670351123692,370.8670351123692,370.8670351123692,-1065.0169280813134,-1065.0169280813134,-1065.0169280813134,0.0,0.0,0.0,1293.6255985490816
2018-02-25,1988.7212417967264,-1713.5098147472372,3857.3574961780882,1988.7212417967264,1988.7212417967264,-865.0643520976303,-865.0643520976303,-865.0643520976303,130.75476628626907,130.75476628626907,130.75476628626907,-995.8191183838995,-995.8191183838995,-995.8191183838995,0.0,0.0,0.0,1123.6568896990962
2018-02-26,1989.6669920754275,-1632.721204123959,3776.062316748322,1989.6669920754275,1989.6669920754275,-909.5797055615399,-909.5797055615399,-909.5797055615399,7.146619482640434,7.146619482640434,7.146619482640434,-916.7263250441802,-916.7263250441802,-916.7263250441802,0.0,0.0,0.0,1080.0872865138876
2018-02-28,1991.5584926328295,-1664.2344303031123,3861.6846815822396,1991.5584926328295,1991.5584926328295,-836.4738484950052,-836.4738484950052,-836.4738484950052,-102.8282258113996,-102.8282258113996,-102.8282258113996,-733.6456226836057,-733.6456226836057,-733.6456226836057,0.0,0.0,0.0,1155.0846441378244
2018-03-02,1993.4499931902315,-1124.4211121719406,4326.833885375769,1993.4499931902315,1993.4499931902315,-596.0196073766458,-596.0196073766458,-596.0196073766458,-69.05552676231655,-69.05552676231655,-69.05552676231655,-526.9640806143292,-526.9640806143292,-526.9640806143292,0.0,0.0,0.0,1397.4303858135856
2018-03-03,1994.3957434689326,-567.1239691071828,4624.301285833354,1994.3957434689326,1994.3957434689326,-47.94076922514715,-47.94076922514715,-47.94076922514715,370.86703511230843,370.86703511230843,370.86703511230843,-418.80780433745554,-418.80780433745554,-418.80780433745554,0.0,0.0,0.0,1946.4549742437855
2018-03-04,1995.3414937476334,-823.02634619953,4608.56779425053,1995.3414937476334,1995.3414937476334,-178.97407508719647,-178.97407508719647,-178.97407508719647,130.75476628592648,130.75476628592648,130.75476628592648,-309.7288413731229,-309.7288413731229,-309.7288413731229,0.0,0.0,0.0,1816.367418660437
2018-03-05,1996.2872440263345,-909.4376202108348,4553.73703829065,1996.2872440263345,1996.2872440263345,-194.31699904836486,-194.31699904836486,-194.31699904836486,7.146619482937817,7.146619482937817,7.146619482937817,-201.46361853130264,-201.46361853130264,-201.46361853130264,0.0,0.0,0.0,1801.9702449779697
2018-03-06,1997.2329943050354,-446.8244698780488,5009.099087421923,1997.2329943050354,1997.2329943050354,251.63678588497208,251.63678588497208,251.63678588497208,347.3575507892692,347.3575507892692,347.3575507892692,-95.72076490429714,-95.72076490429714,-95.72076490429714,0.0,0.0,0.0,2248.8697801900075
2018-03-07,1998.1787445837365,-1012.0600556675095,4499.097067869866,1998.1787445837365,1998.1787445837365,-96.97343298492166,-96.97343298492166,-96.97343298492166,-102.82822581159142,-102.82822581159142,-102.82822581159142,5.854792826669779,5.854792826669779,5.854792826669779,0.0,0.0,0.0,1901.205311598815
2018-03-08,1999.1244948624376,-1317.6865608847431,4049.5440256444135,1999.1244948624376,1999.1244948624376,-582.5263492343161,-582.5263492343161,-582.5263492343161,-684.2422190992539,-684.2422190992539,-684.2422190992539,101.71586986493779,101.71586986493779,101.71586986493779,0.0,0.0,0.0,1416.5981456281215
2018-03-09,2000.0702451411385,-435.56767097417435,4725.711220841672,2000.0702451411385,2000.0702451411385,121.38888670244386,121.38888670244386,121.38888670244386,-69.05552676178603,-69.05552676178603,-69.05552676178603,190.4444134642299,190.4444134642299,190.4444134642299,0.0,0.0,0.0,2121.4591318435823
2018-03-10,2001.0159954198396,25.844045524860498,5455.689250704294,2001.0159954198396,2001.0159954198396,641.646567995595,641.646567995595,641.646567995595,370.8670351123365,370.8670351123365,370.8670351123365,270.7795328832585,270.7795328832585,270.7795328832585,0.0,0.0,0.0,2642.6625634154343
2018-03-11,2001.9617456985404,-253.1837192883534,5282.0309134358395,2001.9617456985404,2001.9617456985404,472.3963147531687,472.3963147531687,472.3963147531687,130.7547662864185,130.7547662864185,130.7547662864185,341.6415484667503,341.6415484667503,341.6415484667503,0.0,0.0,0.0,2474.358060451709
2018-03-12,2002.9074959772415,-320.60046126722926,5326.922214900824,2002.9074959772415,2002.9074959772415,409.2981634913791,409.2981634913791,409.2981634913791,7.146619482953567,7.146619482953567,7.146619482953567,402.15154400842556,402.15154400842556,402.15154400842556,0.0,0.0,0.0,2412.2056594686205
2018-03-13,2003.8532462559424,203.06703132220525,5371.706988027519,2003.8532462559424,2003.8532462559424,799.0035739593895,799.0035739593895,799.0035739593895,347.3575507891571,347.3575507891571,347.3575507891571,451.6460231702325,451.6460231702325,451.6460231702325,0.0,0.0,0.0,2802.856820215332
2018-03-14,2004.7989965346435,-231.9903046449836,5024.215870689403,2004.7989965346435,2004.7989965346435,386.85817025190715,386.85817025190715,386.85817025190715,-102.82822581081332,-102.82822581081332,-102.82822581081332,489.6863960627206,489.6863960627206,489.6863960627206,0.0,0.0,0.0,2391.6571667865505
2018-03-16,2006.6904970920455,-324.3964484225628,5087.151013516123,2006.6904970920455,2006.6904970920455,461.73918713220144,461.73918713220144,461.73918713220144,-69.05552676113807,-69.05552676113807,-69.05552676113807,530.7947138933395,530.7947138933395,530.7947138933395,0.0,0.0,0.0,2468.429684224247
2018-03-17,2007.6362473707466,5.81357659479783,5761.806552724133,2007.6362473707466,2007.6362473707466,904.9881128970153,904.9881128970153,904.9881128970153,370.8670351123646,370.8670351123646,370.8670351123646,534.1210777846508,534.1210777846508,534.1210777846508,0.0,0.0,0.0,2912.624360267762
2018-03-18,2008.5819976494474,-122.25766577052151,5504.735194046823,2008.5819976494474,2008.5819976494474,657.2472806361559,657.2472806361559,657.2472806361559,130.75476628673692,130.75476628673692,130.75476628673692,526.4925143494189,526.4925143494189,526.4925143494189,0.0,0.0,0.0,2665.8292782856033
2018-03-19,2009.5277479281485,-149.78325670459625,5352.507693797488,2009.5277479281485,2009.5277479281485,515.7002890330835,515.7002890330835,515.7002890330835,7.14661948289019,7.14661948289019,7.14661948289019,508.55366955019343,508.55366955019343,508.55366955019343,0.0,0.0,0.0,2525.228036961232
2018-03-20,2010.4734982068494,35.38598148591689,5782.098172050673,2010.4734982068494,2010.4734982068494,828.4811069066553,828.4811069066553,828.4811069066553,347.3575507894355,347.3575507894355,347.3575507894355,481.1235561172199,481.1235561172199,481.1235561172199,0.0,0.0,0.0,2838.954605113505
2018-03-21,2011.4192484855505,-341.573573904975,5139.092257005249,2011.4192484855505,2011.4192484855505,342.3437726589732,342.3437726589732,342.3437726589732,-102.82822581132513,-102.82822581132513,-102.82822581132513,445.1719984702983,445.1719984702983,445.1719984702983,0.0,0.0,0.0,2353.763021144524
2018-03-23,2013.3107490429525,-719.7912975299021,5049.101787398085,2013.3107490429525,2013.3107490429525,283.1214656372751,283.1214656372751,283.1214656372751,-69.05552676060758,-69.05552676060758,-69.05552676060758,352.17699239788266,352.17699239788266,352.17699239788266,0.0,0.0,0.0,2296.4322146802274
2018-03-24,2014.2564993216536,-107.07966900490275,5629.60726456599,2014.2564993216536,2014.2564993216536,668.4459961293821,668.4459961293821,668.4459961293821,370.86703511233486,370.86703511233486,370.86703511233486,297.5789610170474,297.5789610170474,297.5789610170474,0.0,0.0,0.0,2682.7024954510357
2018-03-25,2015.2022496003544,-126.26341168706477,5168.152771089531,2015.2022496003544,2015.2022496003544,370.04424382568186,370.04424382568186,370.04424382568186,130.75476628656793,130.75476628656793,130.75476628656793,239.28947753911393,239.28947753911393,239.28947753911393,0.0,0.0,0.0,2385.246493426036
2018-03-26,2016.1479998790555,-697.9502862788489,4932.805129854042,2016.1479998790555,2016.1479998790555,185.7497737027426,185.7497737027426,185.7497737027426,7.146619482905939,7.146619482905939,7.146619482905939,178.60315421983663,178.60315421983663,178.60315421983663,0.0,0.0,0.0,2201.897773581798
2018-03-27,2017.0937501577566,-314.1363708063486,5216.038059483292,2017.0937501577566,2017.0937501577566,464.1465820958543,464.1465820958543,464.1465820958543,347.3575507893802,347.3575507893802,347.3575507893802,116.78903130647417,116.78903130647417,116.78903130647417,0.0,0.0,0.0,2481.240332253611
2018-03-28,2018.0395004364575,-919.658200175505,4648.025984027646,2018.0395004364575,2018.0395004364575,-47.765861197166316,-47.765861197166316,-47.765861197166316,-102.82822581022707,-102.82822581022707,-102.82822581022707,55.06236461306074,55.06236461306074,55.06236461306074,0.0,0.0,0.0,1970.2736392392912
2018-03-29,2018.9852507151586,-1466.8126017049963,4032.7530660806033,2018.9852507151586,2018.9852507151586,-689.6835630034946,-689.6835630034946,-689.6835630034946,-684.242219099179,-684.242219099179,-684.242219099179,-5.441343904315465,-5.441343904315465,-5.441343904315465,0.0,0.0,0.0,1329.301687711664
2018-03-30,2019.9310009938595,-822.2297371058555,4605.054954353969,2019.9310009938595,2019.9310009938595,-132.7450064114772,-132.7450064114772,-132.7450064114772,-69.0555267615528,-69.0555267615528,-69.0555267615528,-63.689479649924394,-63.689479649924394,-63.689479649924394,0.0,0.0,0.0,1887.1859945823824
2018-03-31,2020.8767512725606,-541.5860133975987,5002.246223915214,2020.8767512725606,2020.8767512725606,252.09492990021403,252.09492990021403,252.09492990021403,370.8670351123318,370.8670351123318,370.8670351123318,-118.77210521211774,-118.77210521211774,-118.77210521211774,0.0,0.0,0.0,2272.9716811727744
2018-04-01,2021.8225015512614,-653.945813404104,4879.566398616308,2021.8225015512614,2021.8225015512614,-39.163229262989546,-39.163229262989546,-39.163229262989546,130.7547662862253,130.7547662862253,130.7547662862253,-169.91799554921488,-169.91799554921488,-169.91799554921488,0.0,0.0,0.0,1982.659272288272
2018-04-02,2022.7682518299625,-943.0167060317116,4567.81806435879,2022.7682518299625,2022.7682518299625,-209.35999381263318,-209.35999381263318,-209.35999381263318,7.146619482921733,7.146619482921733,7.146619482921733,-216.5066132955549,-216.5066132955549,-216.5066132955549,0.0,0.0,0.0,1813.4082580173294
2018-04-03,2023.7140021086636,-690.1292575205669,4803.1791375910125,2023.7140021086636,2023.7140021086636,89.28172013158706,89.28172013158706,89.28172013158706,347.3575507896586,347.3575507896586,347.3575507896586,-258.07583065807154,-258.07583065807154,-258.07583065807154,0.0,0.0,0.0,2112.995722240251
2018-04-04,2024.6597523873645,-1013.2577528546119,4499.466171296673,2024.6597523873645,2024.6597523873645,-397.1535448482451,-397.1535448482451,-397.1535448482451,-102.82822580912902,-102.82822580912902,-102.82822580912902,-294.3253190391161,-294.3253190391161,-294.3253190391161,0.0,0.0,0.0,1627.5062075391195
2018-04-06,2026.5512529447665,-1099.3022358481444,4233.338118172357,2026.5512529447665,2026.5512529447665,-419.51872586560887,-419.51872586560887,-419.51872586560887,-69.05552676102232,-69.05552676102232,-69.05552676102232,-350.4631991045865,-350.4631991045865,-350.4631991045865,0.0,0.0,0.0,1607.0325270791577
2018-04-07,2027.4970040058706,-662.2537346379015,4684.716625184144,2027.4970040058706,2027.4970040058706,0.3357634422001634,0.3357634422001634,0.3357634422001634,370.8670351123599,370.8670351123599,370.8670351123599,-370.5312716701597,-370.5312716701597,-370.5312716701597,0.0,0.0,0.0,2027.8327674480709
2018-04-08,2028.4427550669745,-1062.306599399259,4566.024519058659,2028.4427550669745,2028.4427550669745,-254.86275548496417,-254.86275548496417,-254.86275548496417,130.75476628605625,130.75476628605625,130.75476628605625,-385.6175217710204,-385.6175217710204,-385.6175217710204,0.0,0.0,0.0,1773.5799995820103
2018-04-09,2029.3885061280787,-1106.892133470076,4380.321533812836,2029.3885061280787,2029.3885061280787,-388.9917571391451,-388.9917571391451,-388.9917571391451,7.146619482858318,7.146619482858318,7.146619482858318,-396.1383766220034,-396.1383766220034,-396.1383766220034,0.0,0.0,0.0,1640.3967489889337
2018-04-10,2030.334257189183,-900.0635882317549,4509.865280307002,2030.334257189183,2030.334257189183,-55.25325558132205,-55.25325558132205,-55.25325558132205,347.35755078921267,347.35755078921267,347.35755078921267,-402.6108063705347,-402.6108063705347,-402.6108063705347,0.0,0.0,0.0,1975.081001607861
2018-04-11,2031.2800082502872,-1217.266672591392,4223.47110535474,2031.2800082502872,2031.2800082502872,-508.4602845024467,-508.4602845024467,-508.4602845024467,-102.82822580964078,-102.82822580964078,-102.82822580964078,-405.63205869280597,-405.63205869280597,-405.63205869280597,0.0,0.0,0.0,1522.8197237478405
2018-04-12,2032.2257593113911,-2070.6010185093637,3760.053525479713,2032.2257593113911,2032.2257593113911,-1090.100174234702,-1090.100174234702,-1090.100174234702,-684.2422190990637,-684.2422190990637,-684.2422190990637,-405.8579551356384,-405.8579551356384,-405.8579551356384,0.0,0.0,0.0,942.125585076689
2018-04-13,2033.1715103724957,-1279.0892044995703,4145.516251826772,2033.1715103724957,2033.1715103724957,-473.03590481482985,-473.03590481482985,-473.03590481482985,-69.0555267604918,-69.0555267604918,-69.0555267604918,-403.98037805433796,-403.98037805433796,-403.98037805433796,0.0,0.0,0.0,1560.135605557666
2018-04-14,2034.1172614335997,-891.3214482185375,4681.682905814734,2034.1172614335997,2034.1172614335997,-29.83754849927242,-29.83754849927242,-29.83754849927242,370.8670351122722,370.8670351122722,370.8670351122722,-400.70458361154476,-400.70458361154476,-400.70458361154476,0.0,0.0,0.0,2004.2797129343273
2018-04-15,2035.0630124947038,-617.4069258096328,4504.176490868918,2035.0630124947038,2035.0630124947038,-265.97219938606344,-265.97219938606344,-265.97219938606344,130.75476628654826,130.75476628654826,130.75476628654826,-396.7269656726117,-396.7269656726117,-396.7269656726117,0.0,0.0,0.0,1769.0908131086403
2018-04-16,2036.0087635558077,-1006.7091620666911,4250.544036963158,2036.0087635558077,2036.0087635558077,-385.5672486962514,-385.5672486962514,-385.5672486962514,7.146619482874115,7.146619482874115,7.146619482874115,-392.7138681791254,-392.7138681791254,-392.7138681791254,0.0,0.0,0.0,1650.4415148595563
2018-04-17,2036.9545146169119,-758.3296144159642,4676.311999536865,2036.9545146169119,2036.9545146169119,-41.924449942189185,-41.924449942189185,-41.924449942189185,347.3575507894911,347.3575507894911,347.3575507894911,-389.28200073168034,-389.28200073168034,-389.28200073168034,0.0,0.0,0.0,1995.0300646747228
2018-04-20,2039.7917678002243,-1005.1164165958673,4397.346213721988,2039.7917678002243,2039.7917678002243,-456.60278789465326,-456.60278789465326,-456.60278789465326,-69.05552676143706,-69.05552676143706,-69.05552676143706,-387.54726113321624,-387.54726113321624,-387.54726113321624,0.0,0.0,0.0,1583.1889799055712
2018-04-21,2040.7375188613285,-917.1858605290344,4618.607519413783,2040.7375188613285,2040.7375188613285,-20.19123793605326,-20.19123793605326,-20.19123793605326,370.86703511233145,370.86703511233145,370.86703511233145,-391.0582730483847,-391.0582730483847,-391.0582730483847,0.0,0.0,0.0,2020.5462809252751
2018-04-22,2041.6832699224328,-916.1719262125398,4482.400859741784,2041.6832699224328,2041.6832699224328,-266.21809732280593,-266.21809732280593,-266.21809732280593,130.7547662862057,130.7547662862057,130.7547662862057,-396.97286360901165,-396.97286360901165,-396.97286360901165,0.0,0.0,0.0,1775.4651725996268
2018-04-23,2042.629020983537,-1033.3078255949717,4447.297983582395,2042.629020983537,2042.629020983537,-398.19503265819054,-398.19503265819054,-398.19503265819054,7.146619483171493,7.146619483171493,7.146619483171493,-405.34165214136203,-405.34165214136203,-405.34165214136203,0.0,0.0,0.0,1644.4339883253465
2018-04-24,2043.574772044641,-852.326129866805,4848.83393845908,2043.574772044641,2043.574772044641,-68.74786392740327,-68.74786392740327,-68.74786392740327,347.3575507890451,347.3575507890451,347.3575507890451,-416.1054147164483,-416.1054147164483,-416.1054147164483,0.0,0.0,0.0,1974.8269081172375
2018-04-25,2044.520523105745,-1194.7995499219796,4220.056153684896,2044.520523105745,2044.520523105745,-531.9276690085717,-531.9276690085717,-531.9276690085717,-102.82822580937446,-102.82822580937446,-102.82822580937446,-429.09944319919714,-429.09944319919714,-429.09944319919714,0.0,0.0,0.0,1512.5928540971734
2018-04-26,2045.466274166849,-1780.968530812392,3520.221670427321,2045.466274166849,2045.466274166849,-1128.3031658426128,-1128.3031658426128,-1128.3031658426128,-684.2422190989251,-684.2422190989251,-684.2422190989251,-444.06094674368774,-444.06094674368774,-444.06094674368774,0.0,0.0,0.0,917.1631083242362
2018-04-27,2046.4120252279536,-1116.3176297020302,4357.559745413058,2046.4120252279536,2046.4120252279536,-529.6947396936602,-529.6947396936602,-529.6947396936602,-69.05552676090655,-69.05552676090655,-69.05552676090655,-460.6392129327536,-460.6392129327536,-460.6392129327536,0.0,0.0,0.0,1516.7172855342933
2018-04-28,2047.3577762890575,-781.572738028349,4864.653577142224,2047.3577762890575,2047.3577762890575,-107.5411398832902,-107.5411398832902,-107.5411398832902,370.86703511232844,370.86703511232844,370.86703511232844,-478.4081749956187,-478.4081749956187,-478.4081749956187,0.0,0.0,0.0,1939.8166364057672
2018-04-29,2048.3035273501614,-1052.3964854962146,4228.510013689511,2048.3035273501614,2048.3035273501614,-366.1262057746486,-366.1262057746486,-366.1262057746486,130.7547662858631,130.7547662858631,130.7547662858631,-496.8809720605117,-496.8809720605117,-496.8809720605117,0.0,0.0,0.0,1682.177321575513
2018-04-30,2049.249278411266,-1153.4307972006447,3967.765995477903,2049.249278411266,2049.249278411266,-508.37942314271044,-508.37942314271044,-508.37942314271044,7.146619483187287,7.146619483187287,7.146619483187287,-515.5260426258977,-515.5260426258977,-515.5260426258977,0.0,0.0,0.0,1540.8698552685555
2018-05-01,2050.19502947237,-893.5787402355539,4720.318544046871,2050.19502947237,2050.19502947237,-186.42670763948294,-186.42670763948294,-186.42670763948294,347.3575507892668,347.3575507892668,347.3575507892668,-533.7842584287497,-533.7842584287497,-533.7842584287497,0.0,0.0,0.0,1863.7683218328873
2018-05-02,2051.1407805334743,-1260.8000618774663,4048.5638381610474,2051.1407805334743,2051.1407805334743,-653.9148131074467,-653.9148131074467,-653.9148131074467,-102.82822580956628,-102.82822580956628,-102.82822580956628,-551.0865872978804,-551.0865872978804,-551.0865872978804,0.0,0.0,0.0,1397.2259674260276
2018-05-03,2052.086531594578,-1952.6866627100405,3567.82334177327,2052.086531594578,2052.086531594578,-1251.113988737928,-1251.113988737928,-1251.113988737928,-684.2422190989888,-684.2422190989888,-684.2422190989888,-566.8717696389391,-566.8717696389391,-566.8717696389391,0.0,0.0,0.0,800.9725428566501
2018-05-04,2053.032282655682,-1344.6116562804723,4251.361970136116,2053.032282655682,2053.032282655682,-649.659030502855,-649.659030502855,-649.659030502855,-69.05552676025859,-69.05552676025859,-69.05552676025859,-580.6035037425964,-580.6035037425964,-580.6035037425964,0.0,0.0,0.0,1403.3732521528273
2018-05-05,2053.9780337167863,-861.8530935448645,4521.147197018859,2053.9780337167863,2053.9780337167863,-220.91962443909952,-220.91962443909952,-220.91962443909952,370.8670351123565,370.8670351123565,370.8670351123565,-591.7866595514561,-591.7866595514561,-591.7866595514561,0.0,0.0,0.0,1833.0584092776867
2018-05-06,2054.923784777891,-1163.059497501796,4478.558388709617,2054.923784777891,2054.923784777891,-469.22731163113224,-469.22731163113224,-469.22731163113224,130.75476628652865,130.75476628652865,130.75476628652865,-599.982077917661,-599.982077917661,-599.982077917661,0.0,0.0,0.0,1585.6964731467588
2018-05-07,2055.8695358389946,-1441.1704544539516,4232.0567619934045,2055.8695358389946,2055.8695358389946,-597.6729419455642,-597.6729419455642,-597.6729419455642,7.146619482842274,7.146619482842274,7.146619482842274,-604.8195614284064,-604.8195614284064,-604.8195614284064,0.0,0.0,0.0,1458.1965938934304
2018-05-08,2056.8152869000987,-865.2660381944111,4540.273991626148,2056.8152869000987,2056.8152869000987,-258.65117118507226,-258.65117118507226,-258.65117118507226,347.3575507895452,347.3575507895452,347.3575507895452,-606.0087219746175,-606.0087219746175,-606.0087219746175,0.0,0.0,0.0,1798.1641157150266
2018-05-09,2057.7610379612033,-1482.1117155659626,4012.500858502955,2057.7610379612033,2057.7610379612033,-706.1756433316192,-706.1756433316192,-706.1756433316192,-102.82822581039798,-102.82822581039798,-102.82822581039798,-603.3474175212212,-603.3474175212212,-603.3474175212212,0.0,0.0,0.0,1351.5853946295842
2018-05-11,2059.652540083411,-1364.5426544816053,4223.777859809901,2059.652540083411,2059.652540083411,-655.193872155842,-655.193872155842,-655.193872155842,-69.05552676303196,-69.05552676303196,-69.05552676303196,-586.1383453928099,-586.1383453928099,-586.1383453928099,0.0,0.0,0.0,1404.4586679275692
2018-05-12,2060.5982911445153,-888.9815431295624,4662.196082091219,2060.5982911445153,2060.5982911445153,-200.79932984813578,-200.79932984813578,-200.79932984813578,370.8670351122957,370.8670351122957,370.8670351122957,-571.6663649604315,-571.6663649604315,-571.6663649604315,0.0,0.0,0.0,1859.7989612963795
2018-05-13,2061.5440422056195,-947.4699259596246,4287.776833723691,2061.5440422056195,2061.5440422056195,-422.7387111756194,-422.7387111756194,-422.7387111756194,130.75476628601254,130.75476628601254,130.75476628601254,-553.493477461632,-553.493477461632,-553.493477461632,0.0,0.0,0.0,1638.8053310300002
2018-05-14,2062.4897932667236,-1253.992742244805,4221.611500206588,2062.4897932667236,2062.4897932667236,-524.7451004753906,-524.7451004753906,-524.7451004753906,7.146619483139665,7.146619483139665,7.146619483139665,-531.8917199585303,-531.8917199585303,-531.8917199585303,0.0,0.0,0.0,1537.744692791333
2018-05-15,2063.4355443278278,-868.8340307461299,4677.3674495859,2063.4355443278278,2063.4355443278278,-159.85839726485275,-159.85839726485275,-159.85839726485275,347.35755078915605,347.35755078915605,347.35755078915605,-507.2159480540087,-507.2159480540087,-507.2159480540087,0.0,0.0,0.0,1903.577147062975
2018-05-16,2064.381295388932,-1273.0534171536563,4185.427964045357,2064.381295388932,2064.381295388932,-582.7225151206809,-582.7225151206809,-582.7225151206809,-102.8282258109097,-102.8282258109097,-102.8282258109097,-479.8942893097712,-479.8942893097712,-479.8942893097712,0.0,0.0,0.0,1481.6587802682511
2018-05-18,2066.2727975111407,-1284.7771324680987,4382.973294313649,2066.2727975111407,2066.2727975111407,-488.3777919233022,-488.3777919233022,-488.3777919233022,-69.05552676238402,-69.05552676238402,-69.05552676238402,-419.3222651609181,-419.3222651609181,-419.3222651609181,0.0,0.0,0.0,1577.8950055878386
2018-05-19,2067.2185485722443,-661.3801502014753,4650.155602077928,2067.2185485722443,2067.2185485722443,-16.31773358110554,-16.31773358110554,-16.31773358110554,370.8670351122927,370.8670351122927,370.8670351122927,-387.18476869339827,-387.18476869339827,-387.18476869339827,0.0,0.0,0.0,2050.9008149911388
2018-05-20,2068.1642996333485,-734.328161738415,4421.03076990501,2068.1642996333485,2068.1642996333485,-223.8436130820905,-223.8436130820905,-223.8436130820905,130.7547662858435,130.7547662858435,130.7547662858435,-354.598379367934,-354.598379367934,-354.598379367934,0.0,0.0,0.0,1844.320686551258
2018-05-21,2069.1100506944526,-1014.9305394731903,4325.769970022845,2069.1100506944526,2069.1100506944526,-315.0158199899701,-315.0158199899701,-315.0158199899701,7.146619483437044,7.146619483437044,7.146619483437044,-322.1624394734072,-322.1624394734072,-322.1624394734072,0.0,0.0,0.0,1754.0942307044825
2018-05-22,2070.055801755557,-660.7898429510232,4934.010045270185,2070.055801755557,2070.055801755557,56.89091321520512,56.89091321520512,56.89091321520512,347.3575507893777,347.3575507893777,347.3575507893777,-290.4666375741725,-290.4666375741725,-290.4666375741725,0.0,0.0,0.0,2126.946714970762
2018-05-23,2071.001552816661,-1109.0759454017157,4509.464635867816,2071.001552816661,2071.001552816661,-362.9049114136841,-362.9049114136841,-362.9049114136841,-102.82822581013167,-102.82822581013167,-102.82822581013167,-260.0766856035525,-260.0766856035525,-260.0766856035525,0.0,0.0,0.0,1708.0966414029767
2018-05-25,2072.893054938869,-1044.0778657684157,4436.216308477823,2072.893054938869,2072.893054938869,-274.3337294419798,-274.3337294419798,-274.3337294419798,-69.055526761736,-69.055526761736,-69.055526761736,-205.27820268024374,-205.27820268024374,-205.27820268024374,0.0,0.0,0.0,1798.5593254968894
2018-05-26,2073.838805999974,-239.49009113394408,4943.168115907127,2073.838805999974,2073.838805999974,189.09969344878556,189.09969344878556,189.09969344878556,370.86703511235186,370.86703511235186,370.86703511235186,-181.7673416635663,-181.7673416635663,-181.7673416635663,0.0,0.0,0.0,2262.9384994487596
2018-05-27,2074.7845570610775,-826.3217077450687,4701.402060657129,2074.7845570610775,2074.7845570610775,-30.583657038873042,-30.583657038873042,-30.583657038873042,130.75476628550092,130.75476628550092,130.75476628550092,-161.33842332437393,-161.33842332437393,-161.33842332437393,0.0,0.0,0.0,2044.2009000222045
2018-05-28,2075.7303081221817,-767.2776413811796,4596.568489586169,2075.7303081221817,2075.7303081221817,-137.11949113947142,-137.11949113947142,-137.11949113947142,7.146619482449701,7.146619482449701,7.146619482449701,-144.26611062192111,-144.26611062192111,-144.26611062192111,0.0,0.0,0.0,1938.6108169827103
2018-05-29,2076.676059183286,-448.965657529964,5157.257645138564,2076.676059183286,2076.676059183286,216.61242724604602,216.61242724604602,216.61242724604602,347.3575507893223,347.3575507893223,347.3575507893223,-130.74512354327635,-130.74512354327635,-130.74512354327635,0.0,0.0,0.0,2293.288486429332
2018-05-30,2077.62181024439,-967.2033030987551,4688.455027263845,2077.62181024439,2077.62181024439,-223.71616749685194,-223.71616749685194,-223.71616749685194,-102.82822581096337,-102.82822581096337,-102.82822581096337,-120.88794168588858,-120.88794168588858,-120.88794168588858,0.0,0.0,0.0,1853.905642747538
2018-06-01,2079.513312366598,-916.5147334728542,4644.262584008396,2079.513312366598,2079.513312366598,-181.26099670872213,-181.26099670872213,-181.26099670872213,-69.05552676108805,-69.05552676108805,-69.05552676108805,-112.20546994763404,-112.20546994763404,-112.20546994763404,0.0,0.0,0.0,1898.2523156578757
2018-06-02,2080.4590634277024,-321.58552759908014,4961.381490366278,2080.4590634277024,2080.4590634277024,257.66298701461693,257.66298701461693,257.66298701461693,370.86703511229103,370.86703511229103,370.86703511229103,-113.20404809767406,-113.20404809767406,-113.20404809767406,0.0,0.0,0.0,2338.1220504423195
2018-06-03,2081.4048144888066,-779.3296832305003,4762.131531424094,2081.4048144888066,2081.4048144888066,13.23042707110779,13.23042707110779,13.23042707110779,130.7547662861664,130.7547662861664,130.7547662861664,-117.52433921505863,-117.52433921505863,-117.52433921505863,0.0,0.0,0.0,2094.6352415599144
2018-06-04,2082.3505655499107,-936.1760431170042,4674.043428407222,2082.3505655499107,2082.3505655499107,-117.76122736916832,-117.76122736916832,-117.76122736916832,7.146619482747078,7.146619482747078,7.146619482747078,-124.9078468519154,-124.9078468519154,-124.9078468519154,0.0,0.0,0.0,1964.5893381807423
2018-06-05,2083.296316611015,-493.4840649610621,5011.624575093969,2083.296316611015,2083.296316611015,212.31478716516423,212.31478716516423,212.31478716516423,347.35755078926695,347.35755078926695,347.35755078926695,-135.04276362410272,-135.04276362410272,-135.04276362410272,0.0,0.0,0.0,2295.611103776179
2018-06-06,2084.242067672119,-750.0696357624289,4769.65902136178,2084.242067672119,2084.242067672119,-250.4023367505245,-250.4023367505245,-250.4023367505245,-102.82822581115516,-102.82822581115516,-102.82822581115516,-147.5741109393694,-147.5741109393694,-147.5741109393694,0.0,0.0,0.0,1833.8397309215945
2018-06-08,2086.1335697943273,-738.7301475005903,4673.815001209938,2086.1335697943273,2086.1335697943273,-247.31171356320883,-247.31171356320883,-247.31171356320883,-69.05552676226823,-69.05552676226823,-69.05552676226823,-178.25618680094058,-178.25618680094058,-178.25618680094058,0.0,0.0,0.0,1838.8218562311185
2018-06-09,2087.079320855431,-477.5538127695555,5273.687195539112,2087.079320855431,2087.079320855431,175.2859684092018,175.2859684092018,175.2859684092018,370.8670351123191,370.8670351123191,370.8670351123191,-195.5810667031173,-195.5810667031173,-195.5810667031173,0.0,0.0,0.0,2262.365289264633
2018-06-10,2088.025071916535,-735.1422793623295,4848.011120063715,2088.025071916535,2088.025071916535,-82.91854386503645,-82.91854386503645,-82.91854386503645,130.7547662859974,130.7547662859974,130.7547662859974,-213.67331015103383,-213.67331015103383,-213.67331015103383,0.0,0.0,0.0,2005.1065280514986
2018-06-11,2088.9708229776397,-750.0246991440897,4648.21398016331,2088.9708229776397,2088.9708229776397,-224.98267739052903,-224.98267739052903,-224.98267739052903,7.146619482762824,7.146619482762824,7.146619482762824,-232.12929687329188,-232.12929687329188,-232.12929687329188,0.0,0.0,0.0,1863.9881455871107
2018-06-12,2089.916574038744,-474.9590411640688,5012.885355761697,2089.916574038744,2089.916574038744,96.78997056412639,96.78997056412639,96.78997056412639,347.35755078921164,347.35755078921164,347.35755078921164,-250.56758022508518,-250.56758022508518,-250.56758022508518,0.0,0.0,0.0,2186.70654460287
2018-06-13,2090.862325099848,-1126.108099892008,4443.808757850876,2090.862325099848,2090.862325099848,-371.46584814635327,-371.46584814635327,-371.46584814635327,-102.82822581037709,-102.82822581037709,-102.82822581037709,-268.6376223359761,-268.6376223359761,-268.6376223359761,0.0,0.0,0.0,1719.3964769534948
2018-06-15,2092.7538272220563,-1080.0829824087987,4356.59110607191,2092.7538272220563,2092.7538272220563,-371.5240546376569,-371.5240546376569,-371.5240546376569,-69.0555267616203,-69.0555267616203,-69.0555267616203,-302.4685278760366,-302.4685278760366,-302.4685278760366,0.0,0.0,0.0,1721.2297725843994
2018-06-16,2093.6995782831605,-411.48693396858465,4863.8163745234,2093.6995782831605,2093.6995782831605,53.12469774130994,53.12469774130994,53.12469774130994,370.8670351123472,370.8670351123472,370.8670351123472,-317.74233737103725,-317.74233737103725,-317.74233737103725,0.0,0.0,0.0,2146.8242760244702
2018-06-17,2094.645329344264,-583.357039536355,4861.688492271591,2094.645329344264,2094.645329344264,-200.92614960951036,-200.92614960951036,-200.92614960951036,130.7547662854813,130.7547662854813,130.7547662854813,-331.6809158949917,-331.6809158949917,-331.6809158949917,0.0,0.0,0.0,1893.7191797347539
2018-06-18,2095.5910804053683,-866.8753592306767,4744.198859728773,2095.5910804053683,2095.5910804053683,-337.022400293889,-337.022400293889,-337.022400293889,7.146619482699413,7.146619482699413,7.146619482699413,-344.1690197765884,-344.1690197765884,-344.1690197765884,0.0,0.0,0.0,1758.5686801114794
2018-06-19,2096.5368314664724,-670.0115188168035,4744.556372258055,2096.5368314664724,2096.5368314664724,-7.785789369860276,-7.785789369860276,-7.785789369860276,347.3575507894332,347.3575507894332,347.3575507894332,-355.14334015929353,-355.14334015929353,-355.14334015929353,0.0,0.0,0.0,2088.7510420966123
2018-06-20,2097.4825825275766,-1119.464280501993,4413.351507910219,2097.4825825275766,2097.4825825275766,-467.4186183143569,-467.4186183143569,-467.4186183143569,-102.82822581088884,-102.82822581088884,-102.82822581088884,-364.59039250346797,-364.59039250346797,-364.59039250346797,0.0,0.0,0.0,1630.0639642132196
2018-06-21,2098.4283335886807,-1659.2223438298088,3957.498637736247,2098.4283335886807,2098.4283335886807,-1056.785209208584,-1056.785209208584,-1056.785209208584,-684.2422190991222,-684.2422190991222,-684.2422190991222,-372.5429901094618,-372.5429901094618,-372.5429901094618,0.0,0.0,0.0,1041.6431243800967
2018-06-22,2099.3740846497853,-1058.0210707693777,4478.948457855924,2099.3740846497853,2099.3740846497853,-448.13099783675716,-448.13099783675716,-448.13099783675716,-69.05552676108981,-69.05552676108981,-69.05552676108981,-379.07547107566734,-379.07547107566734,-379.07547107566734,0.0,0.0,0.0,1651.2430868130282
2018-06-24,2101.265586771993,-949.0561794509623,4776.72279511719,2101.265586771993,2101.265586771993,-257.59457697787053,-257.59457697787053,-257.59457697787053,130.75476628663438,130.75476628663438,130.75476628663438,-388.3493432645049,-388.3493432645049,-388.3493432645049,0.0,0.0,0.0,1843.6710097941227
2018-06-25,2102.2113378330973,-1062.6794668136636,4545.107831250361,2102.2113378330973,2102.2113378330973,-384.2442356879176,-384.2442356879176,-384.2442356879176,7.146619482715206,7.146619482715206,7.146619482715206,-391.39085517063285,-391.39085517063285,-391.39085517063285,0.0,0.0,0.0,1717.9671021451798
2018-06-26,2103.1570888942015,-745.952762901687,4787.19530215705,2103.1570888942015,2103.1570888942015,-46.2402311935726,-46.2402311935726,-46.2402311935726,347.3575507893779,347.3575507893779,347.3575507893779,-393.59778198295044,-393.59778198295044,-393.59778198295044,0.0,0.0,0.0,2056.916857700629
2018-06-27,2104.1028399553056,-1071.0727677252,4425.451070517426,2104.1028399553056,2104.1028399553056,-497.9805187654059,-497.9805187654059,-497.9805187654059,-102.82822581140061,-102.82822581140061,-102.82822581140061,-395.1522929540053,-395.1522929540053,-395.1522929540053,0.0,0.0,0.0,1606.1223211898996
2018-06-29,2105.9943420775135,-1052.4896118145725,4316.505456784533,2105.9943420775135,2105.9943420775135,-466.0785645728269,-466.0785645728269,-466.0785645728269,-69.05552676203506,-69.05552676203506,-69.05552676203506,-397.0230378107919,-397.0230378107919,-397.0230378107919,0.0,0.0,0.0,1639.9157775046865
2018-06-30,2106.940093138618,-687.9813722029598,4900.951042823556,2106.940093138618,2106.940093138618,-26.8067551814401,-26.8067551814401,-26.8067551814401,370.86703511231434,370.86703511231434,370.86703511231434,-397.6737902937545,-397.6737902937545,-397.6737902937545,0.0,0.0,0.0,2080.133337957178
2018-07-01,2107.8858441997227,-887.1119000581992,4651.26421942095,2107.8858441997227,2107.8858441997227,-267.57470443902344,-267.57470443902344,-267.57470443902344,130.75476628646527,130.75476628646527,130.75476628646527,-398.32947072548876,-398.32947072548876,-398.32947072548876,0.0,0.0,0.0,1840.3111397606992
2018-07-02,2108.8315952608264,-819.3350168423897,4303.4448448060775,2108.8315952608264,2108.8315952608264,-391.96107105528716,-391.96107105528716,-391.96107105528716,7.1466194830126275,7.1466194830126275,7.1466194830126275,-399.10769053829983,-399.10769053829983,-399.10769053829983,0.0,0.0,0.0,1716.8705242055391
2018-07-03,2109.7773463219305,-622.0141554902567,4886.603357615528,2109.7773463219305,2109.7773463219305,-52.74159407542009,-52.74159407542009,-52.74159407542009,347.35755078965633,347.35755078965633,347.35755078965633,-400.0991448650764,-400.0991448650764,-400.0991448650764,0.0,0.0,0.0,2057.0357522465106
2018-07-05,2111.668848444139,-1683.3081890313574,3688.5006440663456,2111.668848444139,2111.668848444139,-1087.1806416137335,-1087.1806416137335,-1087.1806416137335,-684.2422190992263,-684.2422190992263,-684.2422190992263,-402.93842251450707,-402.93842251450707,-402.93842251450707,0.0,0.0,0.0,1024.4882068304053
2018-07-06,2112.614599505243,-1051.7334423441537,4198.479145195613,2112.614599505243,2112.614599505243,-473.8755490613168,-473.8755490613168,-473.8755490613168,-69.05552676150454,-69.05552676150454,-69.05552676150454,-404.8200222998122,-404.8200222998122,-404.8200222998122,0.0,0.0,0.0,1638.739050443926
2018-07-07,2113.5603505663466,-700.6624176846623,4724.191087054415,2113.5603505663466,2113.5603505663466,-36.11715347030773,-36.11715347030773,-36.11715347030773,370.8670351123425,370.8670351123425,370.8670351123425,-406.9841885826502,-406.9841885826502,-406.9841885826502,0.0,0.0,0.0,2077.443197096039
2018-07-08,2114.506101627451,-906.4364182587217,4616.4367400205065,2114.506101627451,2114.506101627451,-278.6244320647354,-278.6244320647354,-278.6244320647354,130.75476628629622,130.75476628629622,130.75476628629622,-409.3791983510316,-409.3791983510316,-409.3791983510316,0.0,0.0,0.0,1835.8816695627154
2018-07-09,2115.4518526885554,-962.581005219877,4390.335875997127,2115.4518526885554,2115.4518526885554,-404.78457003720376,-404.78457003720376,-404.78457003720376,7.14661948330997,7.14661948330997,7.14661948330997,-411.93118952051367,-411.93118952051367,-411.93118952051367,0.0,0.0,0.0,1710.6672826513516
2018-07-10,2116.3976037496595,-766.1202376955831,4678.14697505734,2116.3976037496595,2116.3976037496595,-67.19088547838709,-67.19088547838709,-67.19088547838709,347.3575507892103,347.3575507892103,347.3575507892103,-414.5484362675975,-414.5484362675975,-414.5484362675975,0.0,0.0,0.0,2049.2067182712726
2018-07-11,2117.3433548107637,-1212.8066154189146,4306.694372613689,2117.3433548107637,2117.3433548107637,-519.9544573685421,-519.9544573685421,-519.9544573685421,-102.82822580920453,-102.82822580920453,-102.82822580920453,-417.12623155933755,-417.12623155933755,-417.12623155933755,0.0,0.0,0.0,1597.3888974422216
2018-07-12,2118.289105871868,-1809.2860361951834,3788.8234747158813,2118.289105871868,2118.289105871868,-1103.7943958284613,-1103.7943958284613,-1103.7943958284613,-684.2422190990474,-684.2422190990474,-684.2422190990474,-419.55217672941393,-419.55217672941393,-419.55217672941393,0.0,0.0,0.0,1014.4947100434065
2018-07-13,2119.234856932972,-1244.551695459961,4310.220337725181,2119.234856932972,2119.234856932972,-490.7671930618767,-490.7671930618767,-490.7671930618767,-69.05552676085652,-69.05552676085652,-69.05552676085652,-421.71166630102016,-421.71166630102016,-421.71166630102016,0.0,0.0,0.0,1628.4676638710953
2018-07-14,2120.180607994076,-527.8279140389552,4934.656674731354,2120.180607994076,2120.180607994076,-52.62631675694098,-52.62631675694098,-52.62631675694098,370.86703511233947,370.86703511233947,370.86703511233947,-423.4933518692805,-423.4933518692805,-423.4933518692805,0.0,0.0,0.0,2067.554291237135
2018-07-15,2121.12635905518,-992.1143795009707,4466.042051136101,2121.12635905518,2121.12635905518,-294.0396054897935,-294.0396054897935,-294.0396054897935,130.75476628678823,130.75476628678823,130.75476628678823,-424.7943717765817,-424.7943717765817,-424.7943717765817,0.0,0.0,0.0,1827.0867535653863
2018-07-16,2122.072110116284,-1008.4904430247601,4634.104416218132,2122.072110116284,2122.072110116284,-418.3785239169393,-418.3785239169393,-418.3785239169393,7.14661948296492,7.14661948296492,7.14661948296492,-425.52514339990415,-425.52514339990415,-425.52514339990415,0.0,0.0,0.0,1703.6935861993447
2018-07-17,2123.0178611773886,-389.1650198967191,4782.121600993192,2123.0178611773886,2123.0178611773886,-78.25598093789712,-78.25598093789712,-78.25598093789712,347.3575507894888,347.3575507894888,347.3575507894888,-425.613531727386,-425.613531727386,-425.613531727386,0.0,0.0,0.0,2044.7618802394913
2018-07-18,2123.9636122384927,-1257.882443729963,4390.5367947766235,2123.9636122384927,2123.9636122384927,-527.8364567347269,-527.8364567347269,-527.8364567347269,-102.82822580971626,-102.82822580971626,-102.82822580971626,-425.00823092501065,-425.00823092501065,-425.00823092501065,0.0,0.0,0.0,1596.1271555037658
2018-07-20,2125.855114360701,-1036.571213329514,4496.479971903617,2125.855114360701,2125.855114360701,-490.6847453405451,-490.6847453405451,-490.6847453405451,-69.0555267602086,-69.0555267602086,-69.0555267602086,-421.62921858033656,-421.62921858033656,-421.62921858033656,0.0,0.0,0.0,1635.170369020156
2018-07-21,2126.800865421805,-689.752169624279,4993.036223621197,2126.800865421805,2126.800865421805,-48.00695769228871,-48.00695769228871,-48.00695769228871,370.867035112314,370.867035112314,370.867035112314,-418.8739928046027,-418.8739928046027,-418.8739928046027,0.0,0.0,0.0,2078.7939077295164
2018-07-22,2127.7466164829093,-954.3137437733626,4637.049935682718,2127.7466164829093,2127.7466164829093,-284.7068578507166,-284.7068578507166,-284.7068578507166,130.75476628644572,130.75476628644572,130.75476628644572,-415.4616241371622,-415.4616241371622,-415.4616241371622,0.0,0.0,0.0,1843.0397586321928
2018-07-23,2128.692367544013,-1103.8617109953195,4153.379143561537,2128.692367544013,2128.692367544013,-404.31399318323713,-404.31399318323713,-404.31399318323713,7.1466194829808,7.1466194829808,7.1466194829808,-411.4606126662179,-411.4606126662179,-411.4606126662179,0.0,0.0,0.0,1724.378374360776
2018-07-24,2129.638118605117,-697.0926172342938,4686.741547983605,2129.638118605117,2129.638118605117,-59.60139907419947,-59.60139907419947,-59.60139907419947,347.35755078943345,347.35755078943345,347.35755078943345,-406.9589498636329,-406.9589498636329,-406.9589498636329,0.0,0.0,0.0,2070.0367195309177
2018-07-25,2130.5838696662213,-1406.4433396392901,4574.827128649161,2130.5838696662213,2130.5838696662213,-504.88844676536826,-504.88844676536826,-504.88844676536826,-102.82822581054803,-102.82822581054803,-102.82822581054803,-402.0602209548202,-402.0602209548202,-402.0602209548202,0.0,0.0,0.0,1625.695422900853
2018-07-26,2131.529620727326,-1576.4448427729008,3595.839339834378,2131.529620727326,2131.529620727326,-1081.1210828482735,-1081.1210828482735,-1081.1210828482735,-684.2422190989087,-684.2422190989087,-684.2422190989087,-396.8788637493649,-396.8788637493649,-396.8788637493649,0.0,0.0,0.0,1050.4085378790523
2018-07-27,2132.4753717884296,-1228.043383310906,4304.53633474058,2132.4753717884296,2132.4753717884296,-460.59026430394147,-460.59026430394147,-460.59026430394147,-69.0555267612713,-69.0555267612713,-69.0555267612713,-391.5347375426702,-391.5347375426702,-391.5347375426702,0.0,0.0,0.0,1671.8851074844881
2018-07-28,2133.4211228495337,-512.5771533889178,4963.795753807894,2133.4211228495337,2133.4211228495337,-15.280146531186743,-15.280146531186743,-15.280146531186743,370.86703511231104,370.86703511231104,370.86703511231104,-386.14718164349785,-386.14718164349785,-386.14718164349785,0.0,0.0,0.0,2118.140976318347
2018-07-29,2134.3668739106383,-854.5522700370443,4761.572595916982,2134.3668739106383,2134.3668739106383,-250.07399708870898,-250.07399708870898,-250.07399708870898,130.75476628610312,130.75476628610312,130.75476628610312,-380.82876337481207,-380.82876337481207,-380.82876337481207,0.0,0.0,0.0,1884.2928768219294
2018-07-30,2135.3126249717425,-951.8277886049899,4458.653972934112,2135.3126249717425,2135.3126249717425,-368.5323099219063,-368.5323099219063,-368.5323099219063,7.14661948299655,7.14661948299655,7.14661948299655,-375.6789294049029,-375.6789294049029,-375.6789294049029,0.0,0.0,0.0,1766.7803150498362
2018-07-31,2136.258376032846,-795.59982957559,4882.356895478099,2136.258376032846,2136.258376032846,-23.420230751244084,-23.420230751244084,-23.420230751244084,347.3575507893781,347.3575507893781,347.3575507893781,-370.7777815406222,-370.7777815406222,-370.7777815406222,0.0,0.0,0.0,2112.838145281602
2018-08-01,2137.2041270939503,-1123.694968741272,4451.520758432157,2137.2041270939503,2137.2041270939503,-469.00842424626427,-469.00842424626427,-469.00842424626427,-102.82822580912999,-102.82822580912999,-102.82822580912999,-366.1801984371343,-366.1801984371343,-366.1801984371343,0.0,0.0,0.0,1668.195702847686
2018-08-03,2139.0956292161586,-1126.2909448832115,4417.94253990288,2139.0956292161586,2139.0956292161586,-427.01350864316936,-427.01350864316936,-427.01350864316936,-69.0555267607408,-69.0555267607408,-69.0555267607408,-357.95798188242856,-357.95798188242856,-357.95798188242856,0.0,0.0,0.0,1712.0821205729892
2018-08-04,2140.0413802772628,-649.0377236582673,4665.9218987447475,2140.0413802772628,2140.0413802772628,16.593911727148736,16.593911727148736,16.593911727148736,370.8670351123392,370.8670351123392,370.8670351123392,-354.2731233851904,-354.2731233851904,-354.2731233851904,0.0,0.0,0.0,2156.6352920044114
2018-08-05,2140.987131338367,-901.3378029621696,4678.153092817602,2140.987131338367,2140.987131338367,-220.0104886677406,-220.0104886677406,-220.0104886677406,130.75476628593407,130.75476628593407,130.75476628593407,-350.7652549536746,-350.7652549536746,-350.7652549536746,0.0,0.0,0.0,1920.9766426706262
2018-08-06,2141.932882399471,-952.3214002086089,4649.38980049016,2141.932882399471,2141.932882399471,-340.15456068682465,-340.15456068682465,-340.15456068682465,7.14661948265159,7.14661948265159,7.14661948265159,-347.3011801694762,-347.3011801694762,-347.3011801694762,0.0,0.0,0.0,1801.7783217126464
2018-08-07,2142.8786334605757,-539.1106766418517,4786.4808551227625,2142.8786334605757,2142.8786334605757,3.652329907404406,3.652329907404406,3.652329907404406,347.35755078920914,347.35755078920914,347.35755078920914,-343.70522088180473,-343.70522088180473,-343.70522088180473,0.0,0.0,0.0,2146.53096336798
2018-08-10,2145.7158866438876,-981.5683490264901,4538.449765644771,2145.7158866438876,2145.7158866438876,-398.82648255811216,-398.82648255811216,-398.82648255811216,-69.05552676021031,-69.05552676021031,-69.05552676021031,-329.77095579790193,-329.77095579790193,-329.77095579790193,0.0,0.0,0.0,1746.8894040857754
2018-08-11,2146.661637704992,-504.9063270991667,5096.661938072778,2146.661637704992,2146.661637704992,47.7484170771069,47.7484170771069,47.7484170771069,370.86703511227824,370.86703511227824,370.86703511227824,-323.1186180351713,-323.1186180351713,-323.1186180351713,0.0,0.0,0.0,2194.4100547820985
2018-08-12,2147.607388766096,-999.1501508634951,4942.478805996564,2147.607388766096,2147.607388766096,-184.1602883209601,-184.1602883209601,-184.1602883209601,130.75476628625253,130.75476628625253,130.75476628625253,-314.91505460721265,-314.91505460721265,-314.91505460721265,0.0,0.0,0.0,1963.447100445136
2018-08-13,2148.5531398272,-920.3602086893602,4511.485348654675,2148.5531398272,2148.5531398272,-297.65888603049876,-297.65888603049876,-297.65888603049876,7.146619482948927,7.146619482948927,7.146619482948927,-304.8055055134477,-304.8055055134477,-304.8055055134477,0.0,0.0,0.0,1850.8942537967014
2018-08-14,2149.4988908883042,-654.6686034859921,5158.687198371723,2149.4988908883042,2149.4988908883042,54.92840101909446,54.92840101909446,54.92840101909446,347.3575507891537,347.3575507891537,347.3575507891537,-292.4291497700593,-292.4291497700593,-292.4291497700593,0.0,0.0,0.0,2204.4272919073987
2018-08-15,2150.444641949409,-1038.6393356995216,4425.879874340801,2150.444641949409,2150.444641949409,-380.25648152822913,-380.25648152822913,-380.25648152822913,-102.82822581047347,-102.82822581047347,-102.82822581047347,-277.4282557177557,-277.4282557177557,-277.4282557177557,0.0,0.0,0.0,1770.1881604211796
2018-08-16,2151.3903930105125,-1438.3961741765722,4023.397549106833,2151.3903930105125,2151.3903930105125,-943.6999873229084,-943.6999873229084,-943.6999873229084,-684.2422190988572,-684.2422190988572,-684.2422190988572,-259.45776822405145,-259.45776822405145,-259.45776822405145,0.0,0.0,0.0,1207.6904056876042
2018-08-17,2152.3361440716167,-783.9943242281831,4568.595793429842,2152.3361440716167,2152.3361440716167,-307.25062022236307,-307.25062022236307,-307.25062022236307,-69.05552676127299,-69.05552676127299,-69.05552676127299,-238.19509346109004,-238.19509346109004,-238.19509346109004,0.0,0.0,0.0,1845.0855238492536
2018-08-18,2153.281895132721,-385.55125155675967,5138.724485650394,2153.281895132721,2153.281895132721,157.5172024593412,157.5172024593412,157.5172024593412,370.8670351123064,370.8670351123064,370.8670351123064,-213.3498326529652,-213.3498326529652,-213.3498326529652,0.0,0.0,0.0,2310.799097592062
2018-08-19,2154.227646193825,-551.8888608873751,4678.373358592413,2154.227646193825,2154.227646193825,-53.91844737035345,-53.91844737035345,-53.91844737035345,130.75476628608345,130.75476628608345,130.75476628608345,-184.67321365643693,-184.67321365643693,-184.67321365643693,0.0,0.0,0.0,2100.3091988234714
2018-08-20,2155.1733972549287,-697.3919079916176,4644.162572199402,2155.1733972549287,2155.1733972549287,-144.82035403630456,-144.82035403630456,-144.82035403630456,7.146619483246305,7.146619483246305,7.146619483246305,-151.96697351955083,-151.96697351955083,-151.96697351955083,0.0,0.0,0.0,2010.3530432186242
2018-08-21,2156.1191483160333,-367.1870868743137,4990.008963525438,2156.1191483160333,2156.1191483160333,232.26609469557695,232.26609469557695,232.26609469557695,347.3575507890984,347.3575507890984,347.3575507890984,-115.09145609352144,-115.09145609352144,-115.09145609352144,0.0,0.0,0.0,2388.3852430116103
2018-08-22,2157.0648993771374,-682.2497662865909,4587.977956498301,2157.0648993771374,2157.0648993771374,-176.80093183372108,-176.80093183372108,-176.80093183372108,-102.82822580969543,-102.82822580969543,-102.82822580969543,-73.97270602402567,-73.97270602402567,-73.97270602402567,0.0,0.0,0.0,1980.2639675434164
2018-08-23,2158.0106504382416,-1213.6320555454242,4298.582157763457,2158.0106504382416,2158.0106504382416,-712.8505825969509,-712.8505825969509,-712.8505825969509,-684.2422190991402,-684.2422190991402,-684.2422190991402,-28.608363497810583,-28.608363497810583,-28.608363497810583,0.0,0.0,0.0,1445.1600678412906
2018-08-24,2158.9564014993457,-546.8597254819653,4849.1328502492715,2158.9564014993457,2158.9564014993457,-48.127719049304176,-48.127719049304176,-48.127719049304176,-69.0555267621008,-69.0555267621008,-69.0555267621008,20.927807712796604,20.927807712796604,20.927807712796604,0.0,0.0,0.0,2110.8286824500415
2018-08-25,2159.90215256045,-84.11848811849832,5383.076402533514,2159.90215256045,2159.90215256045,445.34992899316575,445.34992899316575,445.34992899316575,370.8670351123344,370.8670351123344,370.8670351123344,74.48289388083141,74.48289388083141,74.48289388083141,0.0,0.0,0.0,2605.2520815536154
2018-08-26,2160.847903621554,-212.5106682706168,5257.215404127305,2160.847903621554,2160.847903621554,262.5781720268993,262.5781720268993,262.5781720268993,130.7547662857409,130.7547662857409,130.7547662857409,131.8234057411584,131.8234057411584,131.8234057411584,0.0,0.0,0.0,2423.426075648453
2018-08-27,2161.793654682658,-274.3902620831432,4967.456319675528,2161.793654682658,2161.793654682658,199.78213404578912,199.78213404578912,199.78213404578912,7.146619483262103,7.146619483262103,7.146619483262103,192.63551456252696,192.63551456252696,192.63551456252696,0.0,0.0,0.0,2361.575788728447
2018-08-28,2162.739405743762,-93.1914130975402,5664.412089867125,2162.739405743762,2162.739405743762,603.8845219752377,603.8845219752377,603.8845219752377,347.35755078932004,347.35755078932004,347.35755078932004,256.52697118591766,256.52697118591766,256.52697118591766,0.0,0.0,0.0,2766.6239277189998
2018-08-29,2163.685156804866,-321.7755713157741,5108.98230085372,2163.685156804866,2163.685156804866,220.20246373290846,220.20246373290846,220.20246373290846,-102.82822581020714,-102.82822581020714,-102.82822581020714,323.03068954311556,323.03068954311556,323.03068954311556,0.0,0.0,0.0,2383.8876205377746
2018-08-31,2165.5766589270747,-225.97756227842234,5225.52035531525,2165.5766589270747,2165.5766589270747,392.60951158231694,392.60951158231694,392.60951158231694,-69.05552676157028,-69.05552676157028,-69.05552676157028,461.66503834388726,461.66503834388726,461.66503834388726,0.0,0.0,0.0,2558.1861705093916
2018-09-01,2166.5224099881784,546.9218202429023,5982.5827296350735,2166.5224099881784,2166.5224099881784,903.4084954688386,903.4084954688386,903.4084954688386,370.8670351123625,370.8670351123625,370.8670351123625,532.541460356476,532.541460356476,532.541460356476,0.0,0.0,0.0,3069.930905457017
2018-09-02,2167.468161049283,-129.60586411925962,5578.973018015107,2167.468161049283,2167.468161049283,734.2938906574406,734.2938906574406,734.2938906574406,130.75476628640638,130.75476628640638,130.75476628640638,603.5391243710342,603.5391243710342,603.5391243710342,0.0,0.0,0.0,2901.7620517067235
2018-09-03,2168.413912110387,83.31695280895543,5559.834974920598,2168.413912110387,2168.413912110387,681.0693735222129,681.0693735222129,681.0693735222129,7.146619482556298,7.146619482556298,7.146619482556298,673.9227540396568,673.9227540396568,673.9227540396568,0.0,0.0,0.0,2849.4832856326
2018-09-04,2169.3596631714913,812.0160587349817,6029.535965914725,2169.3596631714913,2169.3596631714913,1090.2906061367516,1090.2906061367516,1090.2906061367516,347.3575507889309,347.3575507889309,347.3575507889309,742.9330553478209,742.9330553478209,742.9330553478209,0.0,0.0,0.0,3259.650269308243
2018-09-05,2170.305414232595,185.54759431401644,5665.75633924636,2170.305414232595,2170.305414232595,706.9702786438762,706.9702786438762,706.9702786438762,-102.82822581071889,-102.82822581071889,-102.82822581071889,809.7985044545951,809.7985044545951,809.7985044545951,0.0,0.0,0.0,2877.275692876471
2018-09-07,2172.1969163548033,352.00397771198857,5683.607246224846,2172.1969163548033,2172.1969163548033,864.9651875975636,864.9651875975636,864.9651875975636,-69.05552676275047,-69.05552676275047,-69.05552676275047,934.020714360314,934.020714360314,934.020714360314,0.0,0.0,0.0,3037.162103952367
2018-09-08,2173.142667415908,804.8468310077676,6125.468049189883,2173.142667415908,2173.142667415908,1360.7502260261892,1360.7502260261892,1360.7502260261892,370.86703511230166,370.86703511230166,370.86703511230166,989.8831909138876,989.8831909138876,989.8831909138876,0.0,0.0,0.0,3533.8928934420974
2018-09-09,2174.0884184770116,428.5016221145703,5942.789915262272,2174.0884184770116,2174.0884184770116,1171.3910848291705,1171.3910848291705,1171.3910848291705,130.75476628606393,130.75476628606393,130.75476628606393,1040.6363185431067,1040.6363185431067,1040.6363185431067,0.0,0.0,0.0,3345.479503306182
2018-09-10,2175.034169538116,361.0491721487957,6010.919943241343,2175.034169538116,2175.034169538116,1092.7757242293358,1092.7757242293358,1092.7757242293358,7.14661948257214,7.14661948257214,7.14661948257214,1085.6291047467635,1085.6291047467635,1085.6291047467635,0.0,0.0,0.0,3267.809893767452
2018-09-11,2175.9799205992203,778.5501625915047,6555.411829308816,2175.9799205992203,2175.9799205992203,1471.6263134305514,1471.6263134305514,1471.6263134305514,347.3575507892093,347.3575507892093,347.3575507892093,1124.268762641342,1124.268762641342,1124.268762641342,0.0,0.0,0.0,3647.6062340297717
2018-09-12,2176.9256716603245,545.7887752061818,5906.538219355822,2176.9256716603245,2176.9256716603245,1053.202133131739,1053.202133131739,1053.202133131739,-102.82822581123065,-102.82822581123065,-102.82822581123065,1156.0303589429695,1156.0303589429695,1156.0303589429695,0.0,0.0,0.0,3230.127804792063
2018-09-13,2177.871422721428,-145.04624682709164,5289.795634709324,2177.871422721428,2177.871422721428,496.22315722030424,496.22315722030424,496.22315722030424,-684.2422190988226,-684.2422190988226,-684.2422190988226,1180.4653763191268,1180.4653763191268,1180.4653763191268,0.0,0.0,0.0,2674.0945799417323
2018-09-14,2178.8171737825323,628.9522741066655,6347.152058558729,2178.8171737825323,2178.8171737825323,1128.1535327543172,1128.1535327543172,1128.1535327543172,-69.05552676210252,-69.05552676210252,-69.05552676210252,1197.2090595164198,1197.2090595164198,1197.2090595164198,0.0,0.0,0.0,3306.9707065368493
2018-09-15,2179.7629248436365,991.5158005180823,6510.214732401,2179.7629248436365,2179.7629248436365,1576.8534778306157,1576.8534778306157,1576.8534778306157,370.8670351123609,370.8670351123609,370.8670351123609,1205.986442718255,1205.986442718255,1205.986442718255,0.0,0.0,0.0,3756.616402674252
2018-09-16,2180.7086759047406,849.9984490824581,6251.156508571894,2180.7086759047406,2180.7086759047406,1337.3717508084671,1337.3717508084671,1337.3717508084671,130.75476628572125,130.75476628572125,130.75476628572125,1206.616984522746,1206.616984522746,1206.616984522746,0.0,0.0,0.0,3518.080426713208
2018-09-17,2181.654426965845,515.5661381873447,6018.188584468302,2181.654426965845,2181.654426965845,1206.164385432446,1206.164385432446,1206.164385432446,7.146619483151023,7.146619483151023,7.146619483151023,1199.0177659492952,1199.0177659492952,1199.0177659492952,0.0,0.0,0.0,3387.818812398291
2018-09-18,2182.600178026949,979.272392181519,6433.220585037801,2182.600178026949,2182.600178026949,1530.5627860062482,1530.5627860062482,1530.5627860062482,347.357550789431,347.357550789431,347.357550789431,1183.2052352168175,1183.2052352168175,1183.2052352168175,0.0,0.0,0.0,3713.162964033197
2018-09-19,2183.5459290880535,421.17095335809273,5813.164295882549,2183.5459290880535,2183.5459290880535,1056.4672841666038,1056.4672841666038,1056.4672841666038,-102.82822581045258,-102.82822581045258,-102.82822581045258,1159.2955099770566,1159.2955099770566,1159.2955099770566,0.0,0.0,0.0,3240.0132132546573
2018-09-20,2184.4916801491577,-178.2199318970338,5299.635405149461,2184.4916801491577,2184.4916801491577,443.261053518412,443.261053518412,443.261053518412,-684.2422190991059,-684.2422190991059,-684.2422190991059,1127.503272617518,1127.503272617518,1127.503272617518,0.0,0.0,0.0,2627.75273366757
2018-09-21,2185.4374312102614,594.5451785044764,5752.449183386773,2185.4374312102614,2185.4374312102614,1019.0837898797228,1019.0837898797228,1019.0837898797228,-69.05552676157201,-69.05552676157201,-69.05552676157201,1088.1393166412947,1088.1393166412947,1088.1393166412947,0.0,0.0,0.0,3204.521221089984
2018-09-22,2186.3831822713655,1036.1065288225202,6236.540069620988,2186.3831822713655,2186.3831822713655,1412.4738566991084,1412.4738566991084,1412.4738566991084,370.8670351123579,370.8670351123579,370.8670351123579,1041.6068215867506,1041.6068215867506,1041.6068215867506,0.0,0.0,0.0,3598.8570389704737
2018-09-23,2187.3289333324697,366.4082910898065,6055.087020003969,2187.3289333324697,2187.3289333324697,1119.1512164581586,1119.1512164581586,1119.1512164581586,130.75476628537874,130.75476628537874,130.75476628537874,988.3964501727797,988.3964501727797,988.3964501727797,0.0,0.0,0.0,3306.4801497906283
2018-09-24,2188.274684393574,179.60577329263705,5861.946097516724,2188.274684393574,2188.274684393574,936.2269936784185,936.2269936784185,936.2269936784185,7.146619482524464,7.146619482524464,7.146619482524464,929.0803741958941,929.0803741958941,929.0803741958941,0.0,0.0,0.0,3124.5016780719925
2018-09-25,2189.220435454678,879.8730768477454,6147.145605761536,2189.220435454678,2189.220435454678,1211.662895912745,1211.662895912745,1211.662895912745,347.3575507893756,347.3575507893756,347.3575507893756,864.3053451233693,864.3053451233693,864.3053451233693,0.0,0.0,0.0,3400.883331367423
2018-09-26,2190.1661865157816,119.71979230457386,5586.446457047408,2190.1661865157816,2190.1661865157816,691.9567056098599,691.9567056098599,691.9567056098599,-102.82822581064435,-102.82822581064435,-102.82822581064435,794.7849314205043,794.7849314205043,794.7849314205043,0.0,0.0,0.0,2882.1228921256416
2018-09-28,2192.057688637991,100.50509597153062,5500.089135190162,2192.057688637991,2192.057688637991,575.589373399686,575.589373399686,575.589373399686,-69.05552676080659,-69.05552676080659,-69.05552676080659,644.6449001604925,644.6449001604925,644.6449001604925,0.0,0.0,0.0,2767.6470620376767
2018-09-29,2193.0034396990945,513.5665972018734,5924.936732058992,2193.0034396990945,2193.0034396990945,936.5745082205548,936.5745082205548,936.5745082205548,370.86703511229695,370.86703511229695,370.86703511229695,565.7074731082579,565.7074731082579,565.7074731082579,0.0,0.0,0.0,3129.5779479196494
2018-09-30,2193.9491907601987,38.13164552610235,5484.206261322445,2193.9491907601987,2193.9491907601987,616.1244380422726,616.1244380422726,616.1244380422726,130.75476628604423,130.75476628604423,130.75476628604423,485.3696717562284,485.3696717562284,485.3696717562284,0.0,0.0,0.0,2810.0736288024714
2018-10-01,2194.894941821303,-120.7258816891988,5294.334462310185,2194.894941821303,2194.894941821303,411.68885675837885,411.68885675837885,411.68885675837885,7.146619482821854,7.146619482821854,7.146619482821854,404.54223727555694,404.54223727555694,404.54223727555694,0.0,0.0,0.0,2606.5837985796816
2018-10-02,2195.840692882407,140.45398912647264,5554.224552991365,2195.840692882407,2195.840692882407,671.5030887519486,671.5030887519486,671.5030887519486,347.3575507896541,347.3575507896541,347.3575507896541,324.14553796229455,324.14553796229455,324.14553796229455,0.0,0.0,0.0,2867.3437816343558
2018-10-03,2196.786443943511,-525.4386400232997,4867.79378987706,2196.786443943511,2196.786443943511,142.27110990066456,142.27110990066456,142.27110990066456,-102.82822581147607,-102.82822581147607,-102.82822581147607,245.09933571214063,245.09933571214063,245.09933571214063,0.0,0.0,0.0,2339.057553844176
2018-10-04,2197.732195004615,-1018.7734195930939,4429.727604279536,2197.732195004615,2197.732195004615,-515.9296001982904,-515.9296001982904,-515.9296001982904,-684.2422190992099,-684.2422190992099,-684.2422190992099,168.31261890091966,168.31261890091966,168.31261890091966,0.0,0.0,0.0,1681.8025948063246
2018-10-05,2198.677946065719,-523.0680012214362,5047.994852674208,2198.677946065719,2198.677946065719,25.61805921072374,25.61805921072374,25.61805921072374,-69.05552676198677,-69.05552676198677,-69.05552676198677,94.67358597271048,94.67358597271048,94.67358597271048,0.0,0.0,0.0,2224.296005276443
2018-10-06,2199.6236971268236,80.93907674888702,5452.178215880707,2199.6236971268236,2199.6236971268236,395.90689304379754,395.90689304379754,395.90689304379754,370.8670351123251,370.8670351123251,370.8670351123251,25.039857931472497,25.039857931472497,25.039857931472497,0.0,0.0,0.0,2595.530590170621
2018-10-07,2200.5694481879277,-372.10241791252844,5156.551332218132,2200.5694481879277,2200.5694481879277,90.9837592160461,90.9837592160461,90.9837592160461,130.7547662863627,130.7547662863627,130.7547662863627,-39.77100707031658,-39.77100707031658,-39.77100707031658,0.0,0.0,0.0,2291.553207403974
2018-10-08,2201.515199249032,-596.6885147482587,4977.740866128216,2201.515199249032,2201.515199249032,-91.84400807696406,-91.84400807696406,-91.84400807696406,7.146619483119229,7.146619483119229,7.146619483119229,-98.99062756008328,-98.99062756008328,-98.99062756008328,0.0,0.0,0.0,2109.6711911720677
2018-10-09,2202.460950310136,-525.350129554539,5210.190535727742,2202.460950310136,2202.460950310136,195.44907697782645,195.44907697782645,195.44907697782645,347.3575507892649,347.3575507892649,347.3575507892649,-151.90847381143837,-151.90847381143837,-151.90847381143837,0.0,0.0,0.0,2397.9100272879623
2018-10-10,2203.40670137124,-716.7680556521346,4411.862098387915,2203.40670137124,2203.40670137124,-300.70826370287307,-300.70826370287307,-300.70826370287307,-102.82822581069803,-102.82822581069803,-102.82822581069803,-197.88003789217504,-197.88003789217504,-197.88003789217504,0.0,0.0,0.0,1902.6984376683672
2018-10-12,2205.298203493448,-893.4285098313693,4711.279542301648,2205.298203493448,2205.298203493448,-335.8368743062605,-335.8368743062605,-335.8368743062605,-69.05552676133875,-69.05552676133875,-69.05552676133875,-266.7813475449218,-266.7813475449218,-266.7813475449218,0.0,0.0,0.0,1869.4613291871874
2018-10-13,2206.243954554552,-378.522306386285,5150.903397818898,2206.243954554552,2206.243954554552,82.04973190490662,82.04973190490662,82.04973190490662,370.86703511232207,370.86703511232207,370.86703511232207,-288.8173032074154,-288.8173032074154,-288.8173032074154,0.0,0.0,0.0,2288.293686459459
2018-10-14,2207.1897056156563,-621.8378338103918,4878.036665606833,2207.1897056156563,2207.1897056156563,-171.37634542461132,-171.37634542461132,-171.37634542461132,130.75476628619364,130.75476628619364,130.75476628619364,-302.131111710805,-302.131111710805,-302.131111710805,0.0,0.0,0.0,2035.813360191045
2018-10-15,2208.135456676761,-816.3647207615721,4370.312410288596,2208.135456676761,2208.135456676761,-299.3618679690767,-299.3618679690767,-299.3618679690767,7.146619482774229,7.146619482774229,7.146619482774229,-306.5084874518509,-306.5084874518509,-306.5084874518509,0.0,0.0,0.0,1908.7735887076842
2018-10-16,2209.0812077378646,-342.5612117640422,5110.744783425333,2209.0812077378646,2209.0812077378646,45.52183151074673,45.52183151074673,45.52183151074673,347.35755078948654,347.35755078948654,347.35755078948654,-301.8357192787398,-301.8357192787398,-301.8357192787398,0.0,0.0,0.0,2254.6030392486114
2018-10-17,2210.026958798969,-884.918360599212,4646.145791964349,2210.026958798969,2210.026958798969,-390.9305556232804,-390.9305556232804,-390.9305556232804,-102.82822580928001,-102.82822580928001,-102.82822580928001,-288.1023298140003,-288.1023298140003,-288.1023298140003,0.0,0.0,0.0,1819.096403175689
2018-10-19,2211.918460921177,-760.7419536549236,4612.256479981883,2211.918460921177,2211.918460921177,-302.99171937888127,-302.99171937888127,-302.99171937888127,-69.05552676069077,-69.05552676069077,-69.05552676069077,-233.93619261819046,-233.93619261819046,-233.93619261819046,0.0,0.0,0.0,1908.9267415422958
2018-10-20,2212.864211982281,-198.33421367200447,5044.489741709778,2212.864211982281,2212.864211982281,176.86015439469188,176.86015439469188,176.86015439469188,370.86703511238125,370.86703511238125,370.86703511238125,-194.00688071768937,-194.00688071768937,-194.00688071768937,0.0,0.0,0.0,2389.724366376973
2018-10-21,2213.8099630433853,-489.0406398034831,4745.795366478231,2213.8099630433853,2213.8099630433853,-15.266095125954804,-15.266095125954804,-15.266095125954804,130.7547662865121,130.7547662865121,130.7547662865121,-146.02086141246699,-146.02086141246699,-146.02086141246699,0.0,0.0,0.0,2198.5438679174304
2018-10-22,2214.7557141044895,-689.3384349795165,4762.956246560018,2214.7557141044895,2214.7557141044895,-83.33644450827099,-83.33644450827099,-83.33644450827099,7.146619482790065,7.146619482790065,7.146619482790065,-90.48306399106103,-90.48306399106103,-90.48306399106103,0.0,0.0,0.0,2131.4192695962183
2018-10-23,2215.7014651655936,-252.8635119770536,5470.769659179317,2215.7014651655936,2215.7014651655936,319.3652085122215,319.3652085122215,319.3652085122215,347.3575507894312,347.3575507894312,347.3575507894312,-27.9923422772097,-27.9923422772097,-27.9923422772097,0.0,0.0,0.0,2535.0666736778153
2018-10-24,2216.6472162266978,-627.0051847013133,5169.104711535539,2216.6472162266978,2216.6472162266978,-62.06345185176599,-62.06345185176599,-62.06345185176599,-102.82822581011175,-102.82822581011175,-102.82822581011175,40.76477395834576,40.76477395834576,40.76477395834576,0.0,0.0,0.0,2154.583764374932
2018-10-26,2218.5387183489065,-532.9429880594836,5028.184075109158,2218.5387183489065,2218.5387183489065,124.8853751945991,124.8853751945991,124.8853751945991,-69.05552676175353,-69.05552676175353,-69.05552676175353,193.94090195635263,193.94090195635263,193.94090195635263,0.0,0.0,0.0,2343.4240935435055
2018-10-27,2219.48446941001,20.144277213056014,5485.6315334603405,2219.48446941001,2219.48446941001,647.4910441157258,647.4910441157258,647.4910441157258,370.86703511232037,370.86703511232037,370.86703511232037,276.6240090034054,276.6240090034054,276.6240090034054,0.0,0.0,0.0,2866.975513525736
2018-10-28,2220.4302204711144,15.732386651033254,5623.963387233733,2220.4302204711144,2220.4302204711144,492.87831881373774,492.87831881373774,492.87831881373774,130.7547662863431,130.7547662863431,130.7547662863431,362.12355252739474,362.12355252739474,362.12355252739474,0.0,0.0,0.0,2713.308539284852
2018-10-29,2221.3759715322185,-101.68191069161281,5297.0647598926325,2221.3759715322185,2221.3759715322185,456.60213227260874,456.60213227260874,456.60213227260874,7.146619483087359,7.146619483087359,7.146619483087359,449.4555127895215,449.4555127895215,449.4555127895215,0.0,0.0,0.0,2677.9781038048272
2018-10-30,2222.3217225933226,553.0446032866017,6038.96638037635,2222.3217225933226,2222.3217225933226,884.9705012327421,884.9705012327421,884.9705012327421,347.3575507893758,347.3575507893758,347.3575507893758,537.6129504433665,537.6129504433665,537.6129504433665,0.0,0.0,0.0,3107.292223826065
2018-10-31,2223.267473654427,83.4273257059857,5535.620394806015,2223.267473654427,2223.267473654427,522.7521799896871,522.7521799896871,522.7521799896871,-102.82822580869372,-102.82822580869372,-102.82822580869372,625.5804057983809,625.5804057983809,625.5804057983809,0.0,0.0,0.0,2746.019653644114
2018-11-01,2224.213224715531,-692.8325124754232,5120.329502584488,2224.213224715531,2224.213224715531,28.106661267866432,28.106661267866432,28.106661267866432,-684.2422190991988,-684.2422190991988,-684.2422190991988,712.3488803670652,712.3488803670652,712.3488803670652,0.0,0.0,0.0,2252.3198859833974
2018-11-02,2225.158975776635,219.3517191684429,5844.835955698282,2225.158975776635,2225.158975776635,727.8756411028129,727.8756411028129,727.8756411028129,-69.055526761223,-69.055526761223,-69.055526761223,796.931167864036,796.931167864036,796.931167864036,0.0,0.0,0.0,2953.034616879448
2018-11-03,2226.1047268377392,794.6408810917175,6252.31362170127,2226.1047268377392,2226.1047268377392,1249.244312892395,1249.244312892395,1249.244312892395,370.86703511232173,370.86703511232173,370.86703511232173,878.3772777800733,878.3772777800733,878.3772777800733,0.0,0.0,0.0,3475.3490397301343
2018-11-04,2227.0504778988434,479.8117022833783,6029.867561397004,2227.0504778988434,2227.0504778988434,1086.54444106612,1086.54444106612,1086.54444106612,130.75476628617403,130.75476628617403,130.75476628617403,955.7896747799462,955.7896747799462,955.7896747799462,0.0,0.0,0.0,3313.5949189649637
2018-11-05,2227.9962289599475,578.7874148310596,6053.598947747251,2227.9962289599475,2227.9962289599475,1035.4846618763836,1035.4846618763836,1035.4846618763836,7.146619483103188,7.146619483103188,7.146619483103188,1028.3380423932804,1028.3380423932804,1028.3380423932804,0.0,0.0,0.0,3263.480890836331
2018-11-06,2228.9419800210517,816.0511329092205,6521.147014609318,2228.9419800210517,2228.9419800210517,1442.6308214208098,1442.6308214208098,1442.6308214208098,347.3575507892636,347.3575507892636,347.3575507892636,1095.273270631546,1095.273270631546,1095.273270631546,0.0,0.0,0.0,3671.5728014418614
2018-11-07,2229.887731082156,213.68819784505175,5837.142965132189,2229.887731082156,2229.887731082156,1053.1121391467786,1053.1121391467786,1053.1121391467786,-102.82822580952543,-102.82822580952543,-102.82822580952543,1155.940364956304,1155.940364956304,1155.940364956304,0.0,0.0,0.0,3282.9998702289345
2018-11-08,2230.83348214326,145.86556292006395,5543.357282566164,2230.83348214326,2230.83348214326,525.5477599419002,525.5477599419002,525.5477599419002,-684.2422190990198,-684.2422190990198,-684.2422190990198,1209.78997904092,1209.78997904092,1209.78997904092,0.0,0.0,0.0,2756.38124208516
2018-11-09,2231.7792332043637,863.9430312714829,6098.627199270689,2231.7792332043637,2231.7792332043637,1187.3327596114964,1187.3327596114964,1187.3327596114964,-69.05552676057508,-69.05552676057508,-69.05552676057508,1256.3882863720714,1256.3882863720714,1256.3882863720714,0.0,0.0,0.0,3419.11199281586
2018-11-10,2232.7249842654683,1290.5363414896594,6812.959005664593,2232.7249842654683,2232.7249842654683,1666.2919612421697,1666.2919612421697,1666.2919612421697,370.8670351123187,370.8670351123187,370.8670351123187,1295.4249261298512,1295.4249261298512,1295.4249261298512,0.0,0.0,0.0,3899.016945507638
2018-11-11,2233.6707353265724,880.0707746321475,6315.88512491662,2233.6707353265724,2233.6707353265724,1457.473553210049,1457.473553210049,1457.473553210049,130.75476628649247,130.75476628649247,130.75476628649247,1326.7187869235568,1326.7187869235568,1326.7187869235568,0.0,0.0,0.0,3691.1442885366214
2018-11-12,2234.6164863876766,747.9419671049887,6193.22221511877,2234.6164863876766,2234.6164863876766,1357.3680470792685,1357.3680470792685,1357.3680470792685,7.146619483039779,7.146619483039779,7.146619483039779,1350.2214275962288,1350.2214275962288,1350.2214275962288,0.0,0.0,0.0,3591.9845334669453
2018-11-13,2235.5622374487807,1124.220346961053,6696.46563660769,2235.5622374487807,2235.5622374487807,1713.3755277440578,1713.3755277440578,1713.3755277440578,347.3575507895421,347.3575507895421,347.3575507895421,1366.017976954516,1366.017976954516,1366.017976954516,0.0,0.0,0.0,3948.9377651928385
2018-11-14,2236.507988509885,795.7607444028222,6442.55349789929,2236.507988509885,2236.507988509885,1271.4971773930067,1271.4971773930067,1271.4971773930067,-102.82822581003721,-102.82822581003721,-102.82822581003721,1374.3254032030438,1374.3254032030438,1374.3254032030438,0.0,0.0,0.0,3508.0051659028913
2018-11-15,2237.453739570989,192.38249616659292,5636.896489379394,2237.453739570989,2237.453739570989,691.2458790446433,691.2458790446433,691.2458790446433,-684.2422190988408,-684.2422190988408,-684.2422190988408,1375.4880981434837,1375.4880981434837,1375.4880981434837,0.0,0.0,0.0,2928.699618615632
2018-11-16,2238.399490632093,813.9824948604444,6225.604509486159,2238.399490632093,2238.399490632093,1300.9152529187563,1300.9152529187563,1300.9152529187563,-69.05552676004457,-69.05552676004457,-69.05552676004457,1369.9707796788007,1369.9707796788007,1369.9707796788007,0.0,0.0,0.0,3539.3147435508495
2018-11-17,2239.345241693197,1222.2185838980447,6472.411421055044,2239.345241693197,2239.345241693197,1729.2158126568454,1729.2158126568454,1729.2158126568454,370.867035112289,370.867035112289,370.867035112289,1358.3487775445565,1358.3487775445565,1358.3487775445565,0.0,0.0,0.0,3968.5610543500425
2018-11-18,2240.290992754301,1230.6150524640964,6612.646806335737,2240.290992754301,2240.290992754301,1472.050596274289,1472.050596274289,1472.050596274289,130.75476628632347,130.75476628632347,130.75476628632347,1341.2958299879656,1341.2958299879656,1341.2958299879656,0.0,0.0,0.0,3712.34158902859
2018-11-19,2241.2367438154056,762.4536564224474,6378.371642218215,2241.2367438154056,2241.2367438154056,1326.7162012495219,1326.7162012495219,1326.7162012495219,7.146619483055529,7.146619483055529,7.146619483055529,1319.5695817664664,1319.5695817664664,1319.5695817664664,0.0,0.0,0.0,3567.9529450649275
2018-11-20,2242.1824948765097,967.4252628300787,6613.006379159835,2242.1824948765097,2242.1824948765097,1641.3525854705265,1641.3525854705265,1641.3525854705265,347.35755078909614,347.35755078909614,347.35755078909614,1293.9950346814303,1293.9950346814303,1293.9950346814303,0.0,0.0,0.0,3883.5350803470365
2018-11-21,2243.128245937614,846.6544463487742,6203.61214817961,2243.128245937614,2243.128245937614,1162.6180334172298,1162.6180334172298,1162.6180334172298,-102.82822581086893,-102.82822581086893,-102.82822581086893,1265.4462592280988,1265.4462592280988,1265.4462592280988,0.0,0.0,0.0,3405.746279354844
2018-11-22,2244.073996998718,117.88822391491026,5468.277948282194,2244.073996998718,2244.073996998718,550.5845090722346,550.5845090722346,550.5845090722346,-684.242219099124,-684.242219099124,-684.242219099124,1234.8267281713586,1234.8267281713586,1234.8267281713586,0.0,0.0,0.0,2794.6585060709526
2018-11-23,2245.019748059822,643.2138238047274,6076.763181752417,2245.019748059822,2245.019748059822,1133.9931515886235,1133.9931515886235,1133.9931515886235,-69.05552676098982,-69.05552676098982,-69.05552676098982,1203.048678349613,1203.048678349613,1203.048678349613,0.0,0.0,0.0,3379.0128996484455
2018-11-24,2245.9654991209263,1059.7441760481818,6486.265509973614,2245.9654991209263,2245.9654991209263,1541.8789794177583,1541.8789794177583,1541.8789794177583,370.867035112317,370.867035112317,370.867035112317,1171.0119443054414,1171.0119443054414,1171.0119443054414,0.0,0.0,0.0,3787.8444785386846
2018-11-25,2246.91125018203,811.9702297444975,6283.932760692747,2246.91125018203,2246.91125018203,1270.3375014009553,1270.3375014009553,1270.3375014009553,130.7547662859809,130.7547662859809,130.7547662859809,1139.5827351149744,1139.5827351149744,1139.5827351149744,0.0,0.0,0.0,3517.2487515829853
2018-11-26,2247.857001243134,680.8827919361916,6186.869232021071,2247.857001243134,2247.857001243134,1116.7194624196775,1116.7194624196775,1116.7194624196775,7.146619483071366,7.146619483071366,7.146619483071366,1109.572842936606,1109.572842936606,1109.572842936606,0.0,0.0,0.0,3364.576463662812
2018-11-27,2248.8027523042388,956.2829693646487,6526.66593087137,2248.8027523042388,2248.8027523042388,1429.0773282432733,1429.0773282432733,1429.0773282432733,347.3575507893178,347.3575507893178,347.3575507893178,1081.7197774539554,1081.7197774539554,1081.7197774539554,0.0,0.0,0.0,3677.880080547512
2018-11-28,2249.748503365343,350.84848475599745,5947.719368892879,2249.748503365343,2249.748503365343,953.8400881551588,953.8400881551588,953.8400881551588,-102.82822580977087,-102.82822580977087,-102.82822580977087,1056.6683139649297,1056.6683139649297,1056.6683139649297,0.0,0.0,0.0,3203.5885915205017
2018-11-29,2250.6942544264466,-209.72091905065201,5372.153862926653,2250.6942544264466,2250.6942544264466,350.71170497810175,350.71170497810175,350.71170497810175,-684.2422190989448,-684.2422190989448,-684.2422190989448,1034.9539240770468,1034.9539240770468,1034.9539240770468,0.0,0.0,0.0,2601.4059594045484
2018-11-30,2251.640005487551,343.3718393354051,5841.165492888268,2251.640005487551,2251.640005487551,947.9330000851478,947.9330000851478,947.9330000851478,-69.05552676205251,-69.05552676205251,-69.05552676205251,1016.9885268472003,1016.9885268472003,1016.9885268472003,0.0,0.0,0.0,3199.573005572699
2018-12-01,2252.5857565486554,828.3430964509987,6274.636059626812,2252.5857565486554,2252.5857565486554,1373.9159902333138,1373.9159902333138,1373.9159902333138,370.86703511234515,370.86703511234515,370.86703511234515,1003.0489551209687,1003.0489551209687,1003.0489551209687,0.0,0.0,0.0,3626.501746781969
2018-12-02,2253.5315076097595,517.7582868436878,6086.0438572736375,2253.5315076097595,2253.5315076097595,1124.0232437681625,1124.0232437681625,1124.0232437681625,130.7547662858118,130.7547662858118,130.7547662858118,993.2684774823505,993.2684774823505,993.2684774823505,0.0,0.0,0.0,3377.554751377922
2018-12-03,2254.477258670863,563.5970060645964,6071.662538314177,2254.477258670863,2254.477258670863,994.7782711234892,994.7782711234892,994.7782711234892,7.146619483007908,7.146619483007908,7.146619483007908,987.6316516404813,987.6316516404813,987.6316516404813,0.0,0.0,0.0,3249.2555297943522
2018-12-04,2255.4230097319673,721.6153564026769,6488.545039933642,2255.4230097319673,2255.4230097319673,1333.3302623867557,1333.3302623867557,1333.3302623867557,347.3575507889286,347.3575507889286,347.3575507889286,985.9727115978272,985.9727115978272,985.9727115978272,0.0,0.0,0.0,3588.753272118723
2018-12-05,2256.3687607930715,331.65982496060315,5736.478520543557,2256.3687607930715,2256.3687607930715,885.1493843501088,885.1493843501088,885.1493843501088,-102.82822581028265,-102.82822581028265,-102.82822581028265,987.9776101603914,987.9776101603914,987.9776101603914,0.0,0.0,0.0,3141.5181451431804
2018-12-06,2257.3145118541756,-89.80874107681436,5351.677899029638,2257.3145118541756,2257.3145118541756,308.9475330395849,308.9475330395849,308.9475330395849,-684.2422190990087,-684.2422190990087,-684.2422190990087,993.1897521385936,993.1897521385936,993.1897521385936,0.0,0.0,0.0,2566.2620448937605
2018-12-07,2258.26026291528,645.9466380126754,5792.448218747003,2258.26026291528,2258.26026291528,931.9638372288911,931.9638372288911,931.9638372288911,-69.05552676140455,-69.05552676140455,-69.05552676140455,1001.0193639902958,1001.0193639902958,1001.0193639902958,0.0,0.0,0.0,3190.2241001441707
2018-12-08,2259.206013976384,1034.5481598748306,6507.5330243750395,2259.206013976384,2259.206013976384,1381.623390006784,1381.623390006784,1381.623390006784,370.8670351122842,370.8670351122842,370.8670351122842,1010.7563548944995,1010.7563548944995,1010.7563548944995,0.0,0.0,0.0,3640.829403983168
2018-12-09,2260.1517650374885,679.2626405309995,6125.027452878972,2260.1517650374885,2260.1517650374885,1152.341200900521,1152.341200900521,1152.341200900521,130.75476628630383,130.75476628630383,130.75476628630383,1021.5864346142172,1021.5864346142172,1021.5864346142172,0.0,0.0,0.0,3412.4929659380095
2018-12-10,2261.0975160985927,735.4200083477729,5810.929580159118,2261.0975160985927,2261.0975160985927,1039.7567868351668,1039.7567868351668,1039.7567868351668,7.146619483023743,7.146619483023743,7.146619483023743,1032.6101673521432,1032.6101673521432,1032.6101673521432,0.0,0.0,0.0,3300.8543029337598
2018-12-11,2262.0432671596964,1091.137035166191,6344.01412362099,2262.0432671596964,2262.0432671596964,1390.2221112293728,1390.2221112293728,1390.2221112293728,347.35755078920704,347.35755078920704,347.35755078920704,1042.8645604401656,1042.8645604401656,1042.8645604401656,0.0,0.0,0.0,3652.265378389069
2018-12-13,2263.9347692819047,-138.0587678528145,5232.331707190546,2263.9347692819047,2263.9347692819047,372.7967791662309,372.7967791662309,372.7967791662309,-684.2422190988295,-684.2422190988295,-684.2422190988295,1057.0389982650604,1057.0389982650604,1057.0389982650604,0.0,0.0,0.0,2636.7315484481355
2018-12-14,2264.880520343009,400.8780286934308,5915.818715260031,2264.880520343009,2264.880520343009,989.8796383397228,989.8796383397228,989.8796383397228,-69.05552676258476,-69.05552676258476,-69.05552676258476,1058.9351651023076,1058.9351651023076,1058.9351651023076,0.0,0.0,0.0,3254.7601586827313
2018-12-15,2265.8262714041125,924.461846145734,6538.777657621549,2265.8262714041125,2265.8262714041125,1426.9338182923045,1426.9338182923045,1426.9338182923045,370.86703511234344,370.86703511234344,370.86703511234344,1056.0667831799612,1056.0667831799612,1056.0667831799612,0.0,0.0,0.0,3692.760089696417
2018-12-16,2266.772022465217,733.2856768914419,6027.2519604696945,2266.772022465217,2266.772022465217,1178.2841059813409,1178.2841059813409,1178.2841059813409,130.75476628596124,130.75476628596124,130.75476628596124,1047.5293396953793,1047.5293396953793,1047.5293396953793,0.0,0.0,0.0,3445.056128446558
2018-12-17,2267.7177735263217,674.0233938992067,6098.721442157148,2267.7177735263217,2267.7177735263217,1039.6539845329507,1039.6539845329507,1039.6539845329507,7.146619482960284,7.146619482960284,7.146619482960284,1032.5073650499903,1032.5073650499903,1032.5073650499903,0.0,0.0,0.0,3307.3717580592725
2018-12-18,2268.663524587426,1094.3586242695098,6404.3433510065115,2268.663524587426,2268.663524587426,1357.6554878924449,1357.6554878924449,1357.6554878924449,347.3575507891517,347.3575507891517,347.3575507891517,1010.2979371032932,1010.2979371032932,1010.2979371032932,0.0,0.0,0.0,3626.3190124798707
2018-12-19,2269.6092756485295,289.3838290220579,5995.330089916715,2269.6092756485295,2269.6092756485295,877.5037251067553,877.5037251067553,877.5037251067553,-102.82822581001633,-102.82822581001633,-102.82822581001633,980.3319509167716,980.3319509167716,980.3319509167716,0.0,0.0,0.0,3147.1130007552847
2018-12-20,2270.5550267096337,-123.68139419885534,5297.298203563158,2270.5550267096337,2270.5550267096337,257.95036300412045,257.95036300412045,257.95036300412045,-684.24221909887,-684.24221909887,-684.24221909887,942.1925821029905,942.1925821029905,942.1925821029905,0.0,0.0,0.0,2528.505389713754
2018-12-21,2271.500777770738,474.5987721015269,5887.892994960671,2271.500777770738,2271.500777770738,826.5749030274752,826.5749030274752,826.5749030274752,-69.05552676205423,-69.05552676205423,-69.05552676205423,895.6304297895296,895.6304297895296,895.6304297895296,0.0,0.0,0.0,3098.075680798213
2018-12-22,2272.446528831842,570.8376949519405,6184.292358044459,2272.446528831842,2272.446528831842,1211.4419324080814,1211.4419324080814,1211.4419324080814,370.86703511234043,370.86703511234043,370.86703511234043,840.5748972957409,840.5748972957409,840.5748972957409,0.0,0.0,0.0,3483.8884612399233
2018-12-23,2273.3922798929457,307.29500855214974,5841.4734786485205,2273.3922798929457,2273.3922798929457,907.8962196351052,907.8962196351052,907.8962196351052,130.75476628561873,130.75476628561873,130.75476628561873,777.1414533494867,777.1414533494867,777.1414533494867,0.0,0.0,0.0,3181.288499528051
2018-12-24,2274.33803095405,260.2351157571904,5748.926390811965,2274.33803095405,2274.33803095405,712.7811316034864,712.7811316034864,712.7811316034864,7.146619482333821,7.146619482333821,7.146619482333821,705.6345121211526,705.6345121211526,705.6345121211526,0.0,0.0,0.0,2987.119162557536
2018-12-25,2275.2837820151544,447.134634155174,5893.092949113227,2275.2837820151544,2275.2837820151544,973.9033250986027,973.9033250986027,973.9033250986027,347.35755078937336,347.35755078937336,347.35755078937336,626.5457743092295,626.5457743092295,626.5457743092295,0.0,0.0,0.0,3249.187107113757
2018-12-26,2276.229533076259,2.8865559957376967,5560.648186654471,2276.229533076259,2276.229533076259,437.7197556535573,437.7197556535573,437.7197556535573,-102.82822581020807,-102.82822581020807,-102.82822581020807,540.5479814637654,540.5479814637654,540.5479814637654,0.0,0.0,0.0,2713.9492887298165
2018-12-27,2277.1752841373627,-642.703016404396,4687.861051967968,2277.1752841373627,2277.1752841373627,-235.75807010990562,-235.75807010990562,-235.75807010990562,-684.2422190989338,-684.2422190989338,-684.2422190989338,448.4841489890282,448.4841489890282,448.4841489890282,0.0,0.0,0.0,2041.417214027457
2018-12-28,2278.121035198467,-132.62493619141858,5367.0440750281605,2278.121035198467,2278.121035198467,282.296930221545,282.296930221545,282.296930221545,-69.0555267612888,-69.0555267612888,-69.0555267612888,351.3524569828338,351.3524569828338,351.3524569828338,0.0,0.0,0.0,2560.417965420012
2018-12-29,2279.066786259571,-36.01399834472138,5380.809604747888,2279.066786259571,2279.066786259571,621.1541244586431,621.1541244586431,621.1541244586431,370.8670351123685,370.8670351123685,370.8670351123685,250.28708934627448,250.28708934627448,250.28708934627448,0.0,0.0,0.0,2900.2209107182143
2018-12-30,2280.012537320675,-194.18779904088206,5272.480320195771,2280.012537320675,2280.012537320675,277.2901838344497,277.2901838344497,277.2901838344497,130.7547662862842,130.7547662862842,130.7547662862842,146.53541754816547,146.53541754816547,146.53541754816547,0.0,0.0,0.0,2557.302721155125
2018-12-31,2280.958288381779,-573.4841910364761,5195.878466887702,2280.958288381779,2280.958288381779,48.578642709972776,48.578642709972776,48.578642709972776,7.146619482631113,7.146619482631113,7.146619482631113,41.432023227341666,41.432023227341666,41.432023227341666,0.0,0.0,0.0,2329.5369310917517
2019-01-01,2281.904039442883,-270.34112844238916,5386.56316650749,2281.904039442883,2281.904039442883,283.7276916495695,283.7276916495695,283.7276916495695,347.3575507896518,347.3575507896518,347.3575507896518,-63.62985914008224,-63.62985914008224,-63.62985914008224,0.0,0.0,0.0,2565.6317310924524
2019-01-02,2282.8497905039876,-755.4260532418028,4626.714151153426,2282.8497905039876,2282.8497905039876,-270.0570502498791,-270.0570502498791,-270.0570502498791,-102.82822581103984,-102.82822581103984,-102.82822581103984,-167.2288244388393,-167.2288244388393,-167.2288244388393,0.0,0.0,0.0,2012.7927402541086
2019-01-03,2283.7955415650918,-1268.756659366934,4011.786038846726,2283.7955415650918,2283.7955415650918,-952.1892094432151,-952.1892094432151,-952.1892094432151,-684.2422190992169,-684.2422190992169,-684.2422190992169,-267.94699034399804,-267.94699034399804,-267.94699034399804,0.0,0.0,0.0,1331.6063321218767
2019-01-04,2284.7412926261954,-889.7310562532823,4655.956425012393,2284.7412926261954,2284.7412926261954,-433.45767357599345,-433.45767357599345,-433.45767357599345,-69.05552676246899,-69.05552676246899,-69.05552676246899,-364.4021468135244,-364.4021468135244,-364.4021468135244,0.0,0.0,0.0,1851.283619050202
2019-01-05,2285.6870436873,-685.100814921632,4913.038737267813,2285.6870436873,2285.6870436873,-84.41254817875625,-84.41254817875625,-84.41254817875625,370.8670351123077,370.8670351123077,370.8670351123077,-455.27958329106394,-455.27958329106394,-455.27958329106394,0.0,0.0,0.0,2201.2744955085436
2019-01-06,2286.632794748404,-854.5411786264345,4746.304005672373,2286.632794748404,2286.632794748404,-408.60804503786505,-408.60804503786505,-408.60804503786505,130.7547662857681,130.7547662857681,130.7547662857681,-539.3628113236332,-539.3628113236332,-539.3628113236332,0.0,0.0,0.0,1878.0247497105393
2019-01-07,2287.5785458095083,-1227.8393662121448,4272.380466931805,2287.5785458095083,2287.5785458095083,-608.4157964691539,-608.4157964691539,-608.4157964691539,7.146619482928497,7.146619482928497,7.146619482928497,-615.5624159520822,-615.5624159520822,-615.5624159520822,0.0,0.0,0.0,1679.1627493403544
2019-01-08,2288.524296870612,-784.8616630211231,4605.784781095603,2288.524296870612,2288.524296870612,-335.58475361312736,-335.58475361312736,-335.58475361312736,347.35755078926263,347.35755078926263,347.35755078926263,-682.9423044023899,-682.9423044023899,-682.9423044023899,0.0,0.0,0.0,1952.9395432574847
2019-01-09,2289.470047931716,-1091.829486050023,4201.978669487334,2289.470047931716,2289.470047931716,-843.5709004608992,-843.5709004608992,-843.5709004608992,-102.82822581155156,-102.82822581155156,-102.82822581155156,-740.7426746493478,-740.7426746493478,-740.7426746493478,0.0,0.0,0.0,1445.8991474708168
2019-01-10,2290.4157989928203,-2014.8140490333112,3522.0205724906273,2290.4157989928203,2290.4157989928203,-1472.6413173349426,-1472.6413173349426,-1472.6413173349426,-684.2422190990145,-684.2422190990145,-684.2422190990145,-788.3990982359282,-788.3990982359282,-788.3990982359282,0.0,0.0,0.0,817.7744816578777
2019-01-11,2291.3615500539245,-1580.8542952520872,4368.486866473352,2291.3580788381964,2291.3675853538693,-894.6127264830944,-894.6127264830944,-894.6127264830944,-69.05552676182101,-69.05552676182101,-69.05552676182101,-825.5571997212737,-825.5571997212737,-825.5571997212737,0.0,0.0,0.0,1396.7488235708302
2019-01-12,2292.3073011150286,-1098.9772326661407,4493.140524213738,2292.296412631964,2292.3225056122137,-481.2154821472683,-481.2154821472683,-481.2154821472683,370.8670351123047,370.8670351123047,370.8670351123047,-852.082517259573,-852.082517259573,-852.082517259573,0.0,0.0,0.0,1811.0918189677604
2019-01-13,2293.2530521761328,-1166.7438778220662,4243.741881016426,2293.234597349108,2293.271993714094,-737.3104763991652,-737.3104763991652,-737.3104763991652,130.75476628643364,130.75476628643364,130.75476628643364,-868.0652426855987,-868.0652426855987,-868.0652426855987,0.0,0.0,0.0,1555.9425757769677
2019-01-14,2294.1988032372374,-1441.8184192734393,4046.263729034839,2294.1656584420866,2294.23337526876,-866.6730428351423,-866.6730428351423,-866.6730428351423,7.146619483225835,7.146619483225835,7.146619483225835,-873.819662318368,-873.819662318368,-873.819662318368,0.0,0.0,0.0,1427.525760402095
2019-01-15,2295.1445542983415,-911.6022904516287,4498.972612950312,2295.1053679456027,2295.1872552658915,-522.5206977184597,-522.5206977184597,-522.5206977184597,347.35755078948426,347.35755078948426,347.35755078948426,-869.8782485079438,-869.8782485079438,-869.8782485079438,0.0,0.0,0.0,1772.6238565798817
2019-01-16,2296.090305359445,-1241.716087576485,4074.774623971701,2296.042709538321,2296.158357679761,-959.808709328241,-959.808709328241,-959.808709328241,-102.82822581077349,-102.82822581077349,-102.82822581077349,-856.9804835174675,-856.9804835174675,-856.9804835174675,0.0,0.0,0.0,1336.2815960312041
2019-01-17,2297.0360564205494,-1699.5331182420696,3535.2696340086777,2296.9620727323636,2297.120127310258,-1520.2988474506549,-1520.2988474506549,-1520.2988474506549,-684.2422190990784,-684.2422190990784,-684.2422190990784,-836.0566283515767,-836.0566283515767,-836.0566283515767,0.0,0.0,0.0,776.7372089698945
2019-01-18,2297.9818074816535,-1296.728556846423,4120.374710431915,2297.885115917228,2298.0826085760477,-877.2623030447089,-877.2623030447089,-877.2623030447089,-69.05552676117301,-69.05552676117301,-69.05552676117301,-808.2067762835359,-808.2067762835359,-808.2067762835359,0.0,0.0,0.0,1420.7195044369446
2019-01-19,2298.9275585427577,-863.042303939974,4426.121924335449,2298.82316790118,2299.04217915202,-403.8086157095747,-403.8086157095747,-403.8086157095747,370.86703511236374,370.86703511236374,370.86703511236374,-774.6756508219385,-774.6756508219385,-774.6756508219385,0.0,0.0,0.0,1895.118942833183
2019-01-20,2299.873309603862,-1040.5948638982711,4388.179211796191,2299.7562181415888,2300.0045566576723,-606.0689512964842,-606.0689512964842,-606.0689512964842,130.75476628675213,130.75476628675213,130.75476628675213,-736.8237175832364,-736.8237175832364,-736.8237175832364,0.0,0.0,0.0,1693.8043583073777
2019-01-21,2300.819060664966,-1096.4215787440494,4321.801944471668,2300.6783821705067,2300.969307272682,-688.9486566323237,-688.9486566323237,-688.9486566323237,7.146619482599328,7.146619482599328,7.146619482599328,-696.095276114923,-696.095276114923,-696.095276114923,0.0,0.0,0.0,1611.8704040326422
2019-01-22,2301.76481172607,-614.8745946338,4451.196054252294,2301.6130009092417,2301.9267445873866,-306.62672778190995,-306.62672778190995,-306.62672778190995,347.3575507894289,347.3575507894289,347.3575507894289,-653.9842785713388,-653.9842785713388,-653.9842785713388,0.0,0.0,0.0,1995.1380839441601
2019-01-23,2302.7105627871747,-1041.3844670939782,4253.346652477263,2302.545017852063,2302.8837773333407,-714.826910898651,-714.826910898651,-714.826910898651,-102.82822581160525,-102.82822581160525,-102.82822581160525,-611.9986850870458,-611.9986850870458,-611.9986850870458,0.0,0.0,0.0,1587.8836518885237
2019-01-24,2303.6563138482784,-1654.4078010294734,3644.9563208992477,2303.4760348396853,2303.860026041047,-1255.8664280718476,-1255.8664280718476,-1255.8664280718476,-684.2422190988993,-684.2422190988993,-684.2422190988993,-571.6242089729484,-571.6242089729484,-571.6242089729484,0.0,0.0,0.0,1047.7898857764308
2019-01-25,2304.6020649093825,-1060.7905579283088,4469.257528978599,2304.403077484704,2304.833364142486,-603.3438539757633,-603.3438539757633,-603.3438539757633,-69.05552676052508,-69.05552676052508,-69.05552676052508,-534.2883272152382,-534.2883272152382,-534.2883272152382,0.0,0.0,0.0,1701.2582109336192
2019-01-26,2305.5478159704867,-758.1892685151514,4815.292938099353,2305.322603548619,2305.794717939466,-130.4583973362729,-130.4583973362729,-130.4583973362729,370.867035112303,370.867035112303,370.867035112303,-501.32543244857595,-501.32543244857595,-501.32543244857595,0.0,0.0,0.0,2175.089418634214
2019-01-27,2306.493567031591,-494.3660129810111,4578.984406448347,2306.2407421723897,2306.761538730151,-343.1892151314222,-343.1892151314222,-343.1892151314222,130.75476628658308,130.75476628658308,130.75476628658308,-473.94398141800525,-473.94398141800525,-473.94398141800525,0.0,0.0,0.0,1963.3043519001685
2019-01-28,2307.439318092695,-987.726223808817,4364.799370801726,2307.1671523252467,2307.7246523627205,-446.0498328395382,-446.0498328395382,-446.0498328395382,7.146619482896667,7.146619482896667,7.146619482896667,-453.1964523224349,-453.1964523224349,-453.1964523224349,0.0,0.0,0.0,1861.3894852531566
2019-01-29,2308.3850691537987,-626.9030411734723,5124.782263869979,2308.071126406882,2308.6861420717983,-92.5953094642544,-92.5953094642544,-92.5953094642544,347.3575507893735,347.3575507893735,347.3575507893735,-439.95286025362793,-439.95286025362793,-439.95286025362793,0.0,0.0,0.0,2215.789759689544
2019-01-30,2309.330820214903,-1012.6579645297119,4473.073083108128,2308.9712040336058,2309.6487707242586,-537.7067234941707,-537.7067234941707,-537.7067234941707,-102.82822580986723,-102.82822580986723,-102.82822580986723,-434.8784976843034,-434.8784976843034,-434.8784976843034,0.0,0.0,0.0,1771.6240967207323
2019-01-31,2310.276571276008,-1502.42227233189,3979.8423820394814,2309.884711916305,2310.6125454932558,-1122.6586866636496,-1122.6586866636496,-1122.6586866636496,-684.2422190991824,-684.2422190991824,-684.2422190991824,-438.41646756446704,-438.41646756446704,-438.41646756446704,0.0,0.0,0.0,1187.6178846123582
2019-02-01,2311.2223223371116,-1009.8108694899738,4602.464564124284,2310.8114686205026,2311.593602375883,-519.830989232269,-519.830989232269,-519.830989232269,-69.05552676170525,-69.05552676170525,-69.05552676170525,-450.77546247056375,-450.77546247056375,-450.77546247056375,0.0,0.0,0.0,1791.3913331048425
2019-02-02,2312.1680733982157,-462.0891514202305,5074.570646221506,2311.7363016680247,2312.574443463801,-101.05608209457317,-101.05608209457317,-101.05608209457317,370.8670351123311,370.8670351123311,370.8670351123311,-471.9231172069043,-471.9231172069043,-471.9231172069043,0.0,0.0,0.0,2211.1119913036428
2019-02-03,2313.11382445932,-839.7217655927204,4595.5115892272015,2312.645177843001,2313.5369738742447,-370.8303611241536,-370.8303611241536,-370.8303611241536,130.7547662862405,130.7547662862405,130.7547662862405,-501.58512741039414,-501.58512741039414,-501.58512741039414,0.0,0.0,0.0,1942.2834633351663
2019-02-04,2314.059575520424,-957.4450502614555,4476.736971061583,2313.5637551095824,2314.520952280724,-532.1035669254856,-532.1035669254856,-532.1035669254856,7.1466194829125,7.1466194829125,7.1466194829125,-539.250186408398,-539.250186408398,-539.250186408398,0.0,0.0,0.0,1781.9560085949383
2019-02-05,2315.005326581528,-718.4902998651162,4764.7739613800195,2314.471344357959,2315.489951158565,-236.82309955660875,-236.82309955660875,-236.82309955660875,347.3575507893182,347.3575507893182,347.3575507893182,-584.180650345927,-584.180650345927,-584.180650345927,0.0,0.0,0.0,2078.1822270249195
2019-02-06,2315.9510776426323,-1323.6368483874326,4320.968013540219,2315.3957851720143,2316.461124796517,-738.2569268168122,-738.2569268168122,-738.2569268168122,-102.8282258087692,-102.8282258087692,-102.8282258087692,-635.428701008043,-635.428701008043,-635.428701008043,0.0,0.0,0.0,1577.69415082582
2019-02-07,2316.8968287037364,-1682.3669541667362,3569.6783144281553,2316.306059760732,2317.4500169599914,-1376.099859461542,-1376.099859461542,-1376.099859461542,-684.2422190990035,-684.2422190990035,-684.2422190990035,-691.8576403625387,-691.8576403625387,-691.8576403625387,0.0,0.0,0.0,940.7969692421943
2019-02-08,2317.8425797648406,-1264.215417450042,4210.196226252129,2317.225981648024,2318.435195186393,-821.2233508362092,-821.2233508362092,-821.2233508362092,-69.05552676105727,-69.05552676105727,-69.05552676105727,-752.167824075152,-752.167824075152,-752.167824075152,0.0,0.0,0.0,1496.6192289286314
2019-02-09,2318.7883308259447,-740.6952640573795,4584.109134144344,2318.1280041423624,2319.412572914089,-444.059591210832,-444.059591210832,-444.059591210832,370.8670351123592,370.8670351123592,370.8670351123592,-814.9266263231913,-814.9266263231913,-814.9266263231913,0.0,0.0,0.0,1874.7287396151128
2019-02-10,2319.7340818870484,-1107.8680182984388,4259.349254298425,2319.011907541596,2320.3905033851775,-747.8469617883792,-747.8469617883792,-747.8469617883792,130.7547662858979,130.7547662858979,130.7547662858979,-878.6017280742773,-878.6017280742773,-878.6017280742773,0.0,0.0,0.0,1571.8871200986691
2019-02-11,2320.679832948153,-1270.8044841720537,4037.5357051780757,2319.921668631903,2321.362005611561,-934.4503186924501,-934.4503186924501,-934.4503186924501,7.146619482849046,7.146619482849046,7.146619482849046,-941.5969381752992,-941.5969381752992,-941.5969381752992,0.0,0.0,0.0,1386.229514255703
2019-02-12,2321.625584009257,-772.0907074551886,4191.9807735429895,2320.8441010018532,2322.344594737521,-654.9321424328259,-654.9321424328259,-654.9321424328259,347.35755078953986,347.35755078953986,347.35755078953986,-1002.2896932223656,-1002.2896932223656,-1002.2896932223656,0.0,0.0,0.0,1666.6934415764313
2019-02-13,2322.5713350703613,-1556.008585201127,3811.745704304704,2321.7672643206315,2323.3109112498796,-1161.897565699754,-1161.897565699754,-1161.897565699754,-102.82822580960092,-102.82822580960092,-102.82822580960092,-1059.069339890153,-1059.069339890153,-1059.069339890153,0.0,0.0,0.0,1160.6737693706073
2019-02-14,2323.517086131465,-2223.655955643651,3097.3736787602197,2322.6904276394093,2324.292818501517,-1794.6175023791811,-1794.6175023791811,-1794.6175023791811,-684.2422190990673,-684.2422190990673,-684.2422190990673,-1110.375283280114,-1110.375283280114,-1110.375283280114,0.0,0.0,0.0,528.8995837522839
2019-02-15,2324.462837192569,-1586.4590235864634,3888.3374721772957,2323.613683292294,2325.2624327970348,-1223.7896141755734,-1223.7896141755734,-1223.7896141755734,-69.0555267605268,-69.0555267605268,-69.0555267605268,-1154.7340874150468,-1154.7340874150468,-1154.7340874150468,0.0,0.0,0.0,1100.6732230169957
2019-02-16,2325.4085882536733,-1422.0187576542335,4207.282493602401,2324.537202810818,2326.2292119777258,-819.9276041248597,-819.9276041248597,-819.9276041248597,370.86703511227154,370.86703511227154,370.86703511227154,-1190.7946392371314,-1190.7946392371314,-1190.7946392371314,0.0,0.0,0.0,1505.4809841288136
2019-02-17,2326.3543393147775,-1131.948908639887,4092.3211350642046,2325.4597623279437,2327.195991158417,-1086.6057684046677,-1086.6057684046677,-1086.6057684046677,130.75476628638995,130.75476628638995,130.75476628638995,-1217.3605346910574,-1217.3605346910574,-1217.3605346910574,0.0,0.0,0.0,1239.7485709101097
2019-02-18,2327.300090375882,-1587.5905424126054,3706.8684182886723,2326.3811076477036,2328.162770339109,-1226.2722940452347,-1226.2722940452347,-1226.2722940452347,7.146619482864796,7.146619482864796,7.146619482864796,-1233.4189135280994,-1233.4189135280994,-1233.4189135280994,0.0,0.0,0.0,1101.0277963306473
2019-02-19,2328.245841436986,-1306.3095892571064,4279.8635451005775,2327.2904418349467,2329.138036323383,-890.8075058203461,-890.8075058203461,-890.8075058203461,347.3575507894845,347.3575507894845,347.3575507894845,-1238.1650566098306,-1238.1650566098306,-1238.1650566098306,0.0,0.0,0.0,1437.43833561664
2019-02-20,2329.1915924980904,-1912.4530398744873,3879.4407593534406,2328.19489442143,2330.1374499359104,-1333.8503893177437,-1333.8503893177437,-1333.8503893177437,-102.82822581043268,-102.82822581043268,-102.82822581043268,-1231.022163507311,-1231.022163507311,-1231.022163507311,0.0,0.0,0.0,995.3412031803466
2019-02-21,2330.137343559194,-2509.9653930103605,3044.261789221165,2329.117226254044,2331.1397742194504,-1895.898065550895,-1895.898065550895,-1895.898065550895,-684.2422190991309,-684.2422190991309,-684.2422190991309,-1211.6558464517643,-1211.6558464517643,-1211.6558464517643,0.0,0.0,0.0,434.23927800829915
2019-02-22,2331.083094620298,-1678.187366802467,3906.662688041687,2330.031750172097,2332.1226414102043,-1249.038532937572,-1249.038532937572,-1249.038532937572,-69.05552676147202,-69.05552676147202,-69.05552676147202,-1179.9830061761,-1179.9830061761,-1179.9830061761,0.0,0.0,0.0,1082.0445616827262
2019-02-23,2332.0288456814023,-1028.3763946802603,4248.050704265055,2330.9448324825116,2333.0993060324695,-765.3078575111697,-765.3078575111697,-765.3078575111697,370.8670351122996,370.8670351122996,370.8670351122996,-1136.1748926234693,-1136.1748926234693,-1136.1748926234693,0.0,0.0,0.0,1566.7209881702327
2019-02-24,2332.974596742507,-1433.5332341931392,4131.123377987038,2331.860300603486,2334.072107225347,-949.8995291031397,-949.8995291031397,-949.8995291031397,130.7547662862208,130.7547662862208,130.7547662862208,-1080.6542953893604,-1080.6542953893604,-1080.6542953893604,0.0,0.0,0.0,1383.0750676393673
2019-02-25,2333.9203478036106,-1323.9105614675166,4139.321814307418,2332.7382361970003,2335.0393987722246,-1006.9403320540112,-1006.9403320540112,-1006.9403320540112,7.146619483162218,7.146619483162218,7.146619483162218,-1014.086951537173,-1014.086951537173,-1014.086951537173,0.0,0.0,0.0,1326.9800157495995
2019-02-26,2334.866098864715,-1078.6761416293446,4461.368966263954,2333.6409230676763,2336.016022426529,-590.0098476681595,-590.0098476681595,-590.0098476681595,347.35755078976285,347.35755078976285,347.35755078976285,-937.3673984579225,-937.3673984579225,-937.3673984579225,0.0,0.0,0.0,1744.8562511965551
2019-02-27,2335.811849925819,-1228.082861988642,4210.986766184597,2334.561285213518,2337.0091549667354,-954.4278590443695,-954.4278590443695,-954.4278590443695,-102.8282258093346,-102.8282258093346,-102.8282258093346,-851.5996332350346,-851.5996332350346,-851.5996332350346,0.0,0.0,0.0,1381.3839908814493
2019-02-28,2336.757600986923,-1917.7948979838072,3734.103349760085,2335.4842028050193,2338.0115735604913,-1442.3152832547082,-1442.3152832547082,-1442.3152832547082,-684.2422190991713,-684.2422190991713,-684.2422190991713,-758.073064155537,-758.073064155537,-758.073064155537,0.0,0.0,0.0,894.4423177322149
2019-03-01,2337.703352048027,-1039.1388871202184,4301.368698225501,2336.406738313009,2339.012459937364,-727.28987826238,-727.28987826238,-727.28987826238,-69.0555267609415,-69.0555267609415,-69.0555267609415,-658.2343515014385,-658.2343515014385,-658.2343515014385,0.0,0.0,0.0,1610.4134737856473
2019-03-02,2338.6491031091314,-557.3070290837312,5104.440356603013,2337.3116060251737,2340.011853906345,-182.78879567625154,-182.78879567625154,-182.78879567625154,370.8670351123277,370.8670351123277,370.8670351123277,-553.6558307885794,-553.6558307885794,-553.6558307885794,0.0,0.0,0.0,2155.86030743288
2019-03-03,2339.5948541702355,-750.1344868282264,4732.662735685153,2338.22245472,2340.9920878621724,-315.24652358439204,-315.24652358439204,-315.24652358439204,130.7547662860518,130.7547662860518,130.7547662860518,-446.0012898704439,-446.0012898704439,-446.0012898704439,0.0,0.0,0.0,2024.3483305858435
2019-03-04,2340.5406052313397,-805.3771559127634,4719.760749625832,2339.1307594733953,2341.976262813611,-329.843310417219,-329.843310417219,-329.843310417219,7.146619483459559,7.146619483459559,7.146619483459559,-336.9899299006786,-336.9899299006786,-336.9899299006786,0.0,0.0,0.0,2010.6972948141206
2019-03-05,2341.486356292444,-190.19875602877332,5081.099490908987,2340.0365162859953,2342.9458096091325,118.99817311563157,118.99817311563157,118.99817311563157,347.35755078892635,347.35755078892635,347.35755078892635,-228.35937767329474,-228.35937767329474,-228.35937767329474,0.0,0.0,0.0,2460.4845294080756
2019-03-06,2342.4321073535475,-633.9700613515653,4872.004666681098,2340.9423102750925,2343.9246061800604,-224.65685835909915,-224.65685835909915,-224.65685835909915,-102.82822580984639,-102.82822580984639,-102.82822580984639,-121.82863254925282,-121.82863254925282,-121.82863254925282,0.0,0.0,0.0,2117.7752489944482
2019-03-07,2343.3778584146526,-1086.5193016438016,4456.53021839207,2341.85957273602,2344.900634103357,-703.3040438595199,-703.3040438595199,-703.3040438595199,-684.2422190989923,-684.2422190989923,-684.2422190989923,-19.061824760527443,-19.061824760527443,-19.061824760527443,0.0,0.0,0.0,1640.0738145551327
2019-03-08,2344.3236094757567,-379.32203740724276,5101.715157485767,2342.775773150943,2345.876629963692,9.310839573110593,9.310839573110593,9.310839573110593,-69.05552676029355,-69.05552676029355,-69.05552676029355,78.36636633340413,78.36636633340413,78.36636633340413,0.0,0.0,0.0,2353.6344490488673
2019-03-09,2345.2693605368604,149.1273018106401,5739.136590961548,2343.688493980853,2346.874461611061,539.8698696619743,539.8698696619743,539.8698696619743,370.8670351123247,370.8670351123247,370.8670351123247,169.0028345496497,169.0028345496497,169.0028345496497,0.0,0.0,0.0,2885.139230198835
2019-03-10,2346.2151115979646,78.11878591013291,5630.039231577106,2344.5878446340907,2347.879949718438,382.2997451603109,382.2997451603109,382.2997451603109,130.75476628654383,130.75476628654383,130.75476628654383,251.54497887376706,251.54497887376706,251.54497887376706,0.0,0.0,0.0,2728.5148567582755
2019-03-11,2347.1608626590687,-20.677060228344462,5535.921640945718,2345.4832799788815,2348.8854378258156,332.01241991953293,332.01241991953293,332.01241991953293,7.146619483114546,7.146619483114546,7.146619483114546,324.86580043641834,324.86580043641834,324.86580043641834,0.0,0.0,0.0,2679.1732825786016
2019-03-12,2348.106613720173,533.3798847672138,5692.5832514400645,2346.3819954212604,2349.8909259331926,735.3921720017051,735.3921720017051,735.3921720017051,347.3575507892048,347.3575507892048,347.3575507892048,388.0346212125003,388.0346212125003,388.0346212125003,0.0,0.0,0.0,3083.498785721878
2019-03-13,2349.052364781277,-142.32940275946248,5637.2656178377665,2347.2938978002057,2350.8940367470004,337.50476930860066,337.50476930860066,337.50476930860066,-102.8282258103581,-102.8282258103581,-102.8282258103581,440.3329951189589,440.3329951189589,440.3329951189589,0.0,0.0,0.0,2686.5571340898778
2019-03-14,2349.9981158423807,-642.8829142853183,4972.95622747236,2348.219601595623,2351.889325792207,-202.9767134569918,-202.9767134569918,-202.9767134569918,-684.2422190988133,-684.2422190988133,-684.2422190988133,481.2655056418215,481.2655056418215,481.2655056418215,0.0,0.0,0.0,2147.0214023853887
2019-03-15,2350.9438669034853,159.44525613823436,5452.184010166666,2349.129219524432,2352.881304362732,441.5097470731741,441.5097470731741,441.5097470731741,-69.05552676306696,-69.05552676306696,-69.05552676306696,510.56527383624103,510.56527383624103,510.56527383624103,0.0,0.0,0.0,2792.453613976659
2019-03-16,2351.8896179645894,422.0169899633905,6012.049082799029,2350.033533212699,2353.8734678033056,899.0611682358954,899.0611682358954,899.0611682358954,370.867035112326,370.867035112326,370.867035112326,528.1941331235693,528.1941331235693,528.1941331235693,0.0,0.0,0.0,3250.950786200485
2019-03-17,2352.8353690256936,83.46727495691812,5928.142927868853,2350.938263796448,2354.8744202485623,665.0923256541518,665.0923256541518,665.0923256541518,130.75476628620123,130.75476628620123,130.75476628620123,534.3375593679506,534.3375593679506,534.3375593679506,0.0,0.0,0.0,3017.9276946798454
2019-03-18,2353.7811200867973,365.2382529442281,5700.08769515381,2351.846369407899,2355.8772818659904,536.5411923280059,536.5411923280059,536.5411923280059,7.146619483130389,7.146619483130389,7.146619483130389,529.3945728448755,529.3945728448755,529.3945728448755,0.0,0.0,0.0,2890.322312414803
2019-03-19,2354.726871147902,719.1195245377772,6241.269329072185,2352.7465221446855,2356.8618079347593,861.3205004848857,861.3205004848857,861.3205004848857,347.35755078914946,347.35755078914946,347.35755078914946,513.9629496957363,513.9629496957363,513.9629496957363,0.0,0.0,0.0,3216.0473716327874
2019-03-20,2355.672622209006,-44.062119913567884,5358.336121878844,2353.6429876482944,2357.8462528358186,385.9919654433128,385.9919654433128,385.9919654433128,-102.82822581118981,-102.82822581118981,-102.82822581118981,488.8201912545026,488.8201912545026,488.8201912545026,0.0,0.0,0.0,2741.664587652319
2019-03-21,2356.61837327011,-372.0815159773586,4829.648774983901,2354.531113842655,2358.8484420326217,-229.3414215707296,-229.3414215707296,-229.3414215707296,-684.2422190988536,-684.2422190988536,-684.2422190988536,454.90079752812403,454.90079752812403,454.90079752812403,0.0,0.0,0.0,2127.2769516993803
2019-03-22,2357.564124331214,8.609656450717988,5485.618941297986,2355.427936637536,2359.8477820224566,344.21494696440186,344.21494696440186,344.21494696440186,-69.05552676241899,-69.05552676241899,-69.05552676241899,413.27047372682085,413.27047372682085,413.27047372682085,0.0,0.0,0.0,2701.7790712956157
2019-03-23,2358.509875392318,332.7524081315304,5772.260452521976,2356.335364143558,2360.8471220122915,735.9649992643185,735.9649992643185,735.9649992643185,370.86703511232304,370.86703511232304,370.86703511232304,365.0979641519955,365.0979641519955,365.0979641519955,0.0,0.0,0.0,3094.4748746566365
2019-03-24,2359.4556264534226,180.4301212843019,5487.115292973382,2357.2353505484425,2361.846462002127,442.3800207687429,442.3800207687429,442.3800207687429,130.75476628585866,130.75476628585866,130.75476628585866,311.62525448288415,311.62525448288415,311.62525448288415,0.0,0.0,0.0,2801.8356472221653
2019-03-25,2360.4013775145268,-257.97851075756,5339.370044692521,2358.132469744485,2362.845801991962,261.28353008012334,261.28353008012334,261.28353008012334,7.146619483146231,7.146619483146231,7.146619483146231,254.13691059697712,254.13691059697712,254.13691059697712,0.0,0.0,0.0,2621.68490759465
2019-03-26,2361.347128575631,226.22227353218702,5618.54118424569,2359.0270022798163,2363.8759813205907,541.2868798652206,541.2868798652206,541.2868798652206,347.3575507893711,347.3575507893711,347.3575507893711,193.92932907584958,193.92932907584958,193.92932907584958,0.0,0.0,0.0,2902.6340084408516
2019-03-27,2362.292879636735,-333.9951849365226,5205.768183719767,2359.9249066010784,2364.8785220407967,29.452435783504455,29.452435783504455,29.452435783504455,-102.8282258097718,-102.8282258097718,-102.8282258097718,132.28066159327628,132.28066159327628,132.28066159327628,0.0,0.0,0.0,2391.7453154202394
2019-03-28,2363.238630697839,-930.2627189673899,4418.404131898395,2360.8243640620744,2365.879932519526,-613.8200760440915,-613.8200760440915,-613.8200760440915,-684.2422190989173,-684.2422190989173,-684.2422190989173,70.42214305482597,70.42214305482597,70.42214305482597,0.0,0.0,0.0,1749.4185546537478
2019-03-29,2364.1843817589433,-655.0438194624649,4993.647529099289,2361.707461431816,2366.877015273945,-59.54402395826908,-59.54402395826908,-59.54402395826908,-69.055526761771,-69.055526761771,-69.055526761771,9.511502803501916,9.511502803501916,9.511502803501916,0.0,0.0,0.0,2304.6403578006743
2019-03-30,2365.130132820047,20.827765746115983,5351.515194478137,2362.6155295433946,2367.874927182184,321.47610609931183,321.47610609931183,321.47610609931183,370.86703511235106,370.86703511235106,370.86703511235106,-49.39092901303928,-49.39092901303928,-49.39092901303928,0.0,0.0,0.0,2686.606238919359
